经度,纬度,降水量,时间步长,月份
112.952246,24.688057,79.0,0,201401
112.965083,24.688057,77.25,0,201401
112.97792,24.688057,74.5,0,201401
112.862387,24.696527,78.75,0,201401
112.888061,24.696527,83.0,0,201401
112.939409,24.696527,79.5,0,201401
112.952246,24.696527,79.25,0,201401
112.965083,24.696527,76.5,0,201401
112.97792,24.696527,74.5,0,201401
112.990757,24.696527,71.5,0,201401
113.003594,24.696527,70.5,0,201401
113.016431,24.696527,70.25,0,201401
112.84955,24.704997,76.75,0,201401
112.862387,24.704997,78.0,0,201401
112.875224,24.704997,80.75,0,201401
112.888061,24.704997,82.0,0,201401
112.900898,24.704997,85.0,0,201401
112.913735,24.704997,81.5,0,201401
112.926572,24.704997,80.0,0,201401
112.939409,24.704997,79.0,0,201401
112.952246,24.704997,78.0,0,201401
112.965083,24.704997,74.0,0,201401
112.97792,24.704997,73.0,0,201401
112.990757,24.704997,71.0,0,201401
113.003594,24.704997,70.5,0,201401
113.016431,24.704997,70.25,0,201401
112.84955,24.713467,76.75,0,201401
112.862387,24.713467,77.75,0,201401
112.875224,24.713467,79.75,0,201401
112.888061,24.713467,82.0,0,201401
112.900898,24.713467,82.5,0,201401
112.913735,24.713467,78.75,0,201401
112.926572,24.713467,78.5,0,201401
112.939409,24.713467,77.75,0,201401
112.952246,24.713467,76.0,0,201401
112.965083,24.713467,72.75,0,201401
112.97792,24.713467,72.0,0,201401
112.990757,24.713467,71.25,0,201401
113.003594,24.713467,70.0,0,201401
112.84955,24.721937,76.25,0,201401
112.862387,24.721937,77.25,0,201401
112.875224,24.721937,78.0,0,201401
112.888061,24.721937,79.25,0,201401
112.900898,24.721937,79.25,0,201401
112.913735,24.721937,77.0,0,201401
112.926572,24.721937,78.0,0,201401
112.939409,24.721937,77.5,0,201401
112.952246,24.721937,75.0,0,201401
112.965083,24.721937,72.5,0,201401
112.97792,24.721937,71.75,0,201401
112.990757,24.721937,70.75,0,201401
113.003594,24.721937,69.5,0,201401
112.862387,24.730407,76.25,0,201401
112.875224,24.730407,76.75,0,201401
112.888061,24.730407,76.75,0,201401
112.900898,24.730407,76.75,0,201401
112.913735,24.730407,74.5,0,201401
112.926572,24.730407,76.5,0,201401
112.939409,24.730407,75.25,0,201401
112.952246,24.730407,73.5,0,201401
112.965083,24.730407,70.5,0,201401
112.97792,24.730407,70.25,0,201401
112.990757,24.730407,68.75,0,201401
113.003594,24.730407,67.75,0,201401
112.84955,24.738877,70.5,0,201401
112.862387,24.738877,73.0,0,201401
112.875224,24.738877,73.25,0,201401
112.888061,24.738877,72.75,0,201401
112.900898,24.738877,72.5,0,201401
112.913735,24.738877,72.5,0,201401
112.926572,24.738877,74.0,0,201401
112.939409,24.738877,74.75,0,201401
112.952246,24.738877,72.75,0,201401
112.965083,24.738877,70.0,0,201401
112.97792,24.738877,68.0,0,201401
112.990757,24.738877,66.75,0,201401
113.003594,24.738877,66.25,0,201401
112.84955,24.747347,68.0,0,201401
112.862387,24.747347,69.5,0,201401
112.875224,24.747347,69.25,0,201401
112.888061,24.747347,69.5,0,201401
112.900898,24.747347,70.25,0,201401
112.913735,24.747347,71.5,0,201401
112.926572,24.747347,72.25,0,201401
112.939409,24.747347,72.75,0,201401
112.952246,24.747347,71.75,0,201401
112.965083,24.747347,69.0,0,201401
112.97792,24.747347,67.0,0,201401
112.84955,24.755817,65.75,0,201401
112.862387,24.755817,66.25,0,201401
112.875224,24.755817,66.75,0,201401
112.888061,24.755817,68.25,0,201401
112.900898,24.755817,70.25,0,201401
112.913735,24.755817,72.0,0,201401
112.926572,24.755817,73.0,0,201401
112.939409,24.755817,73.5,0,201401
112.952246,24.755817,71.0,0,201401
112.965083,24.755817,70.0,0,201401
112.97792,24.755817,67.5,0,201401
112.84955,24.764287,65.5,0,201401
112.862387,24.764287,65.75,0,201401
112.875224,24.764287,66.75,0,201401
112.888061,24.764287,68.0,0,201401
112.900898,24.764287,69.75,0,201401
112.913735,24.764287,71.5,0,201401
112.926572,24.764287,73.25,0,201401
112.939409,24.764287,74.75,0,201401
112.952246,24.764287,74.0,0,201401
112.965083,24.764287,72.5,0,201401
112.97792,24.764287,69.0,0,201401
112.836713,24.772757,66.75,0,201401
112.84955,24.772757,66.75,0,201401
112.862387,24.772757,67.75,0,201401
112.875224,24.772757,69.0,0,201401
112.888061,24.772757,68.75,0,201401
112.900898,24.772757,69.75,0,201401
112.913735,24.772757,71.5,0,201401
112.926572,24.772757,73.25,0,201401
112.939409,24.772757,75.25,0,201401
112.952246,24.772757,76.0,0,201401
112.965083,24.772757,72.75,0,201401
112.97792,24.772757,70.0,0,201401
112.836713,24.781227,67.5,0,201401
112.84955,24.781227,67.0,0,201401
112.862387,24.781227,69.0,0,201401
112.875224,24.781227,72.5,0,201401
112.888061,24.781227,72.0,0,201401
112.900898,24.781227,71.75,0,201401
112.913735,24.781227,72.75,0,201401
112.926572,24.781227,74.0,0,201401
112.939409,24.781227,75.25,0,201401
112.952246,24.781227,77.0,0,201401
112.965083,24.781227,74.25,0,201401
112.97792,24.781227,70.5,0,201401
112.84955,24.789697,68.75,0,201401
112.862387,24.789697,70.25,0,201401
112.875224,24.789697,73.0,0,201401
112.888061,24.789697,73.25,0,201401
112.900898,24.789697,73.25,0,201401
112.913735,24.789697,74.75,0,201401
112.926572,24.789697,77.0,0,201401
112.939409,24.789697,77.25,0,201401
112.952246,24.789697,77.25,0,201401
112.965083,24.789697,76.0,0,201401
112.97792,24.789697,72.0,0,201401
112.84955,24.798167,69.5,0,201401
112.862387,24.798167,70.25,0,201401
112.875224,24.798167,70.25,0,201401
112.888061,24.798167,71.0,0,201401
112.900898,24.798167,73.75,0,201401
112.913735,24.798167,75.25,0,201401
112.926572,24.798167,76.75,0,201401
112.939409,24.798167,77.5,0,201401
112.952246,24.798167,79.75,0,201401
112.965083,24.798167,77.5,0,201401
112.97792,24.798167,75.75,0,201401
112.875224,24.806637,68.0,0,201401
112.888061,24.806637,69.0,0,201401
112.900898,24.806637,72.25,0,201401
112.913735,24.806637,74.75,0,201401
112.926572,24.806637,76.75,0,201401
112.939409,24.806637,77.75,0,201401
112.952246,24.806637,80.75,0,201401
112.965083,24.806637,79.25,0,201401
112.97792,24.806637,76.5,0,201401
112.875224,24.815107,67.75,0,201401
112.888061,24.815107,69.0,0,201401
112.900898,24.815107,73.0,0,201401
112.913735,24.815107,76.5,0,201401
112.926572,24.815107,77.75,0,201401
112.939409,24.815107,79.0,0,201401
112.952246,24.815107,82.0,0,201401
112.965083,24.815107,78.25,0,201401
112.875224,24.823577,69.25,0,201401
112.888061,24.823577,70.25,0,201401
112.900898,24.823577,74.5,0,201401
112.913735,24.823577,77.5,0,201401
112.926572,24.823577,79.5,0,201401
112.939409,24.823577,81.5,0,201401
112.952246,24.823577,82.0,0,201401
112.965083,24.823577,78.5,0,201401
112.888061,24.832047,70.75,0,201401
112.900898,24.832047,75.25,0,201401
112.913735,24.832047,77.25,0,201401
112.888061,24.840517,70.5,0,201401
112.888061,24.848987,70.5,0,201401
112.952246,24.688057,717.5,1,201402
112.965083,24.688057,711.0,1,201402
112.97792,24.688057,705.25,1,201402
112.862387,24.696527,694.0,1,201402
112.888061,24.696527,729.25,1,201402
112.939409,24.696527,723.0,1,201402
112.952246,24.696527,720.0,1,201402
112.965083,24.696527,711.75,1,201402
112.97792,24.696527,705.25,1,201402
112.990757,24.696527,702.25,1,201402
113.003594,24.696527,702.25,1,201402
113.016431,24.696527,702.5,1,201402
112.84955,24.704997,684.0,1,201402
112.862387,24.704997,691.75,1,201402
112.875224,24.704997,709.5,1,201402
112.888061,24.704997,723.75,1,201402
112.900898,24.704997,739.75,1,201402
112.913735,24.704997,733.75,1,201402
112.926572,24.704997,726.0,1,201402
112.939409,24.704997,723.75,1,201402
112.952246,24.704997,719.0,1,201402
112.965083,24.704997,709.75,1,201402
112.97792,24.704997,707.0,1,201402
112.990757,24.704997,703.5,1,201402
113.003594,24.704997,702.25,1,201402
113.016431,24.704997,702.5,1,201402
112.84955,24.713467,688.5,1,201402
112.862387,24.713467,700.75,1,201402
112.875224,24.713467,721.0,1,201402
112.888061,24.713467,729.25,1,201402
112.900898,24.713467,736.25,1,201402
112.913735,24.713467,730.0,1,201402
112.926572,24.713467,724.0,1,201402
112.939409,24.713467,721.75,1,201402
112.952246,24.713467,715.5,1,201402
112.965083,24.713467,706.75,1,201402
112.97792,24.713467,703.75,1,201402
112.990757,24.713467,700.0,1,201402
113.003594,24.713467,698.75,1,201402
112.84955,24.721937,695.25,1,201402
112.862387,24.721937,706.25,1,201402
112.875224,24.721937,722.75,1,201402
112.888061,24.721937,728.0,1,201402
112.900898,24.721937,730.75,1,201402
112.913735,24.721937,724.5,1,201402
112.926572,24.721937,725.5,1,201402
112.939409,24.721937,725.25,1,201402
112.952246,24.721937,715.75,1,201402
112.965083,24.721937,706.75,1,201402
112.97792,24.721937,700.25,1,201402
112.990757,24.721937,701.5,1,201402
113.003594,24.721937,696.75,1,201402
112.862387,24.730407,702.5,1,201402
112.875224,24.730407,715.5,1,201402
112.888061,24.730407,715.75,1,201402
112.900898,24.730407,720.0,1,201402
112.913735,24.730407,714.0,1,201402
112.926572,24.730407,723.75,1,201402
112.939409,24.730407,718.5,1,201402
112.952246,24.730407,714.0,1,201402
112.965083,24.730407,704.75,1,201402
112.97792,24.730407,700.0,1,201402
112.990757,24.730407,696.25,1,201402
113.003594,24.730407,695.25,1,201402
112.84955,24.738877,677.0,1,201402
112.862387,24.738877,687.75,1,201402
112.875224,24.738877,699.75,1,201402
112.888061,24.738877,700.0,1,201402
112.900898,24.738877,698.5,1,201402
112.913735,24.738877,702.0,1,201402
112.926572,24.738877,717.0,1,201402
112.939409,24.738877,716.75,1,201402
112.952246,24.738877,712.0,1,201402
112.965083,24.738877,704.5,1,201402
112.97792,24.738877,696.5,1,201402
112.990757,24.738877,691.25,1,201402
113.003594,24.738877,692.0,1,201402
112.84955,24.747347,660.75,1,201402
112.862387,24.747347,667.5,1,201402
112.875224,24.747347,676.25,1,201402
112.888061,24.747347,685.25,1,201402
112.900898,24.747347,692.0,1,201402
112.913735,24.747347,700.75,1,201402
112.926572,24.747347,713.5,1,201402
112.939409,24.747347,716.5,1,201402
112.952246,24.747347,713.5,1,201402
112.965083,24.747347,702.75,1,201402
112.97792,24.747347,693.25,1,201402
112.84955,24.755817,638.5,1,201402
112.862387,24.755817,643.75,1,201402
112.875224,24.755817,659.25,1,201402
112.888061,24.755817,678.5,1,201402
112.900898,24.755817,692.0,1,201402
112.913735,24.755817,704.25,1,201402
112.926572,24.755817,714.75,1,201402
112.939409,24.755817,720.0,1,201402
112.952246,24.755817,714.75,1,201402
112.965083,24.755817,708.0,1,201402
112.97792,24.755817,696.0,1,201402
112.84955,24.764287,626.0,1,201402
112.862387,24.764287,638.0,1,201402
112.875224,24.764287,656.75,1,201402
112.888061,24.764287,670.75,1,201402
112.900898,24.764287,688.0,1,201402
112.913735,24.764287,700.25,1,201402
112.926572,24.764287,710.75,1,201402
112.939409,24.764287,719.5,1,201402
112.952246,24.764287,719.25,1,201402
112.965083,24.764287,712.5,1,201402
112.97792,24.764287,703.5,1,201402
112.836713,24.772757,620.25,1,201402
112.84955,24.772757,636.0,1,201402
112.862387,24.772757,655.0,1,201402
112.875224,24.772757,668.25,1,201402
112.888061,24.772757,671.75,1,201402
112.900898,24.772757,682.25,1,201402
112.913735,24.772757,694.5,1,201402
112.926572,24.772757,705.0,1,201402
112.939409,24.772757,715.5,1,201402
112.952246,24.772757,718.5,1,201402
112.965083,24.772757,711.75,1,201402
112.97792,24.772757,706.25,1,201402
112.836713,24.781227,623.25,1,201402
112.84955,24.781227,645.75,1,201402
112.862387,24.781227,670.0,1,201402
112.875224,24.781227,687.0,1,201402
112.888061,24.781227,685.25,1,201402
112.900898,24.781227,690.5,1,201402
112.913735,24.781227,699.0,1,201402
112.926572,24.781227,707.75,1,201402
112.939409,24.781227,716.5,1,201402
112.952246,24.781227,721.75,1,201402
112.965083,24.781227,716.25,1,201402
112.97792,24.781227,704.25,1,201402
112.84955,24.789697,654.0,1,201402
112.862387,24.789697,673.0,1,201402
112.875224,24.789697,683.25,1,201402
112.888061,24.789697,690.25,1,201402
112.900898,24.789697,695.5,1,201402
112.913735,24.789697,705.75,1,201402
112.926572,24.789697,716.0,1,201402
112.939409,24.789697,724.5,1,201402
112.952246,24.789697,724.5,1,201402
112.965083,24.789697,719.5,1,201402
112.97792,24.789697,708.75,1,201402
112.84955,24.798167,659.75,1,201402
112.862387,24.798167,670.0,1,201402
112.875224,24.798167,660.25,1,201402
112.888061,24.798167,675.75,1,201402
112.900898,24.798167,693.25,1,201402
112.913735,24.798167,701.75,1,201402
112.926572,24.798167,713.75,1,201402
112.939409,24.798167,725.75,1,201402
112.952246,24.798167,729.5,1,201402
112.965083,24.798167,724.0,1,201402
112.97792,24.798167,717.25,1,201402
112.875224,24.806637,639.0,1,201402
112.888061,24.806637,658.0,1,201402
112.900898,24.806637,682.0,1,201402
112.913735,24.806637,696.0,1,201402
112.926572,24.806637,710.0,1,201402
112.939409,24.806637,722.0,1,201402
112.952246,24.806637,729.0,1,201402
112.965083,24.806637,726.75,1,201402
112.97792,24.806637,717.75,1,201402
112.875224,24.815107,634.75,1,201402
112.888061,24.815107,655.75,1,201402
112.900898,24.815107,683.25,1,201402
112.913735,24.815107,698.75,1,201402
112.926572,24.815107,714.5,1,201402
112.939409,24.815107,725.0,1,201402
112.952246,24.815107,730.5,1,201402
112.965083,24.815107,720.75,1,201402
112.875224,24.823577,646.5,1,201402
112.888061,24.823577,658.75,1,201402
112.900898,24.823577,686.5,1,201402
112.913735,24.823577,700.25,1,201402
112.926572,24.823577,718.5,1,201402
112.939409,24.823577,725.75,1,201402
112.952246,24.823577,730.5,1,201402
112.965083,24.823577,723.0,1,201402
112.888061,24.832047,656.25,1,201402
112.900898,24.832047,690.75,1,201402
112.913735,24.832047,697.5,1,201402
112.888061,24.840517,649.75,1,201402
112.888061,24.848987,649.75,1,201402
112.952246,24.688057,2561.5,2,201403
112.965083,24.688057,2545.5,2,201403
112.97792,24.688057,2527.0,2,201403
112.862387,24.696527,2537.75,2,201403
112.888061,24.696527,2625.25,2,201403
112.939409,24.696527,2594.75,2,201403
112.952246,24.696527,2578.0,2,201403
112.965083,24.696527,2543.25,2,201403
112.97792,24.696527,2527.0,2,201403
112.990757,24.696527,2528.25,2,201403
113.003594,24.696527,2527.25,2,201403
113.016431,24.696527,2521.5,2,201403
112.84955,24.704997,2534.0,2,201403
112.862387,24.704997,2539.5,2,201403
112.875224,24.704997,2578.0,2,201403
112.888061,24.704997,2613.25,2,201403
112.900898,24.704997,2665.5,2,201403
112.913735,24.704997,2643.5,2,201403
112.926572,24.704997,2620.5,2,201403
112.939409,24.704997,2606.25,2,201403
112.952246,24.704997,2580.25,2,201403
112.965083,24.704997,2556.75,2,201403
112.97792,24.704997,2540.25,2,201403
112.990757,24.704997,2539.5,2,201403
113.003594,24.704997,2527.25,2,201403
113.016431,24.704997,2521.5,2,201403
112.84955,24.713467,2545.5,2,201403
112.862387,24.713467,2571.75,2,201403
112.875224,24.713467,2636.0,2,201403
112.888061,24.713467,2650.0,2,201403
112.900898,24.713467,2666.0,2,201403
112.913735,24.713467,2648.25,2,201403
112.926572,24.713467,2630.0,2,201403
112.939409,24.713467,2611.0,2,201403
112.952246,24.713467,2585.0,2,201403
112.965083,24.713467,2556.75,2,201403
112.97792,24.713467,2553.75,2,201403
112.990757,24.713467,2548.5,2,201403
113.003594,24.713467,2540.75,2,201403
112.84955,24.721937,2565.0,2,201403
112.862387,24.721937,2590.5,2,201403
112.875224,24.721937,2650.25,2,201403
112.888061,24.721937,2671.25,2,201403
112.900898,24.721937,2671.0,2,201403
112.913735,24.721937,2653.0,2,201403
112.926572,24.721937,2644.0,2,201403
112.939409,24.721937,2629.25,2,201403
112.952246,24.721937,2594.25,2,201403
112.965083,24.721937,2575.0,2,201403
112.97792,24.721937,2558.25,2,201403
112.990757,24.721937,2557.5,2,201403
113.003594,24.721937,2549.75,2,201403
112.862387,24.730407,2590.75,2,201403
112.875224,24.730407,2650.5,2,201403
112.888061,24.730407,2657.75,2,201403
112.900898,24.730407,2657.5,2,201403
112.913735,24.730407,2639.5,2,201403
112.926572,24.730407,2648.75,2,201403
112.939409,24.730407,2624.75,2,201403
112.952246,24.730407,2603.25,2,201403
112.965083,24.730407,2579.5,2,201403
112.97792,24.730407,2562.75,2,201403
112.990757,24.730407,2557.25,2,201403
113.003594,24.730407,2545.0,2,201403
112.84955,24.738877,2567.75,2,201403
112.862387,24.738877,2583.75,2,201403
112.875224,24.738877,2623.0,2,201403
112.888061,24.738877,2625.75,2,201403
112.900898,24.738877,2614.25,2,201403
112.913735,24.738877,2626.0,2,201403
112.926572,24.738877,2639.75,2,201403
112.939409,24.738877,2643.25,2,201403
112.952246,24.738877,2617.0,2,201403
112.965083,24.738877,2588.5,2,201403
112.97792,24.738877,2558.0,2,201403
112.990757,24.738877,2552.5,2,201403
113.003594,24.738877,2545.5,2,201403
112.84955,24.747347,2560.5,2,201403
112.862387,24.747347,2572.75,2,201403
112.875224,24.747347,2575.0,2,201403
112.888061,24.747347,2587.0,2,201403
112.900898,24.747347,2598.75,2,201403
112.913735,24.747347,2624.25,2,201403
112.926572,24.747347,2640.0,2,201403
112.939409,24.747347,2657.0,2,201403
112.952246,24.747347,2626.0,2,201403
112.965083,24.747347,2588.5,2,201403
112.97792,24.747347,2562.25,2,201403
112.84955,24.755817,2545.25,2,201403
112.862387,24.755817,2547.75,2,201403
112.875224,24.755817,2541.0,2,201403
112.888061,24.755817,2562.0,2,201403
112.900898,24.755817,2601.5,2,201403
112.913735,24.755817,2631.5,2,201403
112.926572,24.755817,2652.5,2,201403
112.939409,24.755817,2664.25,2,201403
112.952246,24.755817,2627.0,2,201403
112.965083,24.755817,2601.25,2,201403
112.97792,24.755817,2572.25,2,201403
112.84955,24.764287,2540.0,2,201403
112.862387,24.764287,2542.5,2,201403
112.875224,24.764287,2531.5,2,201403
112.888061,24.764287,2543.25,2,201403
112.900898,24.764287,2578.25,2,201403
112.913735,24.764287,2608.25,2,201403
112.926572,24.764287,2647.5,2,201403
112.939409,24.764287,2668.75,2,201403
112.952246,24.764287,2650.5,2,201403
112.965083,24.764287,2619.5,2,201403
112.97792,24.764287,2582.25,2,201403
112.836713,24.772757,2534.75,2,201403
112.84955,24.772757,2524.5,2,201403
112.862387,24.772757,2536.5,2,201403
112.875224,24.772757,2548.75,2,201403
112.888061,24.772757,2542.25,2,201403
112.900898,24.772757,2559.0,2,201403
112.913735,24.772757,2589.0,2,201403
112.926572,24.772757,2619.0,2,201403
112.939409,24.772757,2644.75,2,201403
112.952246,24.772757,2654.25,2,201403
112.965083,24.772757,2614.5,2,201403
112.97792,24.772757,2582.0,2,201403
112.836713,24.781227,2529.0,2,201403
112.84955,24.781227,2513.75,2,201403
112.862387,24.781227,2535.25,2,201403
112.875224,24.781227,2575.0,2,201403
112.888061,24.781227,2578.0,2,201403
112.900898,24.781227,2576.0,2,201403
112.913735,24.781227,2597.0,2,201403
112.926572,24.781227,2618.25,2,201403
112.939409,24.781227,2639.5,2,201403
112.952246,24.781227,2655.75,2,201403
112.965083,24.781227,2623.0,2,201403
112.97792,24.781227,2569.5,2,201403
112.84955,24.789697,2517.25,2,201403
112.862387,24.789697,2534.25,2,201403
112.875224,24.789697,2564.5,2,201403
112.888061,24.789697,2576.75,2,201403
112.900898,24.789697,2579.25,2,201403
112.913735,24.789697,2609.5,2,201403
112.926572,24.789697,2635.5,2,201403
112.939409,24.789697,2647.5,2,201403
112.952246,24.789697,2654.75,2,201403
112.965083,24.789697,2624.25,2,201403
112.97792,24.789697,2578.0,2,201403
112.84955,24.798167,2518.75,2,201403
112.862387,24.798167,2527.0,2,201403
112.875224,24.798167,2526.75,2,201403
112.888061,24.798167,2543.5,2,201403
112.900898,24.798167,2569.0,2,201403
112.913735,24.798167,2599.5,2,201403
112.926572,24.798167,2625.25,2,201403
112.939409,24.798167,2646.5,2,201403
112.952246,24.798167,2660.0,2,201403
112.965083,24.798167,2641.75,2,201403
112.97792,24.798167,2611.75,2,201403
112.875224,24.806637,2498.0,2,201403
112.888061,24.806637,2505.75,2,201403
112.900898,24.806637,2536.25,2,201403
112.913735,24.806637,2580.5,2,201403
112.926572,24.806637,2606.0,2,201403
112.939409,24.806637,2622.75,2,201403
112.952246,24.806637,2650.0,2,201403
112.965083,24.806637,2636.5,2,201403
112.97792,24.806637,2609.0,2,201403
112.875224,24.815107,2488.75,2,201403
112.888061,24.815107,2491.0,2,201403
112.900898,24.815107,2526.0,2,201403
112.913735,24.815107,2574.75,2,201403
112.926572,24.815107,2609.5,2,201403
112.939409,24.815107,2631.0,2,201403
112.952246,24.815107,2644.5,2,201403
112.965083,24.815107,2612.75,2,201403
112.875224,24.823577,2476.75,2,201403
112.888061,24.823577,2485.25,2,201403
112.900898,24.823577,2534.25,2,201403
112.913735,24.823577,2573.75,2,201403
112.926572,24.823577,2620.0,2,201403
112.939409,24.823577,2635.5,2,201403
112.952246,24.823577,2644.5,2,201403
112.965083,24.823577,2611.5,2,201403
112.888061,24.832047,2470.75,2,201403
112.900898,24.832047,2535.75,2,201403
112.913735,24.832047,2557.5,2,201403
112.888061,24.840517,2463.5,2,201403
112.888061,24.848987,2463.5,2,201403
112.952246,24.688057,1746.5,3,201404
112.965083,24.688057,1735.5,3,201404
112.97792,24.688057,1723.0,3,201404
112.862387,24.696527,1735.25,3,201404
112.888061,24.696527,1793.5,3,201404
112.939409,24.696527,1766.5,3,201404
112.952246,24.696527,1753.25,3,201404
112.965083,24.696527,1734.0,3,201404
112.97792,24.696527,1723.0,3,201404
112.990757,24.696527,1720.0,3,201404
113.003594,24.696527,1719.0,3,201404
113.016431,24.696527,1718.0,3,201404
112.84955,24.704997,1733.25,3,201404
112.862387,24.704997,1736.0,3,201404
112.875224,24.704997,1755.75,3,201404
112.888061,24.704997,1784.25,3,201404
112.900898,24.704997,1822.0,3,201404
112.913735,24.704997,1807.25,3,201404
112.926572,24.704997,1783.75,3,201404
112.939409,24.704997,1770.75,3,201404
112.952246,24.704997,1753.75,3,201404
112.965083,24.704997,1738.75,3,201404
112.97792,24.704997,1725.5,3,201404
112.990757,24.704997,1720.25,3,201404
113.003594,24.704997,1719.0,3,201404
113.016431,24.704997,1718.0,3,201404
112.84955,24.713467,1737.5,3,201404
112.862387,24.713467,1748.5,3,201404
112.875224,24.713467,1790.5,3,201404
112.888061,24.713467,1806.5,3,201404
112.900898,24.713467,1820.75,3,201404
112.913735,24.713467,1804.25,3,201404
112.926572,24.713467,1786.5,3,201404
112.939409,24.713467,1771.75,3,201404
112.952246,24.713467,1754.25,3,201404
112.965083,24.713467,1739.5,3,201404
112.97792,24.713467,1728.0,3,201404
112.990757,24.713467,1726.75,3,201404
113.003594,24.713467,1721.75,3,201404
112.84955,24.721937,1746.0,3,201404
112.862387,24.721937,1761.0,3,201404
112.875224,24.721937,1801.0,3,201404
112.888061,24.721937,1819.25,3,201404
112.900898,24.721937,1817.25,3,201404
112.913735,24.721937,1801.0,3,201404
112.926572,24.721937,1793.25,3,201404
112.939409,24.721937,1784.25,3,201404
112.952246,24.721937,1761.0,3,201404
112.965083,24.721937,1748.25,3,201404
112.97792,24.721937,1731.0,3,201404
112.990757,24.721937,1729.75,3,201404
113.003594,24.721937,1724.5,3,201404
112.862387,24.730407,1758.0,3,201404
112.875224,24.730407,1791.75,3,201404
112.888061,24.730407,1800.5,3,201404
112.900898,24.730407,1804.5,3,201404
112.913735,24.730407,1786.25,3,201404
112.926572,24.730407,1796.0,3,201404
112.939409,24.730407,1781.0,3,201404
112.952246,24.730407,1764.0,3,201404
112.965083,24.730407,1743.0,3,201404
112.97792,24.730407,1734.0,3,201404
112.990757,24.730407,1726.75,3,201404
113.003594,24.730407,1721.5,3,201404
112.84955,24.738877,1734.0,3,201404
112.862387,24.738877,1747.0,3,201404
112.875224,24.738877,1771.0,3,201404
112.888061,24.738877,1773.75,3,201404
112.900898,24.738877,1766.75,3,201404
112.913735,24.738877,1771.25,3,201404
112.926572,24.738877,1789.0,3,201404
112.939409,24.738877,1785.75,3,201404
112.952246,24.738877,1766.75,3,201404
112.965083,24.738877,1746.0,3,201404
112.97792,24.738877,1729.0,3,201404
112.990757,24.738877,1721.75,3,201404
113.003594,24.738877,1718.75,3,201404
112.84955,24.747347,1729.25,3,201404
112.862387,24.747347,1734.0,3,201404
112.875224,24.747347,1740.75,3,201404
112.888061,24.747347,1749.5,3,201404
112.900898,24.747347,1752.0,3,201404
112.913735,24.747347,1770.25,3,201404
112.926572,24.747347,1784.0,3,201404
112.939409,24.747347,1789.5,3,201404
112.952246,24.747347,1771.5,3,201404
112.965083,24.747347,1746.75,3,201404
112.97792,24.747347,1727.75,3,201404
112.84955,24.755817,1723.5,3,201404
112.862387,24.755817,1720.25,3,201404
112.875224,24.755817,1725.0,3,201404
112.888061,24.755817,1739.5,3,201404
112.900898,24.755817,1754.0,3,201404
112.913735,24.755817,1778.0,3,201404
112.926572,24.755817,1796.25,3,201404
112.939409,24.755817,1801.0,3,201404
112.952246,24.755817,1772.75,3,201404
112.965083,24.755817,1752.25,3,201404
112.97792,24.755817,1730.75,3,201404
112.84955,24.764287,1724.0,3,201404
112.862387,24.764287,1718.5,3,201404
112.875224,24.764287,1721.5,3,201404
112.888061,24.764287,1730.0,3,201404
112.900898,24.764287,1746.25,3,201404
112.913735,24.764287,1768.25,3,201404
112.926572,24.764287,1792.75,3,201404
112.939409,24.764287,1807.25,3,201404
112.952246,24.764287,1790.5,3,201404
112.965083,24.764287,1774.25,3,201404
112.97792,24.764287,1740.5,3,201404
112.836713,24.772757,1729.25,3,201404
112.84955,24.772757,1724.5,3,201404
112.862387,24.772757,1725.0,3,201404
112.875224,24.772757,1735.75,3,201404
112.888061,24.772757,1730.25,3,201404
112.900898,24.772757,1738.75,3,201404
112.913735,24.772757,1759.0,3,201404
112.926572,24.772757,1779.5,3,201404
112.939409,24.772757,1799.75,3,201404
112.952246,24.772757,1798.75,3,201404
112.965083,24.772757,1770.5,3,201404
112.97792,24.772757,1748.5,3,201404
112.836713,24.781227,1730.0,3,201404
112.84955,24.781227,1723.0,3,201404
112.862387,24.781227,1731.5,3,201404
112.875224,24.781227,1756.0,3,201404
112.888061,24.781227,1754.25,3,201404
112.900898,24.781227,1754.75,3,201404
112.913735,24.781227,1769.25,3,201404
112.926572,24.781227,1783.75,3,201404
112.939409,24.781227,1800.0,3,201404
112.952246,24.781227,1808.5,3,201404
112.965083,24.781227,1780.5,3,201404
112.97792,24.781227,1745.75,3,201404
112.84955,24.789697,1729.75,3,201404
112.862387,24.789697,1738.0,3,201404
112.875224,24.789697,1754.5,3,201404
112.888061,24.789697,1760.75,3,201404
112.900898,24.789697,1765.0,3,201404
112.913735,24.789697,1785.5,3,201404
112.926572,24.789697,1804.0,3,201404
112.939409,24.789697,1814.25,3,201404
112.952246,24.789697,1812.75,3,201404
112.965083,24.789697,1791.5,3,201404
112.97792,24.789697,1753.75,3,201404
112.84955,24.798167,1730.75,3,201404
112.862387,24.798167,1735.5,3,201404
112.875224,24.798167,1735.0,3,201404
112.888061,24.798167,1745.25,3,201404
112.900898,24.798167,1761.75,3,201404
112.913735,24.798167,1780.0,3,201404
112.926572,24.798167,1800.25,3,201404
112.939409,24.798167,1814.5,3,201404
112.952246,24.798167,1823.5,3,201404
112.965083,24.798167,1807.5,3,201404
112.97792,24.798167,1784.5,3,201404
112.875224,24.806637,1717.25,3,201404
112.888061,24.806637,1724.0,3,201404
112.900898,24.806637,1744.25,3,201404
112.913735,24.806637,1772.25,3,201404
112.926572,24.806637,1790.75,3,201404
112.939409,24.806637,1807.0,3,201404
112.952246,24.806637,1820.0,3,201404
112.965083,24.806637,1811.75,3,201404
112.97792,24.806637,1785.5,3,201404
112.875224,24.815107,1713.0,3,201404
112.888061,24.815107,1720.5,3,201404
112.900898,24.815107,1744.75,3,201404
112.913735,24.815107,1774.75,3,201404
112.926572,24.815107,1797.0,3,201404
112.939409,24.815107,1815.25,3,201404
112.952246,24.815107,1822.5,3,201404
112.965083,24.815107,1796.25,3,201404
112.875224,24.823577,1715.5,3,201404
112.888061,24.823577,1721.0,3,201404
112.900898,24.823577,1753.0,3,201404
112.913735,24.823577,1779.0,3,201404
112.926572,24.823577,1805.75,3,201404
112.939409,24.823577,1822.5,3,201404
112.952246,24.823577,1822.5,3,201404
112.965083,24.823577,1796.75,3,201404
112.888061,24.832047,1719.25,3,201404
112.900898,24.832047,1758.0,3,201404
112.913735,24.832047,1770.75,3,201404
112.888061,24.840517,1716.75,3,201404
112.888061,24.848987,1716.75,3,201404
112.952246,24.688057,4659.0,4,201405
112.965083,24.688057,4590.25,4,201405
112.97792,24.688057,4517.25,4,201405
112.862387,24.696527,4485.25,4,201405
112.888061,24.696527,4864.75,4,201405
112.939409,24.696527,4765.25,4,201405
112.952246,24.696527,4697.5,4,201405
112.965083,24.696527,4585.0,4,201405
112.97792,24.696527,4517.25,4,201405
112.990757,24.696527,4507.25,4,201405
113.003594,24.696527,4515.0,4,201405
113.016431,24.696527,4512.5,4,201405
112.84955,24.704997,4447.75,4,201405
112.862387,24.704997,4478.25,4,201405
112.875224,24.704997,4658.5,4,201405
112.888061,24.704997,4813.25,4,201405
112.900898,24.704997,5038.5,4,201405
112.913735,24.704997,4954.75,4,201405
112.926572,24.704997,4837.25,4,201405
112.939409,24.704997,4780.5,4,201405
112.952246,24.704997,4700.5,4,201405
112.965083,24.704997,4615.25,4,201405
112.97792,24.704997,4547.25,4,201405
112.990757,24.704997,4526.25,4,201405
113.003594,24.704997,4515.0,4,201405
113.016431,24.704997,4512.5,4,201405
112.84955,24.713467,4499.25,4,201405
112.862387,24.713467,4601.75,4,201405
112.875224,24.713467,4854.25,4,201405
112.888061,24.713467,4941.25,4,201405
112.900898,24.713467,5025.25,4,201405
112.913735,24.713467,4933.25,4,201405
112.926572,24.713467,4843.75,4,201405
112.939409,24.713467,4783.0,4,201405
112.952246,24.713467,4702.5,4,201405
112.965083,24.713467,4617.0,4,201405
112.97792,24.713467,4569.0,4,201405
112.990757,24.713467,4552.25,4,201405
113.003594,24.713467,4536.75,4,201405
112.84955,24.721937,4580.25,4,201405
112.862387,24.721937,4693.0,4,201405
112.875224,24.721937,4909.25,4,201405
112.888061,24.721937,5000.25,4,201405
112.900898,24.721937,4999.75,4,201405
112.913735,24.721937,4915.75,4,201405
112.926572,24.721937,4878.75,4,201405
112.939409,24.721937,4834.0,4,201405
112.952246,24.721937,4729.0,4,201405
112.965083,24.721937,4663.5,4,201405
112.97792,24.721937,4587.0,4,201405
112.990757,24.721937,4590.75,4,201405
113.003594,24.721937,4546.5,4,201405
112.862387,24.730407,4671.25,4,201405
112.875224,24.730407,4867.25,4,201405
112.888061,24.730407,4909.75,4,201405
112.900898,24.730407,4925.25,4,201405
112.913735,24.730407,4845.25,4,201405
112.926572,24.730407,4897.5,4,201405
112.939409,24.730407,4820.0,4,201405
112.952246,24.730407,4739.25,4,201405
112.965083,24.730407,4645.0,4,201405
112.97792,24.730407,4609.25,4,201405
112.990757,24.730407,4580.5,4,201405
113.003594,24.730407,4536.0,4,201405
112.84955,24.738877,4491.0,4,201405
112.862387,24.738877,4588.0,4,201405
112.875224,24.738877,4732.0,4,201405
112.888061,24.738877,4750.25,4,201405
112.900898,24.738877,4715.75,4,201405
112.913735,24.738877,4758.5,4,201405
112.926572,24.738877,4855.25,4,201405
112.939409,24.738877,4850.5,4,201405
112.952246,24.738877,4749.5,4,201405
112.965083,24.738877,4647.25,4,201405
112.97792,24.738877,4578.5,4,201405
112.990757,24.738877,4545.5,4,201405
113.003594,24.738877,4529.0,4,201405
112.84955,24.747347,4411.25,4,201405
112.862387,24.747347,4477.75,4,201405
112.875224,24.747347,4540.5,4,201405
112.888061,24.747347,4603.25,4,201405
112.900898,24.747347,4646.0,4,201405
112.913735,24.747347,4749.5,4,201405
112.926572,24.747347,4829.0,4,201405
112.939409,24.747347,4863.5,4,201405
112.952246,24.747347,4772.0,4,201405
112.965083,24.747347,4653.5,4,201405
112.97792,24.747347,4560.0,4,201405
112.84955,24.755817,4301.5,4,201405
112.862387,24.755817,4335.75,4,201405
112.875224,24.755817,4402.75,4,201405
112.888061,24.755817,4518.25,4,201405
112.900898,24.755817,4642.25,4,201405
112.913735,24.755817,4762.0,4,201405
112.926572,24.755817,4865.75,4,201405
112.939409,24.755817,4904.75,4,201405
112.952246,24.755817,4780.75,4,201405
112.965083,24.755817,4688.0,4,201405
112.97792,24.755817,4581.0,4,201405
112.84955,24.764287,4251.75,4,201405
112.862387,24.764287,4290.25,4,201405
112.875224,24.764287,4365.5,4,201405
112.888061,24.764287,4449.0,4,201405
112.900898,24.764287,4568.75,4,201405
112.913735,24.764287,4688.75,4,201405
112.926572,24.764287,4817.0,4,201405
112.939409,24.764287,4908.75,4,201405
112.952246,24.764287,4859.0,4,201405
112.965083,24.764287,4765.75,4,201405
112.97792,24.764287,4623.5,4,201405
112.836713,24.772757,4216.0,4,201405
112.84955,24.772757,4261.5,4,201405
112.862387,24.772757,4336.75,4,201405
112.875224,24.772757,4428.0,4,201405
112.888061,24.772757,4439.0,4,201405
112.900898,24.772757,4498.5,4,201405
112.913735,24.772757,4614.25,4,201405
112.926572,24.772757,4722.25,4,201405
112.939409,24.772757,4846.5,4,201405
112.952246,24.772757,4882.75,4,201405
112.965083,24.772757,4729.0,4,201405
112.97792,24.772757,4627.75,4,201405
112.836713,24.781227,4205.5,4,201405
112.84955,24.781227,4275.75,4,201405
112.862387,24.781227,4387.5,4,201405
112.875224,24.781227,4539.5,4,201405
112.888061,24.781227,4550.5,4,201405
112.900898,24.781227,4553.5,4,201405
112.913735,24.781227,4645.25,4,201405
112.926572,24.781227,4724.75,4,201405
112.939409,24.781227,4825.0,4,201405
112.952246,24.781227,4889.0,4,201405
112.965083,24.781227,4773.25,4,201405
112.97792,24.781227,4608.5,4,201405
112.84955,24.789697,4301.75,4,201405
112.862387,24.789697,4397.5,4,201405
112.875224,24.789697,4505.25,4,201405
112.888061,24.789697,4564.75,4,201405
112.900898,24.789697,4592.25,4,201405
112.913735,24.789697,4704.0,4,201405
112.926572,24.789697,4808.25,4,201405
112.939409,24.789697,4872.5,4,201405
112.952246,24.789697,4884.0,4,201405
112.965083,24.789697,4768.75,4,201405
112.97792,24.789697,4629.0,4,201405
112.84955,24.798167,4317.5,4,201405
112.862387,24.798167,4372.0,4,201405
112.875224,24.798167,4355.0,4,201405
112.888061,24.798167,4446.75,4,201405
112.900898,24.798167,4554.75,4,201405
112.913735,24.798167,4662.5,4,201405
112.926572,24.798167,4774.75,4,201405
112.939409,24.798167,4855.25,4,201405
112.952246,24.798167,4895.25,4,201405
112.965083,24.798167,4828.75,4,201405
112.97792,24.798167,4733.5,4,201405
112.875224,24.806637,4209.25,4,201405
112.888061,24.806637,4288.5,4,201405
112.900898,24.806637,4436.5,4,201405
112.913735,24.806637,4596.5,4,201405
112.926572,24.806637,4709.0,4,201405
112.939409,24.806637,4789.5,4,201405
112.952246,24.806637,4854.0,4,201405
112.965083,24.806637,4832.25,4,201405
112.97792,24.806637,4721.5,4,201405
112.875224,24.815107,4170.75,4,201405
112.888061,24.815107,4247.0,4,201405
112.900898,24.815107,4411.0,4,201405
112.913735,24.815107,4587.0,4,201405
112.926572,24.815107,4715.75,4,201405
112.939409,24.815107,4804.25,4,201405
112.952246,24.815107,4837.0,4,201405
112.965083,24.815107,4727.25,4,201405
112.875224,24.823577,4184.5,4,201405
112.888061,24.823577,4233.75,4,201405
112.900898,24.823577,4433.5,4,201405
112.913735,24.823577,4581.75,4,201405
112.926572,24.823577,4744.0,4,201405
112.939409,24.823577,4818.25,4,201405
112.952246,24.823577,4837.0,4,201405
112.965083,24.823577,4725.0,4,201405
112.888061,24.832047,4200.5,4,201405
112.900898,24.832047,4453.5,4,201405
112.913735,24.832047,4528.25,4,201405
112.888061,24.840517,4163.25,4,201405
112.888061,24.848987,4163.25,4,201405
112.952246,24.688057,2194.5,5,201406
112.965083,24.688057,2159.0,5,201406
112.97792,24.688057,2127.0,5,201406
112.862387,24.696527,2121.25,5,201406
112.888061,24.696527,2307.5,5,201406
112.939409,24.696527,2266.25,5,201406
112.952246,24.696527,2218.5,5,201406
112.965083,24.696527,2158.5,5,201406
112.97792,24.696527,2127.0,5,201406
112.990757,24.696527,2122.5,5,201406
113.003594,24.696527,2126.5,5,201406
113.016431,24.696527,2128.0,5,201406
112.84955,24.704997,2100.5,5,201406
112.862387,24.704997,2116.25,5,201406
112.875224,24.704997,2207.25,5,201406
112.888061,24.704997,2282.75,5,201406
112.900898,24.704997,2379.75,5,201406
112.913735,24.704997,2342.5,5,201406
112.926572,24.704997,2301.75,5,201406
112.939409,24.704997,2273.75,5,201406
112.952246,24.704997,2224.0,5,201406
112.965083,24.704997,2175.75,5,201406
112.97792,24.704997,2140.0,5,201406
112.990757,24.704997,2134.0,5,201406
113.003594,24.704997,2126.5,5,201406
113.016431,24.704997,2128.0,5,201406
112.84955,24.713467,2126.0,5,201406
112.862387,24.713467,2177.5,5,201406
112.875224,24.713467,2290.5,5,201406
112.888061,24.713467,2332.25,5,201406
112.900898,24.713467,2371.25,5,201406
112.913735,24.713467,2334.0,5,201406
112.926572,24.713467,2303.25,5,201406
112.939409,24.713467,2277.25,5,201406
112.952246,24.713467,2233.0,5,201406
112.965083,24.713467,2187.0,5,201406
112.97792,24.713467,2157.25,5,201406
112.990757,24.713467,2151.25,5,201406
113.003594,24.713467,2147.5,5,201406
112.84955,24.721937,2158.0,5,201406
112.862387,24.721937,2219.0,5,201406
112.875224,24.721937,2314.0,5,201406
112.888061,24.721937,2349.25,5,201406
112.900898,24.721937,2352.75,5,201406
112.913735,24.721937,2321.25,5,201406
112.926572,24.721937,2312.75,5,201406
112.939409,24.721937,2296.5,5,201406
112.952246,24.721937,2250.5,5,201406
112.965083,24.721937,2214.25,5,201406
112.97792,24.721937,2174.5,5,201406
112.990757,24.721937,2174.5,5,201406
113.003594,24.721937,2158.75,5,201406
112.862387,24.730407,2202.25,5,201406
112.875224,24.730407,2291.0,5,201406
112.888061,24.730407,2306.25,5,201406
112.900898,24.730407,2314.0,5,201406
112.913735,24.730407,2292.5,5,201406
112.926572,24.730407,2320.0,5,201406
112.939409,24.730407,2291.75,5,201406
112.952246,24.730407,2260.0,5,201406
112.965083,24.730407,2209.5,5,201406
112.97792,24.730407,2183.75,5,201406
112.990757,24.730407,2175.5,5,201406
113.003594,24.730407,2156.0,5,201406
112.84955,24.738877,2127.25,5,201406
112.862387,24.738877,2166.0,5,201406
112.875224,24.738877,2223.75,5,201406
112.888061,24.738877,2231.0,5,201406
112.900898,24.738877,2228.25,5,201406
112.913735,24.738877,2257.75,5,201406
112.926572,24.738877,2307.25,5,201406
112.939409,24.738877,2307.25,5,201406
112.952246,24.738877,2267.25,5,201406
112.965083,24.738877,2215.0,5,201406
112.97792,24.738877,2173.0,5,201406
112.990757,24.738877,2162.75,5,201406
113.003594,24.738877,2153.5,5,201406
112.84955,24.747347,2099.5,5,201406
112.862387,24.747347,2120.75,5,201406
112.875224,24.747347,2140.25,5,201406
112.888061,24.747347,2169.75,5,201406
112.900898,24.747347,2205.25,5,201406
112.913735,24.747347,2259.25,5,201406
112.926572,24.747347,2298.5,5,201406
112.939409,24.747347,2315.5,5,201406
112.952246,24.747347,2274.75,5,201406
112.965083,24.747347,2220.25,5,201406
112.97792,24.747347,2170.0,5,201406
112.84955,24.755817,2058.75,5,201406
112.862387,24.755817,2067.75,5,201406
112.875224,24.755817,2091.25,5,201406
112.888061,24.755817,2140.75,5,201406
112.900898,24.755817,2204.75,5,201406
112.913735,24.755817,2268.75,5,201406
112.926572,24.755817,2314.0,5,201406
112.939409,24.755817,2335.25,5,201406
112.952246,24.755817,2282.0,5,201406
112.965083,24.755817,2243.25,5,201406
112.97792,24.755817,2193.25,5,201406
112.84955,24.764287,2042.25,5,201406
112.862387,24.764287,2055.5,5,201406
112.875224,24.764287,2084.75,5,201406
112.888061,24.764287,2120.0,5,201406
112.900898,24.764287,2180.0,5,201406
112.913735,24.764287,2244.0,5,201406
112.926572,24.764287,2301.75,5,201406
112.939409,24.764287,2341.0,5,201406
112.952246,24.764287,2325.5,5,201406
112.965083,24.764287,2283.0,5,201406
112.97792,24.764287,2220.75,5,201406
112.836713,24.772757,2032.0,5,201406
112.84955,24.772757,2052.0,5,201406
112.862387,24.772757,2083.75,5,201406
112.875224,24.772757,2119.0,5,201406
112.888061,24.772757,2123.75,5,201406
112.900898,24.772757,2151.25,5,201406
112.913735,24.772757,2215.25,5,201406
112.926572,24.772757,2264.75,5,201406
112.939409,24.772757,2318.25,5,201406
112.952246,24.772757,2341.25,5,201406
112.965083,24.772757,2276.25,5,201406
112.97792,24.772757,2228.0,5,201406
112.836713,24.781227,2030.0,5,201406
112.84955,24.781227,2066.0,5,201406
112.862387,24.781227,2118.0,5,201406
112.875224,24.781227,2175.75,5,201406
112.888061,24.781227,2182.75,5,201406
112.900898,24.781227,2185.5,5,201406
112.913735,24.781227,2235.25,5,201406
112.926572,24.781227,2276.5,5,201406
112.939409,24.781227,2320.0,5,201406
112.952246,24.781227,2351.0,5,201406
112.965083,24.781227,2306.0,5,201406
112.97792,24.781227,2238.75,5,201406
112.84955,24.789697,2080.25,5,201406
112.862387,24.789697,2128.0,5,201406
112.875224,24.789697,2179.5,5,201406
112.888061,24.789697,2211.0,5,201406
112.900898,24.789697,2213.75,5,201406
112.913735,24.789697,2267.25,5,201406
112.926572,24.789697,2322.75,5,201406
112.939409,24.789697,2352.0,5,201406
112.952246,24.789697,2354.75,5,201406
112.965083,24.789697,2317.25,5,201406
112.97792,24.789697,2260.0,5,201406
112.84955,24.798167,2090.25,5,201406
112.862387,24.798167,2120.0,5,201406
112.875224,24.798167,2130.25,5,201406
112.888061,24.798167,2176.0,5,201406
112.900898,24.798167,2215.5,5,201406
112.913735,24.798167,2260.75,5,201406
112.926572,24.798167,2314.25,5,201406
112.939409,24.798167,2351.5,5,201406
112.952246,24.798167,2372.25,5,201406
112.965083,24.798167,2345.25,5,201406
112.97792,24.798167,2314.0,5,201406
112.875224,24.806637,2080.75,5,201406
112.888061,24.806637,2120.5,5,201406
112.900898,24.806637,2176.5,5,201406
112.913735,24.806637,2238.0,5,201406
112.926572,24.806637,2293.75,5,201406
112.939409,24.806637,2331.0,5,201406
112.952246,24.806637,2365.5,5,201406
112.965083,24.806637,2356.75,5,201406
112.97792,24.806637,2307.5,5,201406
112.875224,24.815107,2067.0,5,201406
112.888061,24.815107,2099.75,5,201406
112.900898,24.815107,2171.75,5,201406
112.913735,24.815107,2241.75,5,201406
112.926572,24.815107,2303.5,5,201406
112.939409,24.815107,2349.0,5,201406
112.952246,24.815107,2361.0,5,201406
112.965083,24.815107,2313.25,5,201406
112.875224,24.823577,2075.0,5,201406
112.888061,24.823577,2095.0,5,201406
112.900898,24.823577,2185.5,5,201406
112.913735,24.823577,2247.5,5,201406
112.926572,24.823577,2319.5,5,201406
112.939409,24.823577,2355.5,5,201406
112.952246,24.823577,2361.0,5,201406
112.965083,24.823577,2312.25,5,201406
112.888061,24.832047,2092.25,5,201406
112.900898,24.832047,2193.25,5,201406
112.913735,24.832047,2229.25,5,201406
112.888061,24.840517,2084.0,5,201406
112.888061,24.848987,2084.0,5,201406
112.952246,24.688057,838.5,6,201407
112.965083,24.688057,802.25,6,201407
112.97792,24.688057,768.75,6,201407
112.862387,24.696527,800.25,6,201407
112.888061,24.696527,947.25,6,201407
112.939409,24.696527,888.25,6,201407
112.952246,24.696527,857.0,6,201407
112.965083,24.696527,800.0,6,201407
112.97792,24.696527,768.75,6,201407
112.990757,24.696527,755.0,6,201407
113.003594,24.696527,746.5,6,201407
113.016431,24.696527,744.75,6,201407
112.84955,24.704997,791.5,6,201407
112.862387,24.704997,798.25,6,201407
112.875224,24.704997,856.75,6,201407
112.888061,24.704997,921.5,6,201407
112.900898,24.704997,1024.5,6,201407
112.913735,24.704997,980.5,6,201407
112.926572,24.704997,921.25,6,201407
112.939409,24.704997,895.5,6,201407
112.952246,24.704997,859.5,6,201407
112.965083,24.704997,813.0,6,201407
112.97792,24.704997,780.0,6,201407
112.990757,24.704997,762.25,6,201407
113.003594,24.704997,746.5,6,201407
113.016431,24.704997,744.75,6,201407
112.84955,24.713467,800.5,6,201407
112.862387,24.713467,830.25,6,201407
112.875224,24.713467,933.5,6,201407
112.888061,24.713467,973.75,6,201407
112.900898,24.713467,1015.0,6,201407
112.913735,24.713467,968.0,6,201407
112.926572,24.713467,923.0,6,201407
112.939409,24.713467,895.75,6,201407
112.952246,24.713467,859.5,6,201407
112.965083,24.713467,813.25,6,201407
112.97792,24.713467,786.75,6,201407
112.990757,24.713467,772.25,6,201407
113.003594,24.713467,759.75,6,201407
112.84955,24.721937,813.25,6,201407
112.862387,24.721937,856.0,6,201407
112.875224,24.721937,954.5,6,201407
112.888061,24.721937,997.0,6,201407
112.900898,24.721937,999.0,6,201407
112.913735,24.721937,957.0,6,201407
112.926572,24.721937,935.5,6,201407
112.939409,24.721937,916.25,6,201407
112.952246,24.721937,866.0,6,201407
112.965083,24.721937,829.5,6,201407
112.97792,24.721937,792.0,6,201407
112.990757,24.721937,783.75,6,201407
113.003594,24.721937,765.0,6,201407
112.862387,24.730407,842.0,6,201407
112.875224,24.730407,927.75,6,201407
112.888061,24.730407,948.0,6,201407
112.900898,24.730407,959.75,6,201407
112.913735,24.730407,918.0,6,201407
112.926572,24.730407,940.5,6,201407
112.939409,24.730407,903.75,6,201407
112.952246,24.730407,866.25,6,201407
112.965083,24.730407,822.0,6,201407
112.97792,24.730407,801.75,6,201407
112.990757,24.730407,782.5,6,201407
113.003594,24.730407,759.25,6,201407
112.84955,24.738877,788.25,6,201407
112.862387,24.738877,813.5,6,201407
112.875224,24.738877,868.5,6,201407
112.888061,24.738877,873.0,6,201407
112.900898,24.738877,854.25,6,201407
112.913735,24.738877,871.25,6,201407
112.926572,24.738877,914.0,6,201407
112.939409,24.738877,912.0,6,201407
112.952246,24.738877,869.75,6,201407
112.965083,24.738877,825.75,6,201407
112.97792,24.738877,791.25,6,201407
112.990757,24.738877,768.75,6,201407
113.003594,24.738877,758.0,6,201407
112.84955,24.747347,785.25,6,201407
112.862387,24.747347,791.0,6,201407
112.875224,24.747347,802.0,6,201407
112.888061,24.747347,809.75,6,201407
112.900898,24.747347,819.0,6,201407
112.913735,24.747347,864.25,6,201407
112.926572,24.747347,893.75,6,201407
112.939409,24.747347,908.0,6,201407
112.952246,24.747347,881.25,6,201407
112.965083,24.747347,830.75,6,201407
112.97792,24.747347,784.0,6,201407
112.84955,24.755817,782.0,6,201407
112.862387,24.755817,768.75,6,201407
112.875224,24.755817,767.5,6,201407
112.888061,24.755817,781.5,6,201407
112.900898,24.755817,820.5,6,201407
112.913735,24.755817,873.5,6,201407
112.926572,24.755817,914.25,6,201407
112.939409,24.755817,928.25,6,201407
112.952246,24.755817,884.5,6,201407
112.965083,24.755817,845.5,6,201407
112.97792,24.755817,796.5,6,201407
112.84955,24.764287,789.75,6,201407
112.862387,24.764287,770.25,6,201407
112.875224,24.764287,760.75,6,201407
112.888061,24.764287,766.75,6,201407
112.900898,24.764287,801.25,6,201407
112.913735,24.764287,854.25,6,201407
112.926572,24.764287,904.5,6,201407
112.939409,24.764287,939.0,6,201407
112.952246,24.764287,916.5,6,201407
112.965083,24.764287,884.0,6,201407
112.97792,24.764287,823.25,6,201407
112.836713,24.772757,807.75,6,201407
112.84955,24.772757,780.5,6,201407
112.862387,24.772757,765.5,6,201407
112.875224,24.772757,775.0,6,201407
112.888061,24.772757,763.5,6,201407
112.900898,24.772757,782.0,6,201407
112.913735,24.772757,832.0,6,201407
112.926572,24.772757,872.75,6,201407
112.939409,24.772757,918.25,6,201407
112.952246,24.772757,932.0,6,201407
112.965083,24.772757,872.5,6,201407
112.97792,24.772757,830.25,6,201407
112.836713,24.781227,813.0,6,201407
112.84955,24.781227,775.75,6,201407
112.862387,24.781227,772.0,6,201407
112.875224,24.781227,809.75,6,201407
112.888061,24.781227,811.0,6,201407
112.900898,24.781227,811.75,6,201407
112.913735,24.781227,847.75,6,201407
112.926572,24.781227,882.25,6,201407
112.939409,24.781227,919.75,6,201407
112.952246,24.781227,946.25,6,201407
112.965083,24.781227,895.5,6,201407
112.97792,24.781227,827.5,6,201407
112.84955,24.789697,780.75,6,201407
112.862387,24.789697,780.0,6,201407
112.875224,24.789697,813.0,6,201407
112.888061,24.789697,828.5,6,201407
112.900898,24.789697,837.25,6,201407
112.913735,24.789697,881.25,6,201407
112.926572,24.789697,928.25,6,201407
112.939409,24.789697,954.5,6,201407
112.952246,24.789697,957.25,6,201407
112.965083,24.789697,912.25,6,201407
112.97792,24.789697,845.75,6,201407
112.84955,24.798167,780.5,6,201407
112.862387,24.798167,781.75,6,201407
112.875224,24.798167,793.75,6,201407
112.888061,24.798167,807.5,6,201407
112.900898,24.798167,837.0,6,201407
112.913735,24.798167,873.25,6,201407
112.926572,24.798167,920.25,6,201407
112.939409,24.798167,956.0,6,201407
112.952246,24.798167,972.25,6,201407
112.965083,24.798167,943.5,6,201407
112.97792,24.798167,905.25,6,201407
112.875224,24.806637,775.75,6,201407
112.888061,24.806637,775.0,6,201407
112.900898,24.806637,798.5,6,201407
112.913735,24.806637,852.25,6,201407
112.926572,24.806637,896.25,6,201407
112.939409,24.806637,928.5,6,201407
112.952246,24.806637,959.25,6,201407
112.965083,24.806637,951.25,6,201407
112.97792,24.806637,901.75,6,201407
112.875224,24.815107,776.25,6,201407
112.888061,24.815107,763.5,6,201407
112.900898,24.815107,791.75,6,201407
112.913735,24.815107,852.0,6,201407
112.926572,24.815107,908.75,6,201407
112.939409,24.815107,944.5,6,201407
112.952246,24.815107,962.25,6,201407
112.965083,24.815107,910.75,6,201407
112.875224,24.823577,768.5,6,201407
112.888061,24.823577,764.75,6,201407
112.900898,24.823577,806.0,6,201407
112.913735,24.823577,859.75,6,201407
112.926572,24.823577,926.0,6,201407
112.939409,24.823577,959.25,6,201407
112.952246,24.823577,962.25,6,201407
112.965083,24.823577,913.0,6,201407
112.888061,24.832047,764.5,6,201407
112.900898,24.832047,813.5,6,201407
112.913735,24.832047,843.5,6,201407
112.888061,24.840517,767.75,6,201407
112.888061,24.848987,767.75,6,201407
112.952246,24.688057,2475.5,7,201408
112.965083,24.688057,2382.5,7,201408
112.97792,24.688057,2300.0,7,201408
112.862387,24.696527,2315.0,7,201408
112.888061,24.696527,2787.25,7,201408
112.939409,24.696527,2648.25,7,201408
112.952246,24.696527,2538.5,7,201408
112.965083,24.696527,2386.5,7,201408
112.97792,24.696527,2300.0,7,201408
112.990757,24.696527,2289.25,7,201408
113.003594,24.696527,2287.5,7,201408
113.016431,24.696527,2277.25,7,201408
112.84955,24.704997,2269.75,7,201408
112.862387,24.704997,2307.5,7,201408
112.875224,24.704997,2524.5,7,201408
112.888061,24.704997,2718.75,7,201408
112.900898,24.704997,3006.75,7,201408
112.913735,24.704997,2907.5,7,201408
112.926572,24.704997,2748.75,7,201408
112.939409,24.704997,2679.25,7,201408
112.952246,24.704997,2555.75,7,201408
112.965083,24.704997,2437.25,7,201408
112.97792,24.704997,2343.75,7,201408
112.990757,24.704997,2316.0,7,201408
113.003594,24.704997,2287.5,7,201408
113.016431,24.704997,2277.25,7,201408
112.84955,24.713467,2329.25,7,201408
112.862387,24.713467,2456.0,7,201408
112.875224,24.713467,2783.0,7,201408
112.888061,24.713467,2885.0,7,201408
112.900898,24.713467,3004.25,7,201408
112.913735,24.713467,2894.75,7,201408
112.926572,24.713467,2771.5,7,201408
112.939409,24.713467,2695.0,7,201408
112.952246,24.713467,2581.25,7,201408
112.965083,24.713467,2455.75,7,201408
112.97792,24.713467,2381.25,7,201408
112.990757,24.713467,2356.5,7,201408
113.003594,24.713467,2328.0,7,201408
112.84955,24.721937,2418.0,7,201408
112.862387,24.721937,2559.5,7,201408
112.875224,24.721937,2858.0,7,201408
112.888061,24.721937,2978.75,7,201408
112.900898,24.721937,2979.0,7,201408
112.913735,24.721937,2878.75,7,201408
112.926572,24.721937,2830.25,7,201408
112.939409,24.721937,2773.25,7,201408
112.952246,24.721937,2622.75,7,201408
112.965083,24.721937,2526.0,7,201408
112.97792,24.721937,2415.75,7,201408
112.990757,24.721937,2407.5,7,201408
113.003594,24.721937,2355.75,7,201408
112.862387,24.730407,2535.5,7,201408
112.875224,24.730407,2798.75,7,201408
112.888061,24.730407,2867.25,7,201408
112.900898,24.730407,2881.0,7,201408
112.913735,24.730407,2786.75,7,201408
112.926572,24.730407,2856.5,7,201408
112.939409,24.730407,2756.5,7,201408
112.952246,24.730407,2648.0,7,201408
112.965083,24.730407,2515.25,7,201408
112.97792,24.730407,2453.5,7,201408
112.990757,24.730407,2408.75,7,201408
113.003594,24.730407,2347.25,7,201408
112.84955,24.738877,2346.75,7,201408
112.862387,24.738877,2463.0,7,201408
112.875224,24.738877,2633.5,7,201408
112.888061,24.738877,2666.0,7,201408
112.900898,24.738877,2625.5,7,201408
112.913735,24.738877,2681.0,7,201408
112.926572,24.738877,2804.0,7,201408
112.939409,24.738877,2802.5,7,201408
112.952246,24.738877,2670.75,7,201408
112.965083,24.738877,2524.25,7,201408
112.97792,24.738877,2425.75,7,201408
112.990757,24.738877,2371.0,7,201408
113.003594,24.738877,2342.25,7,201408
112.84955,24.747347,2272.0,7,201408
112.862387,24.747347,2357.25,7,201408
112.875224,24.747347,2406.0,7,201408
112.888061,24.747347,2475.0,7,201408
112.900898,24.747347,2527.5,7,201408
112.913735,24.747347,2665.5,7,201408
112.926572,24.747347,2774.0,7,201408
112.939409,24.747347,2819.25,7,201408
112.952246,24.747347,2693.0,7,201408
112.965083,24.747347,2532.75,7,201408
112.97792,24.747347,2411.0,7,201408
112.84955,24.755817,2152.0,7,201408
112.862387,24.755817,2201.0,7,201408
112.875224,24.755817,2259.75,7,201408
112.888061,24.755817,2375.0,7,201408
112.900898,24.755817,2523.75,7,201408
112.913735,24.755817,2688.25,7,201408
112.926572,24.755817,2820.0,7,201408
112.939409,24.755817,2868.75,7,201408
112.952246,24.755817,2698.5,7,201408
112.965083,24.755817,2582.5,7,201408
112.97792,24.755817,2452.5,7,201408
112.84955,24.764287,2088.75,7,201408
112.862387,24.764287,2137.75,7,201408
112.875224,24.764287,2216.75,7,201408
112.888061,24.764287,2295.5,7,201408
112.900898,24.764287,2437.5,7,201408
112.913735,24.764287,2602.0,7,201408
112.926572,24.764287,2770.25,7,201408
112.939409,24.764287,2885.25,7,201408
112.952246,24.764287,2795.25,7,201408
112.965083,24.764287,2678.5,7,201408
112.97792,24.764287,2516.0,7,201408
112.836713,24.772757,2055.0,7,201408
112.84955,24.772757,2097.75,7,201408
112.862387,24.772757,2183.25,7,201408
112.875224,24.772757,2288.75,7,201408
112.888061,24.772757,2288.0,7,201408
112.900898,24.772757,2360.5,7,201408
112.913735,24.772757,2515.25,7,201408
112.926572,24.772757,2660.0,7,201408
112.939409,24.772757,2811.5,7,201408
112.952246,24.772757,2834.5,7,201408
112.965083,24.772757,2648.25,7,201408
112.97792,24.772757,2528.75,7,201408
112.836713,24.781227,2051.0,7,201408
112.84955,24.781227,2123.5,7,201408
112.862387,24.781227,2248.75,7,201408
112.875224,24.781227,2423.75,7,201408
112.888061,24.781227,2429.75,7,201408
112.900898,24.781227,2442.5,7,201408
112.913735,24.781227,2561.0,7,201408
112.926572,24.781227,2679.0,7,201408
112.939409,24.781227,2807.5,7,201408
112.952246,24.781227,2886.5,7,201408
112.965083,24.781227,2713.75,7,201408
112.97792,24.781227,2501.5,7,201408
112.84955,24.789697,2165.75,7,201408
112.862387,24.789697,2271.25,7,201408
112.875224,24.789697,2403.0,7,201408
112.888061,24.789697,2465.5,7,201408
112.900898,24.789697,2501.25,7,201408
112.913735,24.789697,2646.25,7,201408
112.926572,24.789697,2794.25,7,201408
112.939409,24.789697,2889.5,7,201408
112.952246,24.789697,2905.75,7,201408
112.965083,24.789697,2749.75,7,201408
112.97792,24.789697,2534.0,7,201408
112.84955,24.798167,2188.5,7,201408
112.862387,24.798167,2251.25,7,201408
112.875224,24.798167,2250.0,7,201408
112.888061,24.798167,2355.5,7,201408
112.900898,24.798167,2480.75,7,201408
112.913735,24.798167,2612.5,7,201408
112.926572,24.798167,2754.0,7,201408
112.939409,24.798167,2879.0,7,201408
112.952246,24.798167,2937.5,7,201408
112.965083,24.798167,2834.75,7,201408
112.97792,24.798167,2695.25,7,201408
112.875224,24.806637,2100.25,7,201408
112.888061,24.806637,2192.5,7,201408
112.900898,24.806637,2347.75,7,201408
112.913735,24.806637,2535.75,7,201408
112.926572,24.806637,2674.0,7,201408
112.939409,24.806637,2795.75,7,201408
112.952246,24.806637,2894.0,7,201408
112.965083,24.806637,2850.75,7,201408
112.97792,24.806637,2695.25,7,201408
112.875224,24.815107,2060.0,7,201408
112.888061,24.815107,2145.5,7,201408
112.900898,24.815107,2330.5,7,201408
112.913735,24.815107,2535.0,7,201408
112.926572,24.815107,2693.0,7,201408
112.939409,24.815107,2818.25,7,201408
112.952246,24.815107,2886.75,7,201408
112.965083,24.815107,2738.25,7,201408
112.875224,24.823577,2078.75,7,201408
112.888061,24.823577,2128.25,7,201408
112.900898,24.823577,2359.5,7,201408
112.913735,24.823577,2534.25,7,201408
112.926572,24.823577,2735.75,7,201408
112.939409,24.823577,2841.0,7,201408
112.952246,24.823577,2886.75,7,201408
112.965083,24.823577,2741.25,7,201408
112.888061,24.832047,2104.5,7,201408
112.900898,24.832047,2382.25,7,201408
112.913735,24.832047,2474.5,7,201408
112.888061,24.840517,2074.5,7,201408
112.888061,24.848987,2074.5,7,201408
112.952246,24.688057,459.75,8,201409
112.965083,24.688057,435.25,8,201409
112.97792,24.688057,412.25,8,201409
112.862387,24.696527,423.75,8,201409
112.888061,24.696527,540.0,8,201409
112.939409,24.696527,497.25,8,201409
112.952246,24.696527,472.5,8,201409
112.965083,24.696527,434.5,8,201409
112.97792,24.696527,412.25,8,201409
112.990757,24.696527,407.0,8,201409
113.003594,24.696527,405.75,8,201409
113.016431,24.696527,403.0,8,201409
112.84955,24.704997,414.5,8,201409
112.862387,24.704997,422.5,8,201409
112.875224,24.704997,472.5,8,201409
112.888061,24.704997,522.0,8,201409
112.900898,24.704997,596.25,8,201409
112.913735,24.704997,565.5,8,201409
112.926572,24.704997,526.5,8,201409
112.939409,24.704997,504.0,8,201409
112.952246,24.704997,474.0,8,201409
112.965083,24.704997,440.75,8,201409
112.97792,24.704997,419.5,8,201409
112.990757,24.704997,412.75,8,201409
113.003594,24.704997,405.75,8,201409
113.016431,24.704997,403.0,8,201409
112.84955,24.713467,427.0,8,201409
112.862387,24.713467,455.25,8,201409
112.875224,24.713467,531.25,8,201409
112.888061,24.713467,561.25,8,201409
112.900898,24.713467,589.75,8,201409
112.913735,24.713467,558.0,8,201409
112.926572,24.713467,527.0,8,201409
112.939409,24.713467,503.5,8,201409
112.952246,24.713467,474.5,8,201409
112.965083,24.713467,441.25,8,201409
112.97792,24.713467,425.5,8,201409
112.990757,24.713467,420.0,8,201409
113.003594,24.713467,412.0,8,201409
112.84955,24.721937,446.0,8,201409
112.862387,24.721937,479.0,8,201409
112.875224,24.721937,546.0,8,201409
112.888061,24.721937,573.75,8,201409
112.900898,24.721937,575.75,8,201409
112.913735,24.721937,546.5,8,201409
112.926572,24.721937,535.0,8,201409
112.939409,24.721937,518.25,8,201409
112.952246,24.721937,482.75,8,201409
112.965083,24.721937,456.25,8,201409
112.97792,24.721937,430.5,8,201409
112.990757,24.721937,427.25,8,201409
113.003594,24.721937,415.0,8,201409
112.862387,24.730407,469.75,8,201409
112.875224,24.730407,530.0,8,201409
112.888061,24.730407,542.25,8,201409
112.900898,24.730407,545.25,8,201409
112.913735,24.730407,519.25,8,201409
112.926572,24.730407,539.75,8,201409
112.939409,24.730407,511.25,8,201409
112.952246,24.730407,483.25,8,201409
112.965083,24.730407,448.0,8,201409
112.97792,24.730407,434.5,8,201409
112.990757,24.730407,421.5,8,201409
113.003594,24.730407,409.5,8,201409
112.84955,24.738877,419.25,8,201409
112.862387,24.738877,444.25,8,201409
112.875224,24.738877,486.25,8,201409
112.888061,24.738877,489.75,8,201409
112.900898,24.738877,479.0,8,201409
112.913735,24.738877,489.0,8,201409
112.926572,24.738877,522.75,8,201409
112.939409,24.738877,518.0,8,201409
112.952246,24.738877,482.5,8,201409
112.965083,24.738877,446.75,8,201409
112.97792,24.738877,423.5,8,201409
112.990757,24.738877,411.5,8,201409
113.003594,24.738877,405.0,8,201409
112.84955,24.747347,403.5,8,201409
112.862387,24.747347,419.25,8,201409
112.875224,24.747347,431.5,8,201409
112.888061,24.747347,445.0,8,201409
112.900898,24.747347,455.25,8,201409
112.913735,24.747347,484.75,8,201409
112.926572,24.747347,510.0,8,201409
112.939409,24.747347,521.0,8,201409
112.952246,24.747347,487.5,8,201409
112.965083,24.747347,448.5,8,201409
112.97792,24.747347,419.0,8,201409
112.84955,24.755817,383.25,8,201409
112.862387,24.755817,390.25,8,201409
112.875224,24.755817,401.25,8,201409
112.888061,24.755817,425.75,8,201409
112.900898,24.755817,457.0,8,201409
112.913735,24.755817,492.0,8,201409
112.926572,24.755817,524.0,8,201409
112.939409,24.755817,535.75,8,201409
112.952246,24.755817,491.75,8,201409
112.965083,24.755817,462.0,8,201409
112.97792,24.755817,428.25,8,201409
112.84955,24.764287,377.25,8,201409
112.862387,24.764287,384.25,8,201409
112.875224,24.764287,396.5,8,201409
112.888061,24.764287,413.25,8,201409
112.900898,24.764287,442.25,8,201409
112.913735,24.764287,476.0,8,201409
112.926572,24.764287,515.75,8,201409
112.939409,24.764287,543.0,8,201409
112.952246,24.764287,520.25,8,201409
112.965083,24.764287,489.25,8,201409
112.97792,24.764287,443.25,8,201409
112.836713,24.772757,376.0,8,201409
112.84955,24.772757,381.0,8,201409
112.862387,24.772757,396.0,8,201409
112.875224,24.772757,415.0,8,201409
112.888061,24.772757,414.0,8,201409
112.900898,24.772757,429.75,8,201409
112.913735,24.772757,461.5,8,201409
112.926572,24.772757,492.75,8,201409
112.939409,24.772757,527.5,8,201409
112.952246,24.772757,531.75,8,201409
112.965083,24.772757,482.25,8,201409
112.97792,24.772757,449.25,8,201409
112.836713,24.781227,378.0,8,201409
112.84955,24.781227,386.5,8,201409
112.862387,24.781227,410.25,8,201409
112.875224,24.781227,449.25,8,201409
112.888061,24.781227,451.75,8,201409
112.900898,24.781227,451.5,8,201409
112.913735,24.781227,478.0,8,201409
112.926572,24.781227,500.25,8,201409
112.939409,24.781227,528.5,8,201409
112.952246,24.781227,545.75,8,201409
112.965083,24.781227,502.5,8,201409
112.97792,24.781227,449.5,8,201409
112.84955,24.789697,399.5,8,201409
112.862387,24.789697,420.0,8,201409
112.875224,24.789697,446.5,8,201409
112.888061,24.789697,460.25,8,201409
112.900898,24.789697,465.75,8,201409
112.913735,24.789697,501.0,8,201409
112.926572,24.789697,532.0,8,201409
112.939409,24.789697,550.5,8,201409
112.952246,24.789697,551.0,8,201409
112.965083,24.789697,514.0,8,201409
112.97792,24.789697,461.75,8,201409
112.84955,24.798167,405.0,8,201409
112.862387,24.798167,416.75,8,201409
112.875224,24.798167,417.0,8,201409
112.888061,24.798167,436.5,8,201409
112.900898,24.798167,463.25,8,201409
112.913735,24.798167,494.25,8,201409
112.926572,24.798167,526.0,8,201409
112.939409,24.798167,551.25,8,201409
112.952246,24.798167,561.75,8,201409
112.965083,24.798167,536.75,8,201409
112.97792,24.798167,504.75,8,201409
112.875224,24.806637,389.75,8,201409
112.888061,24.806637,403.75,8,201409
112.900898,24.806637,436.25,8,201409
112.913735,24.806637,477.25,8,201409
112.926572,24.806637,508.25,8,201409
112.939409,24.806637,533.5,8,201409
112.952246,24.806637,555.0,8,201409
112.965083,24.806637,544.0,8,201409
112.97792,24.806637,504.5,8,201409
112.875224,24.815107,385.25,8,201409
112.888061,24.815107,398.75,8,201409
112.900898,24.815107,437.0,8,201409
112.913735,24.815107,480.5,8,201409
112.926572,24.815107,517.0,8,201409
112.939409,24.815107,544.5,8,201409
112.952246,24.815107,556.25,8,201409
112.965083,24.815107,516.25,8,201409
112.875224,24.823577,391.75,8,201409
112.888061,24.823577,400.5,8,201409
112.900898,24.823577,448.75,8,201409
112.913735,24.823577,485.75,8,201409
112.926572,24.823577,529.0,8,201409
112.939409,24.823577,552.75,8,201409
112.952246,24.823577,556.25,8,201409
112.965083,24.823577,518.0,8,201409
112.888061,24.832047,398.75,8,201409
112.900898,24.832047,455.0,8,201409
112.913735,24.832047,474.5,8,201409
112.888061,24.840517,395.25,8,201409
112.888061,24.848987,395.25,8,201409
112.952246,24.688057,278.0,9,201410
112.965083,24.688057,270.0,9,201410
112.97792,24.688057,261.25,9,201410
112.862387,24.696527,266.75,9,201410
112.888061,24.696527,300.25,9,201410
112.939409,24.696527,290.25,9,201410
112.952246,24.696527,282.25,9,201410
112.965083,24.696527,269.0,9,201410
112.97792,24.696527,261.25,9,201410
112.990757,24.696527,259.25,9,201410
113.003594,24.696527,256.5,9,201410
113.016431,24.696527,255.5,9,201410
112.84955,24.704997,262.0,9,201410
112.862387,24.704997,265.25,9,201410
112.875224,24.704997,279.75,9,201410
112.888061,24.704997,294.25,9,201410
112.900898,24.704997,317.5,9,201410
112.913735,24.704997,308.5,9,201410
112.926572,24.704997,297.25,9,201410
112.939409,24.704997,290.75,9,201410
112.952246,24.704997,282.0,9,201410
112.965083,24.704997,271.0,9,201410
112.97792,24.704997,263.25,9,201410
112.990757,24.704997,259.75,9,201410
113.003594,24.704997,256.5,9,201410
113.016431,24.704997,255.5,9,201410
112.84955,24.713467,264.25,9,201410
112.862387,24.713467,272.5,9,201410
112.875224,24.713467,293.5,9,201410
112.888061,24.713467,304.0,9,201410
112.900898,24.713467,312.75,9,201410
112.913735,24.713467,303.75,9,201410
112.926572,24.713467,296.0,9,201410
112.939409,24.713467,289.0,9,201410
112.952246,24.713467,280.25,9,201410
112.965083,24.713467,268.5,9,201410
112.97792,24.713467,263.5,9,201410
112.990757,24.713467,260.0,9,201410
113.003594,24.713467,256.75,9,201410
112.84955,24.721937,265.5,9,201410
112.862387,24.721937,276.0,9,201410
112.875224,24.721937,296.0,9,201410
112.888061,24.721937,303.75,9,201410
112.900898,24.721937,307.25,9,201410
112.913735,24.721937,298.25,9,201410
112.926572,24.721937,296.75,9,201410
112.939409,24.721937,291.25,9,201410
112.952246,24.721937,280.25,9,201410
112.965083,24.721937,270.5,9,201410
112.97792,24.721937,262.0,9,201410
112.990757,24.721937,260.25,9,201410
113.003594,24.721937,257.0,9,201410
112.862387,24.730407,269.75,9,201410
112.875224,24.730407,287.75,9,201410
112.888061,24.730407,291.25,9,201410
112.900898,24.730407,295.5,9,201410
112.913735,24.730407,287.25,9,201410
112.926572,24.730407,295.0,9,201410
112.939409,24.730407,286.75,9,201410
112.952246,24.730407,279.5,9,201410
112.965083,24.730407,268.0,9,201410
112.97792,24.730407,262.25,9,201410
112.990757,24.730407,258.0,9,201410
113.003594,24.730407,252.75,9,201410
112.84955,24.738877,253.25,9,201410
112.862387,24.738877,259.75,9,201410
112.875224,24.738877,271.75,9,201410
112.888061,24.738877,273.5,9,201410
112.900898,24.738877,271.75,9,201410
112.913735,24.738877,275.75,9,201410
112.926572,24.738877,286.75,9,201410
112.939409,24.738877,286.5,9,201410
112.952246,24.738877,277.5,9,201410
112.965083,24.738877,265.0,9,201410
112.97792,24.738877,258.0,9,201410
112.990757,24.738877,252.5,9,201410
113.003594,24.738877,249.5,9,201410
112.84955,24.747347,250.25,9,201410
112.862387,24.747347,252.5,9,201410
112.875224,24.747347,255.75,9,201410
112.888061,24.747347,260.25,9,201410
112.900898,24.747347,264.0,9,201410
112.913735,24.747347,273.5,9,201410
112.926572,24.747347,282.0,9,201410
112.939409,24.747347,286.25,9,201410
112.952246,24.747347,276.5,9,201410
112.965083,24.747347,264.5,9,201410
112.97792,24.747347,254.5,9,201410
112.84955,24.755817,247.25,9,201410
112.862387,24.755817,245.0,9,201410
112.875224,24.755817,248.5,9,201410
112.888061,24.755817,255.5,9,201410
112.900898,24.755817,264.5,9,201410
112.913735,24.755817,276.0,9,201410
112.926572,24.755817,286.75,9,201410
112.939409,24.755817,290.75,9,201410
112.952246,24.755817,278.0,9,201410
112.965083,24.755817,269.0,9,201410
112.97792,24.755817,257.25,9,201410
112.84955,24.764287,247.0,9,201410
112.862387,24.764287,245.75,9,201410
112.875224,24.764287,248.25,9,201410
112.888061,24.764287,252.5,9,201410
112.900898,24.764287,261.75,9,201410
112.913735,24.764287,273.0,9,201410
112.926572,24.764287,285.75,9,201410
112.939409,24.764287,294.0,9,201410
112.952246,24.764287,287.0,9,201410
112.965083,24.764287,277.25,9,201410
112.97792,24.764287,262.5,9,201410
112.836713,24.772757,249.0,9,201410
112.84955,24.772757,247.0,9,201410
112.862387,24.772757,248.5,9,201410
112.875224,24.772757,252.75,9,201410
112.888061,24.772757,252.5,9,201410
112.900898,24.772757,257.5,9,201410
112.913735,24.772757,268.5,9,201410
112.926572,24.772757,279.0,9,201410
112.939409,24.772757,289.75,9,201410
112.952246,24.772757,291.0,9,201410
112.965083,24.772757,276.75,9,201410
112.97792,24.772757,264.25,9,201410
112.836713,24.781227,250.0,9,201410
112.84955,24.781227,247.0,9,201410
112.862387,24.781227,252.0,9,201410
112.875224,24.781227,261.75,9,201410
112.888061,24.781227,263.0,9,201410
112.900898,24.781227,263.75,9,201410
112.913735,24.781227,272.75,9,201410
112.926572,24.781227,282.25,9,201410
112.939409,24.781227,290.5,9,201410
112.952246,24.781227,296.5,9,201410
112.965083,24.781227,284.5,9,201410
112.97792,24.781227,266.25,9,201410
112.84955,24.789697,250.75,9,201410
112.862387,24.789697,255.0,9,201410
112.875224,24.789697,261.75,9,201410
112.888061,24.789697,265.75,9,201410
112.900898,24.789697,268.25,9,201410
112.913735,24.789697,280.0,9,201410
112.926572,24.789697,291.0,9,201410
112.939409,24.789697,296.75,9,201410
112.952246,24.789697,299.0,9,201410
112.965083,24.789697,287.0,9,201410
112.97792,24.789697,270.25,9,201410
112.84955,24.798167,252.25,9,201410
112.862387,24.798167,254.75,9,201410
112.875224,24.798167,255.5,9,201410
112.888061,24.798167,260.5,9,201410
112.900898,24.798167,268.25,9,201410
112.913735,24.798167,277.5,9,201410
112.926572,24.798167,288.25,9,201410
112.939409,24.798167,296.0,9,201410
112.952246,24.798167,301.0,9,201410
112.965083,24.798167,293.25,9,201410
112.97792,24.798167,283.5,9,201410
112.875224,24.806637,250.0,9,201410
112.888061,24.806637,252.5,9,201410
112.900898,24.806637,260.25,9,201410
112.913735,24.806637,272.0,9,201410
112.926572,24.806637,282.25,9,201410
112.939409,24.806637,289.75,9,201410
112.952246,24.806637,299.25,9,201410
112.965083,24.806637,295.0,9,201410
112.97792,24.806637,283.75,9,201410
112.875224,24.815107,248.75,9,201410
112.888061,24.815107,251.5,9,201410
112.900898,24.815107,260.25,9,201410
112.913735,24.815107,272.0,9,201410
112.926572,24.815107,284.75,9,201410
112.939409,24.815107,293.25,9,201410
112.952246,24.815107,300.0,9,201410
112.965083,24.815107,288.75,9,201410
112.875224,24.823577,249.75,9,201410
112.888061,24.823577,251.25,9,201410
112.900898,24.823577,263.75,9,201410
112.913735,24.823577,274.5,9,201410
112.926572,24.823577,288.75,9,201410
112.939409,24.823577,296.5,9,201410
112.952246,24.823577,300.0,9,201410
112.965083,24.823577,288.75,9,201410
112.888061,24.832047,251.25,9,201410
112.900898,24.832047,265.75,9,201410
112.913735,24.832047,271.5,9,201410
112.888061,24.840517,251.0,9,201410
112.888061,24.848987,251.0,9,201410
112.952246,24.688057,516.75,10,201411
112.965083,24.688057,497.25,10,201411
112.97792,24.688057,477.75,10,201411
112.862387,24.696527,504.0,10,201411
112.888061,24.696527,572.25,10,201411
112.939409,24.696527,539.75,10,201411
112.952246,24.696527,526.75,10,201411
112.965083,24.696527,500.5,10,201411
112.97792,24.696527,477.75,10,201411
112.990757,24.696527,481.25,10,201411
113.003594,24.696527,471.75,10,201411
113.016431,24.696527,468.5,10,201411
112.84955,24.704997,498.0,10,201411
112.862387,24.704997,504.25,10,201411
112.875224,24.704997,530.25,10,201411
112.888061,24.704997,562.75,10,201411
112.900898,24.704997,598.5,10,201411
112.913735,24.704997,579.25,10,201411
112.926572,24.704997,556.25,10,201411
112.939409,24.704997,546.75,10,201411
112.952246,24.704997,530.25,10,201411
112.965083,24.704997,507.75,10,201411
112.97792,24.704997,488.0,10,201411
112.990757,24.704997,485.0,10,201411
113.003594,24.704997,471.75,10,201411
113.016431,24.704997,468.5,10,201411
112.84955,24.713467,504.75,10,201411
112.862387,24.713467,524.25,10,201411
112.875224,24.713467,566.5,10,201411
112.888061,24.713467,586.0,10,201411
112.900898,24.713467,595.75,10,201411
112.913735,24.713467,576.25,10,201411
112.926572,24.713467,560.0,10,201411
112.939409,24.713467,547.0,10,201411
112.952246,24.713467,530.75,10,201411
112.965083,24.713467,508.0,10,201411
112.97792,24.713467,495.0,10,201411
112.990757,24.713467,491.75,10,201411
113.003594,24.713467,478.75,10,201411
112.84955,24.721937,511.5,10,201411
112.862387,24.721937,537.25,10,201411
112.875224,24.721937,576.5,10,201411
112.888061,24.721937,589.75,10,201411
112.900898,24.721937,589.25,10,201411
112.913735,24.721937,573.25,10,201411
112.926572,24.721937,569.75,10,201411
112.939409,24.721937,563.25,10,201411
112.952246,24.721937,540.5,10,201411
112.965083,24.721937,521.0,10,201411
112.97792,24.721937,498.25,10,201411
112.990757,24.721937,495.0,10,201411
113.003594,24.721937,485.25,10,201411
112.862387,24.730407,531.25,10,201411
112.875224,24.730407,567.25,10,201411
112.888061,24.730407,570.75,10,201411
112.900898,24.730407,573.5,10,201411
112.913735,24.730407,560.75,10,201411
112.926572,24.730407,573.5,10,201411
112.939409,24.730407,560.75,10,201411
112.952246,24.730407,547.5,10,201411
112.965083,24.730407,518.5,10,201411
112.97792,24.730407,505.25,10,201411
112.990757,24.730407,495.75,10,201411
113.003594,24.730407,482.5,10,201411
112.84955,24.738877,499.25,10,201411
112.862387,24.738877,518.75,10,201411
112.875224,24.738877,541.5,10,201411
112.888061,24.738877,541.5,10,201411
112.900898,24.738877,535.0,10,201411
112.913735,24.738877,544.75,10,201411
112.926572,24.738877,561.0,10,201411
112.939409,24.738877,564.25,10,201411
112.952246,24.738877,544.75,10,201411
112.965083,24.738877,515.5,10,201411
112.97792,24.738877,499.25,10,201411
112.990757,24.738877,489.5,10,201411
113.003594,24.738877,483.0,10,201411
112.84955,24.747347,496.0,10,201411
112.862387,24.747347,502.5,10,201411
112.875224,24.747347,505.75,10,201411
112.888061,24.747347,515.5,10,201411
112.900898,24.747347,525.25,10,201411
112.913735,24.747347,544.75,10,201411
112.926572,24.747347,558.0,10,201411
112.939409,24.747347,568.25,10,201411
112.952246,24.747347,551.5,10,201411
112.965083,24.747347,525.25,10,201411
112.97792,24.747347,496.0,10,201411
112.84955,24.755817,489.5,10,201411
112.862387,24.755817,489.5,10,201411
112.875224,24.755817,489.5,10,201411
112.888061,24.755817,505.75,10,201411
112.900898,24.755817,528.5,10,201411
112.913735,24.755817,551.25,10,201411
112.926572,24.755817,571.25,10,201411
112.939409,24.755817,581.25,10,201411
112.952246,24.755817,558.25,10,201411
112.965083,24.755817,531.75,10,201411
112.97792,24.755817,509.0,10,201411
112.84955,24.764287,496.0,10,201411
112.862387,24.764287,492.75,10,201411
112.875224,24.764287,489.5,10,201411
112.888061,24.764287,499.25,10,201411
112.900898,24.764287,518.75,10,201411
112.913735,24.764287,541.5,10,201411
112.926572,24.764287,564.5,10,201411
112.939409,24.764287,584.0,10,201411
112.952246,24.764287,571.0,10,201411
112.965083,24.764287,554.5,10,201411
112.97792,24.764287,525.25,10,201411
112.836713,24.772757,502.25,10,201411
112.84955,24.772757,495.75,10,201411
112.862387,24.772757,499.25,10,201411
112.875224,24.772757,505.75,10,201411
112.888061,24.772757,502.5,10,201411
112.900898,24.772757,505.75,10,201411
112.913735,24.772757,528.5,10,201411
112.926572,24.772757,551.25,10,201411
112.939409,24.772757,574.0,10,201411
112.952246,24.772757,577.25,10,201411
112.965083,24.772757,551.25,10,201411
112.97792,24.772757,528.5,10,201411
112.836713,24.781227,505.0,10,201411
112.84955,24.781227,495.25,10,201411
112.862387,24.781227,502.0,10,201411
112.875224,24.781227,528.25,10,201411
112.888061,24.781227,531.75,10,201411
112.900898,24.781227,522.0,10,201411
112.913735,24.781227,538.25,10,201411
112.926572,24.781227,554.5,10,201411
112.939409,24.781227,570.75,10,201411
112.952246,24.781227,587.0,10,201411
112.965083,24.781227,564.25,10,201411
112.97792,24.781227,525.25,10,201411
112.84955,24.789697,498.25,10,201411
112.862387,24.789697,505.0,10,201411
112.875224,24.789697,524.75,10,201411
112.888061,24.789697,534.75,10,201411
112.900898,24.789697,534.75,10,201411
112.913735,24.789697,554.5,10,201411
112.926572,24.789697,574.0,10,201411
112.939409,24.789697,587.0,10,201411
112.952246,24.789697,587.0,10,201411
112.965083,24.789697,564.25,10,201411
112.97792,24.789697,535.0,10,201411
112.84955,24.798167,498.25,10,201411
112.862387,24.798167,501.5,10,201411
112.875224,24.798167,504.75,10,201411
112.888061,24.798167,514.75,10,201411
112.900898,24.798167,531.0,10,201411
112.913735,24.798167,550.75,10,201411
112.926572,24.798167,570.5,10,201411
112.939409,24.798167,587.0,10,201411
112.952246,24.798167,596.75,10,201411
112.965083,24.798167,580.5,10,201411
112.97792,24.798167,557.75,10,201411
112.875224,24.806637,488.5,10,201411
112.888061,24.806637,491.75,10,201411
112.900898,24.806637,511.25,10,201411
112.913735,24.806637,537.5,10,201411
112.926572,24.806637,560.25,10,201411
112.939409,24.806637,576.75,10,201411
112.952246,24.806637,586.5,10,201411
112.965083,24.806637,583.5,10,201411
112.97792,24.806637,557.5,10,201411
112.875224,24.815107,485.25,10,201411
112.888061,24.815107,488.5,10,201411
112.900898,24.815107,511.25,10,201411
112.913735,24.815107,540.5,10,201411
112.926572,24.815107,563.25,10,201411
112.939409,24.815107,583.0,10,201411
112.952246,24.815107,586.0,10,201411
112.965083,24.815107,560.0,10,201411
112.875224,24.823577,485.25,10,201411
112.888061,24.823577,488.5,10,201411
112.900898,24.823577,517.75,10,201411
112.913735,24.823577,537.25,10,201411
112.926572,24.823577,569.75,10,201411
112.939409,24.823577,586.0,10,201411
112.952246,24.823577,586.0,10,201411
112.965083,24.823577,563.25,10,201411
112.888061,24.832047,488.25,10,201411
112.900898,24.832047,521.0,10,201411
112.913735,24.832047,530.75,10,201411
112.888061,24.840517,484.75,10,201411
112.888061,24.848987,484.75,10,201411
112.952246,24.688057,627.0,11,201412
112.965083,24.688057,610.75,11,201412
112.97792,24.688057,599.5,11,201412
112.862387,24.696527,639.5,11,201412
112.888061,24.696527,658.25,11,201412
112.939409,24.696527,648.75,11,201412
112.952246,24.696527,636.25,11,201412
112.965083,24.696527,616.0,11,201412
112.97792,24.696527,599.5,11,201412
112.990757,24.696527,601.25,11,201412
113.003594,24.696527,601.5,11,201412
113.016431,24.696527,593.75,11,201412
112.84955,24.704997,634.25,11,201412
112.862387,24.704997,636.5,11,201412
112.875224,24.704997,651.5,11,201412
112.888061,24.704997,655.25,11,201412
112.900898,24.704997,666.5,11,201412
112.913735,24.704997,656.0,11,201412
112.926572,24.704997,650.0,11,201412
112.939409,24.704997,650.25,11,201412
112.952246,24.704997,641.5,11,201412
112.965083,24.704997,622.5,11,201412
112.97792,24.704997,606.0,11,201412
112.990757,24.704997,602.5,11,201412
113.003594,24.704997,601.5,11,201412
113.016431,24.704997,593.75,11,201412
112.84955,24.713467,639.5,11,201412
112.862387,24.713467,647.0,11,201412
112.875224,24.713467,659.75,11,201412
112.888061,24.713467,658.0,11,201412
112.900898,24.713467,661.5,11,201412
112.913735,24.713467,654.75,11,201412
112.926572,24.713467,652.75,11,201412
112.939409,24.713467,653.25,11,201412
112.952246,24.713467,644.5,11,201412
112.965083,24.713467,625.25,11,201412
112.97792,24.713467,612.5,11,201412
112.990757,24.713467,605.25,11,201412
113.003594,24.713467,604.25,11,201412
112.84955,24.721937,654.5,11,201412
112.862387,24.721937,661.5,11,201412
112.875224,24.721937,662.5,11,201412
112.888061,24.721937,658.0,11,201412
112.900898,24.721937,656.5,11,201412
112.913735,24.721937,657.5,11,201412
112.926572,24.721937,655.5,11,201412
112.939409,24.721937,656.25,11,201412
112.952246,24.721937,651.25,11,201412
112.965083,24.721937,632.0,11,201412
112.97792,24.721937,619.25,11,201412
112.990757,24.721937,619.5,11,201412
113.003594,24.721937,610.75,11,201412
112.862387,24.730407,668.5,11,201412
112.875224,24.730407,665.25,11,201412
112.888061,24.730407,657.0,11,201412
112.900898,24.730407,651.5,11,201412
112.913735,24.730407,652.25,11,201412
112.926572,24.730407,658.5,11,201412
112.939409,24.730407,655.25,11,201412
112.952246,24.730407,650.0,11,201412
112.965083,24.730407,630.5,11,201412
112.97792,24.730407,625.75,11,201412
112.990757,24.730407,622.25,11,201412
113.003594,24.730407,613.5,11,201412
112.84955,24.738877,641.75,11,201412
112.862387,24.738877,660.75,11,201412
112.875224,24.738877,664.0,11,201412
112.888061,24.738877,652.0,11,201412
112.900898,24.738877,644.0,11,201412
112.913735,24.738877,651.25,11,201412
112.926572,24.738877,661.5,11,201412
112.939409,24.738877,665.75,11,201412
112.952246,24.738877,648.75,11,201412
112.965083,24.738877,637.25,11,201412
112.97792,24.738877,624.5,11,201412
112.990757,24.738877,621.0,11,201412
113.003594,24.738877,616.25,11,201412
112.84955,24.747347,623.5,11,201412
112.862387,24.747347,639.0,11,201412
112.875224,24.747347,642.5,11,201412
112.888061,24.747347,650.25,11,201412
112.900898,24.747347,650.0,11,201412
112.913735,24.747347,657.5,11,201412
112.926572,24.747347,664.5,11,201412
112.939409,24.747347,672.75,11,201412
112.952246,24.747347,659.5,11,201412
112.965083,24.747347,648.25,11,201412
112.97792,24.747347,627.25,11,201412
112.84955,24.755817,604.75,11,201412
112.862387,24.755817,612.25,11,201412
112.875224,24.755817,635.75,11,201412
112.888061,24.755817,655.25,11,201412
112.900898,24.755817,659.0,11,201412
112.913735,24.755817,666.75,11,201412
112.926572,24.755817,678.0,11,201412
112.939409,24.755817,677.75,11,201412
112.952246,24.755817,669.25,11,201412
112.965083,24.755817,653.0,11,201412
112.97792,24.755817,636.75,11,201412
112.84955,24.764287,601.0,11,201412
112.862387,24.764287,616.25,11,201412
112.875224,24.764287,632.0,11,201412
112.888061,24.764287,647.25,11,201412
112.900898,24.764287,659.0,11,201412
112.913735,24.764287,667.0,11,201412
112.926572,24.764287,678.0,11,201412
112.939409,24.764287,682.0,11,201412
112.952246,24.764287,677.25,11,201412
112.965083,24.764287,661.0,11,201412
112.97792,24.764287,645.0,11,201412
112.836713,24.772757,597.0,11,201412
112.84955,24.772757,608.5,11,201412
112.862387,24.772757,632.0,11,201412
112.875224,24.772757,643.75,11,201412
112.888061,24.772757,647.25,11,201412
112.900898,24.772757,655.0,11,201412
112.913735,24.772757,666.75,11,201412
112.926572,24.772757,674.0,11,201412
112.939409,24.772757,682.0,11,201412
112.952246,24.772757,673.25,11,201412
112.965083,24.772757,665.0,11,201412
112.97792,24.772757,653.0,11,201412
112.836713,24.781227,592.75,11,201412
112.84955,24.781227,616.25,11,201412
112.862387,24.781227,648.0,11,201412
112.875224,24.781227,663.25,11,201412
112.888061,24.781227,663.0,11,201412
112.900898,24.781227,663.0,11,201412
112.913735,24.781227,670.5,11,201412
112.926572,24.781227,670.0,11,201412
112.939409,24.781227,677.75,11,201412
112.952246,24.781227,677.25,11,201412
112.965083,24.781227,669.0,11,201412
112.97792,24.781227,661.0,11,201412
112.84955,24.789697,620.0,11,201412
112.862387,24.789697,648.0,11,201412
112.875224,24.789697,663.0,11,201412
112.888061,24.789697,671.0,11,201412
112.900898,24.789697,670.75,11,201412
112.913735,24.789697,678.0,11,201412
112.926572,24.789697,674.0,11,201412
112.939409,24.789697,681.5,11,201412
112.952246,24.789697,681.0,11,201412
112.965083,24.789697,677.0,11,201412
112.97792,24.789697,665.0,11,201412
112.84955,24.798167,628.0,11,201412
112.862387,24.798167,644.0,11,201412
112.875224,24.798167,639.0,11,201412
112.888061,24.798167,655.0,11,201412
112.900898,24.798167,666.75,11,201412
112.913735,24.798167,670.0,11,201412
112.926572,24.798167,674.0,11,201412
112.939409,24.798167,677.25,11,201412
112.952246,24.798167,681.0,11,201412
112.965083,24.798167,681.0,11,201412
112.97792,24.798167,676.75,11,201412
112.875224,24.806637,619.0,11,201412
112.888061,24.806637,639.0,11,201412
112.900898,24.806637,654.5,11,201412
112.913735,24.806637,666.0,11,201412
112.926572,24.806637,670.0,11,201412
112.939409,24.806637,673.25,11,201412
112.952246,24.806637,681.0,11,201412
112.965083,24.806637,681.0,11,201412
112.97792,24.806637,676.5,11,201412
112.875224,24.815107,611.0,11,201412
112.888061,24.815107,635.0,11,201412
112.900898,24.815107,654.25,11,201412
112.913735,24.815107,674.0,11,201412
112.926572,24.815107,677.75,11,201412
112.939409,24.815107,677.0,11,201412
112.952246,24.815107,685.0,11,201412
112.965083,24.815107,680.75,11,201412
112.875224,24.823577,615.0,11,201412
112.888061,24.823577,631.0,11,201412
112.900898,24.823577,654.0,11,201412
112.913735,24.823577,674.0,11,201412
112.926572,24.823577,681.5,11,201412
112.939409,24.823577,685.0,11,201412
112.952246,24.823577,685.0,11,201412
112.965083,24.823577,680.75,11,201412
112.888061,24.832047,623.0,11,201412
112.900898,24.832047,658.0,11,201412
112.913735,24.832047,670.0,11,201412
112.888061,24.840517,615.0,11,201412
112.888061,24.848987,615.0,11,201412
