region_id,longitude,latitude,boundary
33,112.939409,24.713467,"[(112.89022985056043, 24.695208338846523), (112.87904143938259, 24.696819873064264), (112.8816425, 24.700761999999997), (112.89447949999999, 24.700761999999997), (112.89711241073854, 24.696771601517028), (112.89022985056043, 24.695208338846523)]"
74,112.97792,24.738877,"[(112.9360545023231, 24.695899352753294), (112.93058502318547, 24.697116296827854), (112.93299049999999, 24.700761999999997), (112.94582750000001, 24.700762), (112.94582750000001, 24.69327308971373), (112.9360545023231, 24.695899352753294)]"
76,113.003594,24.738877,"[(112.94582750000001, 24.69327308971373), (112.94582750000001, 24.700762), (112.9586645, 24.700761999999997), (112.9586645, 24.692292000000002), (112.94947838620169, 24.692292000000002), (112.94582750000001, 24.69327308971373)]"
38,113.003594,24.713467,"[(112.9715015, 24.700761999999997), (112.9715015, 24.692292000000002), (112.9586645, 24.692292000000002), (112.9586645, 24.700761999999997), (112.9715015, 24.700761999999997)]"
35,112.965083,24.713467,"[(112.9843385, 24.700762), (112.9843385, 24.692292000000002), (112.9715015, 24.692292000000002), (112.9715015, 24.700761999999997), (112.9843385, 24.700762)]"
36,112.97792,24.713467,"[(112.99385821175574, 24.694344567093975), (112.98739332321848, 24.68933457040414), (112.98608315135048, 24.689647833602596), (112.9843385, 24.692292000000002), (112.9843385, 24.700762), (112.9971755, 24.700761999999997), (112.9971755, 24.693390146402606), (112.99385821175574, 24.694344567093975)]"
19,112.939409,24.704997,"[(113.00526683922024, 24.691062178193622), (112.9971755, 24.693390146402606), (112.9971755, 24.700761999999997), (113.0100125, 24.700761999999997), (113.0100125, 24.691896713368077), (113.00526683922024, 24.691062178193622)]"
124,112.862387,24.781227,"[(112.8688055, 24.709232), (112.86880550000001, 24.700761999999997), (112.85596849999999, 24.700761999999997), (112.85596849999999, 24.709232), (112.8688055, 24.709232)]"
122,112.836713,24.781227,"[(112.87463806077024, 24.697454118194756), (112.87152181397033, 24.696645196878723), (112.86880550000001, 24.700761999999997), (112.8688055, 24.709232), (112.8816425, 24.709232), (112.8816425, 24.700761999999997), (112.87904143938259, 24.696819873064264), (112.87463806077024, 24.697454118194756)]"
123,112.84955,24.781227,"[(112.89447949999999, 24.709232), (112.89447949999999, 24.700761999999997), (112.8816425, 24.700761999999997), (112.8816425, 24.709232), (112.89447949999999, 24.709232)]"
68,112.900898,24.738877,"[(112.8993567518134, 24.69728136743718), (112.89711241073854, 24.696771601517028), (112.89447949999999, 24.700761999999997), (112.89447949999999, 24.709232), (112.90731650000001, 24.709232), (112.90731650000001, 24.69728136743718), (112.8993567518134, 24.69728136743718)]"
72,112.952246,24.738877,"[(112.91837113002259, 24.696244857861444), (112.90791322196262, 24.69728136743718), (112.90731650000001, 24.69728136743718), (112.90731650000001, 24.709232), (112.9201535, 24.709232), (112.9201535, 24.696612888623417), (112.91837113002259, 24.696244857861444)]"
75,112.990757,24.738877,"[(112.92673745647058, 24.697972369846386), (112.9201535, 24.696612888623417), (112.9201535, 24.709232), (112.93299049999999, 24.709232), (112.93299049999999, 24.700761999999997), (112.93058502318547, 24.697116296827854), (112.92673745647058, 24.697972369846386)]"
141,112.939409,24.789697,"[(112.9458275, 24.709232), (112.94582750000001, 24.700762), (112.93299049999999, 24.700761999999997), (112.93299049999999, 24.709232), (112.9458275, 24.709232)]"
135,112.862387,24.789697,"[(112.94582750000001, 24.700762), (112.9458275, 24.709232), (112.9586645, 24.709232), (112.9586645, 24.700761999999997), (112.94582750000001, 24.700762)]"
139,112.913735,24.789697,"[(112.9715015, 24.700761999999997), (112.9586645, 24.700761999999997), (112.9586645, 24.709232), (112.9715015, 24.709232), (112.9715015, 24.700761999999997)]"
131,112.952246,24.781227,"[(112.9843385, 24.700762), (112.9715015, 24.700761999999997), (112.9715015, 24.709232), (112.9843385, 24.709232), (112.9843385, 24.700762)]"
128,112.913735,24.781227,"[(112.9971755, 24.709232), (112.9971755, 24.700761999999997), (112.9843385, 24.700762), (112.9843385, 24.709232), (112.9971755, 24.709232)]"
133,112.97792,24.781227,"[(113.0100125, 24.709232), (113.0100125, 24.700761999999997), (112.9971755, 24.700761999999997), (112.9971755, 24.709232), (113.0100125, 24.709232)]"
121,112.97792,24.772757,"[(112.84687706871057, 24.710237015165355), (112.8481153736244, 24.717702), (112.85596849999999, 24.717702), (112.85596849999999, 24.709232), (112.84667592632367, 24.709232), (112.84687706871057, 24.710237015165355)]"
161,112.939409,24.806637,"[(112.8688055, 24.709232), (112.85596849999999, 24.709232), (112.85596849999999, 24.717702), (112.86880550000001, 24.717702), (112.8688055, 24.709232)]"
158,112.900898,24.806637,"[(112.86880550000001, 24.717702), (112.8816425, 24.717702000000003), (112.8816425, 24.709232), (112.8688055, 24.709232), (112.86880550000001, 24.717702)]"
163,112.965083,24.806637,"[(112.89447949999999, 24.717702), (112.89447949999999, 24.709232), (112.8816425, 24.709232), (112.8816425, 24.717702000000003), (112.89447949999999, 24.717702)]"
69,112.913735,24.738877,"[(112.90731650000001, 24.709232), (112.89447949999999, 24.709232), (112.89447949999999, 24.717702), (112.90731650000001, 24.717702000000003), (112.90731650000001, 24.709232)]"
73,112.965083,24.738877,"[(112.90731650000001, 24.709232), (112.90731650000001, 24.717702000000003), (112.9201535, 24.717702), (112.9201535, 24.709232), (112.90731650000001, 24.709232)]"
77,112.84955,24.747347,"[(112.9201535, 24.709232), (112.9201535, 24.717702), (112.93299049999999, 24.717702000000003), (112.93299049999999, 24.709232), (112.9201535, 24.709232)]"
138,112.900898,24.789697,"[(112.9458275, 24.709232), (112.93299049999999, 24.709232), (112.93299049999999, 24.717702000000003), (112.94582750000001, 24.717702), (112.9458275, 24.709232)]"
134,112.84955,24.789697,"[(112.9586645, 24.717702000000003), (112.9586645, 24.709232), (112.9458275, 24.709232), (112.94582750000001, 24.717702), (112.9586645, 24.717702000000003)]"
136,112.875224,24.789697,"[(112.9715015, 24.717702000000003), (112.9715015, 24.709232), (112.9586645, 24.709232), (112.9586645, 24.717702000000003), (112.9715015, 24.717702000000003)]"
126,112.888061,24.781227,"[(112.9843385, 24.717702), (112.9843385, 24.709232), (112.9715015, 24.709232), (112.9715015, 24.717702000000003), (112.9843385, 24.717702)]"
125,112.875224,24.781227,"[(112.9843385, 24.709232), (112.9843385, 24.717702), (112.9971755, 24.717702000000003), (112.9971755, 24.709232), (112.9843385, 24.709232)]"
129,112.926572,24.781227,"[(113.01268244626367, 24.717491589220415), (113.01370013254757, 24.714820918419502), (113.0100125, 24.709232), (112.9971755, 24.709232), (112.9971755, 24.717702000000003), (113.01265571794694, 24.717702000000003), (113.01268244626367, 24.717491589220415)]"
67,112.888061,24.738877,"[(112.84896865032256, 24.722845884628427), (112.84976689077112, 24.730407), (112.85317419837189, 24.730407), (112.85596849999999, 24.726172), (112.85596849999999, 24.717702), (112.8481153736244, 24.717702), (112.84896865032256, 24.722845884628427)]"
156,112.875224,24.806637,"[(112.85596849999999, 24.717702), (112.85596849999999, 24.726172), (112.86880550000001, 24.726172), (112.86880550000001, 24.717702), (112.85596849999999, 24.717702)]"
155,112.97792,24.798167,"[(112.86880550000001, 24.717702), (112.86880550000001, 24.726172), (112.8816425, 24.726172), (112.8816425, 24.717702000000003), (112.86880550000001, 24.717702)]"
159,112.913735,24.806637,"[(112.8816425, 24.726172), (112.89447949999999, 24.726172000000002), (112.89447949999999, 24.717702), (112.8816425, 24.717702000000003), (112.8816425, 24.726172)]"
116,112.913735,24.772757,"[(112.90731650000001, 24.717702000000003), (112.89447949999999, 24.717702), (112.89447949999999, 24.726172000000002), (112.90731650000001, 24.726172), (112.90731650000001, 24.717702000000003)]"
70,112.926572,24.738877,"[(112.9201535, 24.726172000000002), (112.9201535, 24.717702), (112.90731650000001, 24.717702000000003), (112.90731650000001, 24.726172), (112.9201535, 24.726172000000002)]"
40,112.862387,24.721937,"[(112.9201535, 24.717702), (112.9201535, 24.726172000000002), (112.93299049999999, 24.726172), (112.93299049999999, 24.717702000000003), (112.9201535, 24.717702)]"
142,112.952246,24.789697,"[(112.93299049999999, 24.717702000000003), (112.93299049999999, 24.726172), (112.94582750000001, 24.726172), (112.94582750000001, 24.717702), (112.93299049999999, 24.717702000000003)]"
137,112.888061,24.789697,"[(112.94582750000001, 24.717702), (112.94582750000001, 24.726172), (112.9586645, 24.726172), (112.9586645, 24.717702000000003), (112.94582750000001, 24.717702)]"
140,112.926572,24.789697,"[(112.9586645, 24.726172), (112.9715015, 24.726172000000002), (112.9715015, 24.717702000000003), (112.9586645, 24.717702000000003), (112.9586645, 24.726172)]"
130,112.939409,24.781227,"[(112.9715015, 24.717702000000003), (112.9715015, 24.726172000000002), (112.9843385, 24.726172000000002), (112.9843385, 24.717702), (112.9715015, 24.717702000000003)]"
127,112.900898,24.781227,"[(112.9843385, 24.717702), (112.9843385, 24.726172000000002), (112.9971755, 24.726172), (112.9971755, 24.717702000000003), (112.9843385, 24.717702)]"
132,112.965083,24.781227,"[(113.01265571794694, 24.717702000000003), (112.9971755, 24.717702000000003), (112.9971755, 24.726172), (113.01157978047296, 24.726172), (113.01265571794694, 24.717702000000003)]"
160,112.926572,24.806637,"[(112.85317419837189, 24.730407), (112.85596849999999, 24.734642), (112.86880550000001, 24.734641999999997), (112.86880550000001, 24.726172), (112.85596849999999, 24.726172), (112.85317419837189, 24.730407)]"
157,112.888061,24.806637,"[(112.86880550000001, 24.734641999999997), (112.8816425, 24.734641999999997), (112.8816425, 24.726172), (112.86880550000001, 24.726172), (112.86880550000001, 24.734641999999997)]"
162,112.952246,24.806637,"[(112.89447949999999, 24.734642), (112.89447949999999, 24.726172000000002), (112.8816425, 24.726172), (112.8816425, 24.734641999999997), (112.89447949999999, 24.734642)]"
114,112.888061,24.772757,"[(112.90731650000001, 24.734642), (112.90731650000001, 24.726172), (112.89447949999999, 24.726172000000002), (112.89447949999999, 24.734642), (112.90731650000001, 24.734642)]"
71,112.939409,24.738877,"[(112.90731650000001, 24.734642), (112.9201535, 24.734641999999997), (112.9201535, 24.726172000000002), (112.90731650000001, 24.726172), (112.90731650000001, 24.734642)]"
34,112.952246,24.713467,"[(112.9201535, 24.726172000000002), (112.9201535, 24.734641999999997), (112.93299049999999, 24.734642), (112.93299049999999, 24.726172), (112.9201535, 24.726172000000002)]"
81,112.900898,24.747347,"[(112.93299049999999, 24.734642), (112.94582750000001, 24.734642), (112.94582750000001, 24.726172), (112.93299049999999, 24.726172), (112.93299049999999, 24.734642)]"
79,112.875224,24.747347,"[(112.94582750000001, 24.726172), (112.94582750000001, 24.734642), (112.9586645, 24.734642), (112.9586645, 24.726172), (112.94582750000001, 24.726172)]"
82,112.913735,24.747347,"[(112.9586645, 24.734642), (112.9715015, 24.734641999999997), (112.9715015, 24.726172000000002), (112.9586645, 24.726172), (112.9586645, 24.734642)]"
43,112.900898,24.721937,"[(112.9843385, 24.726172000000002), (112.9715015, 24.726172000000002), (112.9715015, 24.734641999999997), (112.9843385, 24.734642), (112.9843385, 24.726172000000002)]"
42,112.888061,24.721937,"[(112.9843385, 24.726172000000002), (112.9843385, 24.734642), (112.9971755, 24.734641999999997), (112.9971755, 24.726172), (112.9843385, 24.726172000000002)]"
45,112.926572,24.721937,"[(113.00697813253142, 24.73424458456388), (113.01097115205417, 24.73096324747656), (113.01157978047296, 24.726172), (112.9971755, 24.726172), (112.9971755, 24.734641999999997), (113.00669500024561, 24.734641999999997), (113.00697813253142, 24.73424458456388)]"
66,112.875224,24.738877,"[(112.85029965623126, 24.735453475804885), (112.84782778721677, 24.742361203582238), (112.84788415394728, 24.743112), (112.85596849999999, 24.743112), (112.85596849999999, 24.734642), (112.85317419837189, 24.730407), (112.84976689077112, 24.730407), (112.85029965623126, 24.735453475804885)]"
65,112.862387,24.738877,"[(112.85596849999999, 24.743112), (112.86880550000001, 24.743112), (112.86880550000001, 24.734641999999997), (112.85596849999999, 24.734642), (112.85596849999999, 24.743112)]"
118,112.939409,24.772757,"[(112.86880550000001, 24.734641999999997), (112.86880550000001, 24.743112), (112.8816425, 24.743112), (112.8816425, 24.734641999999997), (112.86880550000001, 24.734641999999997)]"
115,112.900898,24.772757,"[(112.8816425, 24.734641999999997), (112.8816425, 24.743112), (112.89447949999999, 24.743112), (112.89447949999999, 24.734642), (112.8816425, 24.734641999999997)]"
117,112.926572,24.772757,"[(112.89447949999999, 24.743112), (112.90731650000001, 24.743112), (112.90731650000001, 24.734642), (112.89447949999999, 24.734642), (112.89447949999999, 24.743112)]"
49,112.97792,24.721937,"[(112.9201535, 24.743112), (112.9201535, 24.734641999999997), (112.90731650000001, 24.734642), (112.90731650000001, 24.743112), (112.9201535, 24.743112)]"
152,112.939409,24.798167,"[(112.9201535, 24.743112), (112.93299049999999, 24.743112), (112.93299049999999, 24.734642), (112.9201535, 24.734641999999997), (112.9201535, 24.743112)]"
147,112.875224,24.798167,"[(112.94582750000001, 24.734642), (112.93299049999999, 24.734642), (112.93299049999999, 24.743112), (112.94582750000001, 24.743112), (112.94582750000001, 24.734642)]"
150,112.913735,24.798167,"[(112.9586645, 24.734642), (112.94582750000001, 24.734642), (112.94582750000001, 24.743112), (112.9586645, 24.743112), (112.9586645, 24.734642)]"
80,112.888061,24.747347,"[(112.9715015, 24.743112), (112.9715015, 24.734641999999997), (112.9586645, 24.734642), (112.9586645, 24.743112), (112.9715015, 24.743112)]"
46,112.939409,24.721937,"[(112.9715015, 24.743112), (112.9843385, 24.743112), (112.9843385, 24.734642), (112.9715015, 24.734641999999997), (112.9715015, 24.743112)]"
44,112.913735,24.721937,"[(112.98720317951725, 24.74702370231213), (112.99347792435324, 24.743051954927235), (112.99385821175574, 24.741152378678073), (112.9971755, 24.740248536851723), (112.9971755, 24.734641999999997), (112.9843385, 24.734642), (112.9843385, 24.743112), (112.98717958736286, 24.74741790773046), (112.98720317951725, 24.74702370231213)]"
12,112.84955,24.704997,"[(112.84839821832051, 24.749959260546245), (112.84865349145115, 24.751582), (112.85596849999999, 24.751582), (112.85596849999999, 24.743112), (112.84788415394728, 24.743112), (112.84839821832051, 24.749959260546245)]"
32,112.926572,24.713467,"[(112.86880550000001, 24.751582), (112.86880550000001, 24.743112), (112.85596849999999, 24.743112), (112.85596849999999, 24.751582), (112.86880550000001, 24.751582)]"
109,112.97792,24.764287,"[(112.86880550000001, 24.743112), (112.86880550000001, 24.751582), (112.8816425, 24.751582), (112.8816425, 24.743112), (112.86880550000001, 24.743112)]"
108,112.965083,24.764287,"[(112.8816425, 24.743112), (112.8816425, 24.751582), (112.89447949999999, 24.751582), (112.89447949999999, 24.743112), (112.8816425, 24.743112)]"
111,112.84955,24.772757,"[(112.89447949999999, 24.751582), (112.90731650000001, 24.751582000000003), (112.90731650000001, 24.743112), (112.89447949999999, 24.743112), (112.89447949999999, 24.751582)]"
48,112.965083,24.721937,"[(112.9201535, 24.743112), (112.90731650000001, 24.743112), (112.90731650000001, 24.751582000000003), (112.9201535, 24.751582), (112.9201535, 24.743112)]"
149,112.900898,24.798167,"[(112.93299049999999, 24.743112), (112.9201535, 24.743112), (112.9201535, 24.751582), (112.93299049999999, 24.751582000000003), (112.93299049999999, 24.743112)]"
145,112.84955,24.798167,"[(112.94582750000001, 24.751582), (112.94582750000001, 24.743112), (112.93299049999999, 24.743112), (112.93299049999999, 24.751582000000003), (112.94582750000001, 24.751582)]"
146,112.862387,24.798167,"[(112.9586645, 24.751582), (112.9586645, 24.743112), (112.94582750000001, 24.743112), (112.94582750000001, 24.751582), (112.9586645, 24.751582)]"
83,112.926572,24.747347,"[(112.9586645, 24.751582), (112.9715015, 24.751582), (112.9715015, 24.743112), (112.9586645, 24.743112), (112.9586645, 24.751582)]"
41,112.875224,24.721937,"[(112.98717958736286, 24.74741790773046), (112.9843385, 24.743112), (112.9715015, 24.743112), (112.9715015, 24.751582), (112.98693037742518, 24.751582), (112.98717958736286, 24.74741790773046)]"
13,112.862387,24.704997,"[(112.8491587940238, 24.754794145432935), (112.84430264452651, 24.760052), (112.85596849999999, 24.760052), (112.85596849999999, 24.751582), (112.84865349145115, 24.751582), (112.8491587940238, 24.754794145432935)]"
15,112.888061,24.704997,"[(112.85596849999999, 24.751582), (112.85596849999999, 24.760052), (112.86880550000001, 24.760052), (112.86880550000001, 24.751582), (112.85596849999999, 24.751582)]"
112,112.862387,24.772757,"[(112.86880550000001, 24.751582), (112.86880550000001, 24.760052), (112.8816425, 24.760052), (112.8816425, 24.751582), (112.86880550000001, 24.751582)]"
110,112.836713,24.772757,"[(112.89447949999999, 24.760052), (112.89447949999999, 24.751582), (112.8816425, 24.751582), (112.8816425, 24.760052), (112.89447949999999, 24.760052)]"
113,112.875224,24.772757,"[(112.90731650000001, 24.751582000000003), (112.89447949999999, 24.751582), (112.89447949999999, 24.760052), (112.90731650000001, 24.760051999999998), (112.90731650000001, 24.751582000000003)]"
50,112.990757,24.721937,"[(112.9201535, 24.760052), (112.9201535, 24.751582), (112.90731650000001, 24.751582000000003), (112.90731650000001, 24.760051999999998), (112.9201535, 24.760052)]"
153,112.952246,24.798167,"[(112.9201535, 24.751582), (112.9201535, 24.760052), (112.93299049999999, 24.760052), (112.93299049999999, 24.751582000000003), (112.9201535, 24.751582)]"
148,112.888061,24.798167,"[(112.93299049999999, 24.760052), (112.94582750000001, 24.760051999999998), (112.94582750000001, 24.751582), (112.93299049999999, 24.751582000000003), (112.93299049999999, 24.760052)]"
151,112.926572,24.798167,"[(112.94582750000001, 24.760051999999998), (112.9586645, 24.760052), (112.9586645, 24.751582), (112.94582750000001, 24.751582), (112.94582750000001, 24.760051999999998)]"
143,112.965083,24.789697,"[(112.9715015, 24.760052), (112.9715015, 24.751582), (112.9586645, 24.751582), (112.9586645, 24.760052), (112.9715015, 24.760052)]"
144,112.97792,24.789697,"[(112.98693037742518, 24.751582), (112.9715015, 24.751582), (112.9715015, 24.760052), (112.98642347026858, 24.760052), (112.98693037742518, 24.751582)]"
9,112.990757,24.696527,"[(112.84421505509651, 24.760146834906713), (112.8408041551166, 24.764994712365034), (112.8431315, 24.768521999999997), (112.85596849999999, 24.768522), (112.85596849999999, 24.760052), (112.84430264452651, 24.760052), (112.84421505509651, 24.760146834906713)]"
10,113.003594,24.696527,"[(112.86880550000001, 24.768521999999997), (112.86880550000001, 24.760052), (112.85596849999999, 24.760052), (112.85596849999999, 24.768522), (112.86880550000001, 24.768521999999997)]"
62,112.990757,24.730407,"[(112.8816425, 24.760052), (112.86880550000001, 24.760052), (112.86880550000001, 24.768521999999997), (112.8816425, 24.768521999999997), (112.8816425, 24.760052)]"
95,112.939409,24.755817,"[(112.89447949999999, 24.760052), (112.8816425, 24.760052), (112.8816425, 24.768521999999997), (112.89447949999999, 24.768521999999997), (112.89447949999999, 24.760052)]"
93,112.913735,24.755817,"[(112.90731650000001, 24.760051999999998), (112.89447949999999, 24.760052), (112.89447949999999, 24.768521999999997), (112.90731650000001, 24.768522), (112.90731650000001, 24.760051999999998)]"
96,112.952246,24.755817,"[(112.90731650000001, 24.768522), (112.9201535, 24.768522), (112.9201535, 24.760052), (112.90731650000001, 24.760051999999998), (112.90731650000001, 24.768522)]"
85,112.952246,24.747347,"[(112.93299049999999, 24.760052), (112.9201535, 24.760052), (112.9201535, 24.768522), (112.93299049999999, 24.768521999999997), (112.93299049999999, 24.760052)]"
84,112.939409,24.747347,"[(112.93299049999999, 24.760052), (112.93299049999999, 24.768521999999997), (112.94582750000001, 24.768522), (112.94582750000001, 24.760051999999998), (112.93299049999999, 24.760052)]"
172,112.965083,24.815107,"[(112.9586645, 24.760052), (112.94582750000001, 24.760051999999998), (112.94582750000001, 24.768522), (112.9586645, 24.768521999999997), (112.9586645, 24.760052)]"
167,112.900898,24.815107,"[(112.9715015, 24.760052), (112.9586645, 24.760052), (112.9586645, 24.768521999999997), (112.9715015, 24.768521999999997), (112.9715015, 24.760052)]"
170,112.939409,24.815107,"[(112.98625246101102, 24.76290942348022), (112.98642347026858, 24.760052), (112.9715015, 24.760052), (112.9715015, 24.768521999999997), (112.98596088656856, 24.768521999999997), (112.98625246101102, 24.76290942348022)]"
8,112.97792,24.696527,"[(112.8431315, 24.776992), (112.85596849999999, 24.776992), (112.85596849999999, 24.768522), (112.8431315, 24.768521999999997), (112.8431315, 24.776992)]"
31,112.913735,24.713467,"[(112.86880550000001, 24.776992), (112.86880550000001, 24.768521999999997), (112.85596849999999, 24.768522), (112.85596849999999, 24.776992), (112.86880550000001, 24.776992)]"
61,112.97792,24.730407,"[(112.86880550000001, 24.768521999999997), (112.86880550000001, 24.776992), (112.8816425, 24.776992), (112.8816425, 24.768521999999997), (112.86880550000001, 24.768521999999997)]"
92,112.900898,24.755817,"[(112.89447949999999, 24.776992), (112.89447949999999, 24.768521999999997), (112.8816425, 24.768521999999997), (112.8816425, 24.776992), (112.89447949999999, 24.776992)]"
91,112.888061,24.755817,"[(112.90731650000001, 24.768522), (112.89447949999999, 24.768521999999997), (112.89447949999999, 24.776992), (112.90731650000001, 24.776992), (112.90731650000001, 24.768522)]"
94,112.926572,24.755817,"[(112.9201535, 24.776992), (112.9201535, 24.768522), (112.90731650000001, 24.768522), (112.90731650000001, 24.776992), (112.9201535, 24.776992)]"
51,113.003594,24.721937,"[(112.9201535, 24.776992), (112.93299049999999, 24.776992), (112.93299049999999, 24.768521999999997), (112.9201535, 24.768522), (112.9201535, 24.776992)]"
78,112.862387,24.747347,"[(112.93299049999999, 24.776992), (112.94582750000001, 24.776992), (112.94582750000001, 24.768522), (112.93299049999999, 24.768521999999997), (112.93299049999999, 24.776992)]"
168,112.913735,24.815107,"[(112.94582750000001, 24.768522), (112.94582750000001, 24.776992), (112.9586645, 24.776992), (112.9586645, 24.768521999999997), (112.94582750000001, 24.768522)]"
164,112.97792,24.806637,"[(112.9586645, 24.776992), (112.9715015, 24.776992), (112.9715015, 24.768521999999997), (112.9586645, 24.768521999999997), (112.9586645, 24.776992)]"
166,112.888061,24.815107,"[(112.98596088656856, 24.768521999999997), (112.9715015, 24.768521999999997), (112.9715015, 24.776992), (112.98552086842022, 24.776992), (112.98596088656856, 24.768521999999997)]"
29,112.888061,24.713467,"[(112.8431315, 24.776992), (112.8431315, 24.785462000000003), (112.85596849999999, 24.785462000000003), (112.85596849999999, 24.776992), (112.8431315, 24.776992)]"
64,112.84955,24.738877,"[(112.86880550000001, 24.776992), (112.85596849999999, 24.776992), (112.85596849999999, 24.785462000000003), (112.86880550000001, 24.785462000000003), (112.86880550000001, 24.776992)]"
99,112.84955,24.764287,"[(112.8816425, 24.776992), (112.86880550000001, 24.776992), (112.86880550000001, 24.785462000000003), (112.8816425, 24.785462000000003), (112.8816425, 24.776992)]"
97,112.965083,24.755817,"[(112.89447949999999, 24.785462000000003), (112.89447949999999, 24.776992), (112.8816425, 24.776992), (112.8816425, 24.785462000000003), (112.89447949999999, 24.785462000000003)]"
102,112.888061,24.764287,"[(112.90731650000001, 24.785462000000003), (112.90731650000001, 24.776992), (112.89447949999999, 24.776992), (112.89447949999999, 24.785462000000003), (112.90731650000001, 24.785462000000003)]"
100,112.862387,24.764287,"[(112.9201535, 24.785462), (112.9201535, 24.776992), (112.90731650000001, 24.776992), (112.90731650000001, 24.785462000000003), (112.9201535, 24.785462)]"
103,112.900898,24.764287,"[(112.9201535, 24.785462), (112.93299049999999, 24.785462000000003), (112.93299049999999, 24.776992), (112.9201535, 24.776992), (112.9201535, 24.785462)]"
53,112.875224,24.730407,"[(112.93299049999999, 24.785462000000003), (112.94582750000001, 24.785462000000003), (112.94582750000001, 24.776992), (112.93299049999999, 24.776992), (112.93299049999999, 24.785462000000003)]"
171,112.952246,24.815107,"[(112.94582750000001, 24.785462000000003), (112.9586645, 24.785462), (112.9586645, 24.776992), (112.94582750000001, 24.776992), (112.94582750000001, 24.785462000000003)]"
165,112.875224,24.815107,"[(112.9586645, 24.785462), (112.9715015, 24.785462000000003), (112.9715015, 24.776992), (112.9586645, 24.776992), (112.9586645, 24.785462)]"
169,112.926572,24.815107,"[(112.98530174160649, 24.78121001718722), (112.98552086842022, 24.776992), (112.9715015, 24.776992), (112.9715015, 24.785462000000003), (112.98494145661633, 24.785462000000003), (112.98530174160649, 24.78121001718722)]"
30,112.900898,24.713467,"[(112.8394578846705, 24.793931999999998), (112.85596849999999, 24.793931999999998), (112.85596849999999, 24.785462000000003), (112.8431315, 24.785462000000003), (112.83861092900821, 24.792313306944692), (112.8394578846705, 24.793931999999998)]"
63,113.003594,24.730407,"[(112.85596849999999, 24.785462000000003), (112.85596849999999, 24.793931999999998), (112.86880550000001, 24.793931999999998), (112.86880550000001, 24.785462000000003), (112.85596849999999, 24.785462000000003)]"
98,112.97792,24.755817,"[(112.8816425, 24.793932), (112.8816425, 24.785462000000003), (112.86880550000001, 24.785462000000003), (112.86880550000001, 24.793931999999998), (112.8816425, 24.793932)]"
106,112.939409,24.764287,"[(112.89447949999999, 24.793931999999998), (112.89447949999999, 24.785462000000003), (112.8816425, 24.785462000000003), (112.8816425, 24.793932), (112.89447949999999, 24.793931999999998)]"
105,112.926572,24.764287,"[(112.90731650000001, 24.793931999999998), (112.90731650000001, 24.785462000000003), (112.89447949999999, 24.785462000000003), (112.89447949999999, 24.793931999999998), (112.90731650000001, 24.793931999999998)]"
107,112.952246,24.764287,"[(112.9201535, 24.785462), (112.90731650000001, 24.785462000000003), (112.90731650000001, 24.793931999999998), (112.9201535, 24.793931999999998), (112.9201535, 24.785462)]"
101,112.875224,24.764287,"[(112.93299049999999, 24.793931999999998), (112.93299049999999, 24.785462000000003), (112.9201535, 24.785462), (112.9201535, 24.793931999999998), (112.93299049999999, 24.793931999999998)]"
52,112.862387,24.730407,"[(112.94582750000001, 24.785462000000003), (112.93299049999999, 24.785462000000003), (112.93299049999999, 24.793931999999998), (112.94582750000001, 24.793931999999998), (112.94582750000001, 24.785462000000003)]"
55,112.900898,24.730407,"[(112.9586645, 24.793932), (112.9586645, 24.785462), (112.94582750000001, 24.785462000000003), (112.94582750000001, 24.793931999999998), (112.9586645, 24.793932)]"
5,112.939409,24.696527,"[(112.9715015, 24.793931999999998), (112.9715015, 24.785462000000003), (112.9586645, 24.785462), (112.9586645, 24.793932), (112.9715015, 24.793931999999998)]"
2,112.97792,24.688057,"[(112.98494145661633, 24.785462000000003), (112.9715015, 24.785462000000003), (112.9715015, 24.793931999999998), (112.98422376465916, 24.793931999999998), (112.98494145661633, 24.785462000000003)]"
90,112.875224,24.755817,"[(112.85714483217099, 24.803995664157554), (112.86018713318751, 24.80468607266416), (112.86551115861899, 24.801924414753714), (112.86843871524063, 24.802957893265198), (112.86880550000001, 24.802402), (112.86880550000001, 24.793931999999998), (112.85596849999999, 24.793931999999998), (112.85596849999999, 24.804470245421417), (112.85714483217099, 24.803995664157554)]"
154,112.965083,24.798167,"[(112.8816425, 24.793932), (112.86880550000001, 24.793931999999998), (112.86880550000001, 24.802402), (112.8816425, 24.802401999999997), (112.8816425, 24.793932)]"
184,112.888061,24.840517,"[(112.89447949999999, 24.793931999999998), (112.8816425, 24.793932), (112.8816425, 24.802401999999997), (112.89447949999999, 24.802402), (112.89447949999999, 24.793931999999998)]"
181,112.888061,24.832047,"[(112.90731650000001, 24.802402), (112.90731650000001, 24.793931999999998), (112.89447949999999, 24.793931999999998), (112.89447949999999, 24.802402), (112.90731650000001, 24.802402)]"
104,112.913735,24.764287,"[(112.9201535, 24.802402), (112.93299049999999, 24.802402), (112.93299049999999, 24.793931999999998), (112.9201535, 24.793931999999998), (112.9201535, 24.802402)]"
54,112.888061,24.730407,"[(112.94582750000001, 24.793931999999998), (112.93299049999999, 24.793931999999998), (112.93299049999999, 24.802402), (112.94582750000001, 24.802402), (112.94582750000001, 24.793931999999998)]"
56,112.913735,24.730407,"[(112.94582750000001, 24.802402), (112.9586645, 24.802401999999997), (112.9586645, 24.793932), (112.94582750000001, 24.793931999999998), (112.94582750000001, 24.802402)]"
4,112.888061,24.696527,"[(112.9586645, 24.793932), (112.9586645, 24.802401999999997), (112.9715015, 24.802402), (112.9715015, 24.793931999999998), (112.9586645, 24.793932)]"
1,112.965083,24.688057,"[(112.98422376465916, 24.793931999999998), (112.9715015, 24.793931999999998), (112.9715015, 24.802402), (112.983506072702, 24.802402), (112.98422376465916, 24.793931999999998)]"
177,112.926572,24.823577,"[(112.86893374703799, 24.80313264811752), (112.86912389073922, 24.80710247378918), (112.86703230912723, 24.809346231958305), (112.86862918630897, 24.810872), (112.8816425, 24.810872), (112.8816425, 24.802401999999997), (112.86880550000001, 24.802402), (112.86843871524063, 24.802957893265198), (112.86893374703799, 24.80313264811752)]"
179,112.952246,24.823577,"[(112.89447949999999, 24.810872), (112.89447949999999, 24.802402), (112.8816425, 24.802401999999997), (112.8816425, 24.810872), (112.89447949999999, 24.810872)]"
178,112.939409,24.823577,"[(112.89447949999999, 24.802402), (112.89447949999999, 24.810872), (112.90731650000001, 24.810872), (112.90731650000001, 24.802402), (112.89447949999999, 24.802402)]"
182,112.900898,24.832047,"[(112.90731650000001, 24.810872), (112.9201535, 24.810872), (112.9201535, 24.802402), (112.90731650000001, 24.802402), (112.90731650000001, 24.810872)]"
60,112.965083,24.730407,"[(112.9201535, 24.810872), (112.93299049999999, 24.810872), (112.93299049999999, 24.802402), (112.9201535, 24.802402), (112.9201535, 24.810872)]"
25,113.016431,24.704997,"[(112.94582750000001, 24.802402), (112.93299049999999, 24.802402), (112.93299049999999, 24.810872), (112.94582750000001, 24.810872), (112.94582750000001, 24.802402)]"
22,112.97792,24.704997,"[(112.9586645, 24.802401999999997), (112.94582750000001, 24.802402), (112.94582750000001, 24.810872), (112.9586645, 24.810872), (112.9586645, 24.802401999999997)]"
27,112.862387,24.713467,"[(112.9586645, 24.810872), (112.9715015, 24.810872), (112.9715015, 24.802402), (112.9586645, 24.802401999999997), (112.9586645, 24.810872)]"
174,112.888061,24.823577,"[(112.8706450412475, 24.812798088666717), (112.87425777336776, 24.813661037413787), (112.87368734136571, 24.81642243383699), (112.87254647915826, 24.817457942139878), (112.87311691026197, 24.818666024085935), (112.87749021718722, 24.819011187959653), (112.87758741167839, 24.819342000000002), (112.8816425, 24.819342000000002), (112.8816425, 24.810872), (112.86862918630897, 24.810872), (112.8706450412475, 24.812798088666717)]"
183,112.913735,24.832047,"[(112.8816425, 24.819342000000002), (112.89447949999999, 24.819342), (112.89447949999999, 24.810872), (112.8816425, 24.810872), (112.8816425, 24.819342000000002)]"
180,112.965083,24.823577,"[(112.90731650000001, 24.819342), (112.90731650000001, 24.810872), (112.89447949999999, 24.810872), (112.89447949999999, 24.819342), (112.90731650000001, 24.819342)]"
185,112.888061,24.848987,"[(112.9201535, 24.819342), (112.9201535, 24.810872), (112.90731650000001, 24.810872), (112.90731650000001, 24.819342), (112.9201535, 24.819342)]"
7,112.965083,24.696527,"[(112.9201535, 24.819342), (112.93299049999999, 24.819342000000002), (112.93299049999999, 24.810872), (112.9201535, 24.810872), (112.9201535, 24.819342)]"
21,112.965083,24.704997,"[(112.93299049999999, 24.810872), (112.93299049999999, 24.819342000000002), (112.94582750000001, 24.819342), (112.94582750000001, 24.810872), (112.93299049999999, 24.810872)]"
20,112.952246,24.704997,"[(112.9586645, 24.810872), (112.94582750000001, 24.810872), (112.94582750000001, 24.819342), (112.9586645, 24.819342), (112.9586645, 24.810872)]"
24,113.003594,24.704997,"[(112.97510222352332, 24.816329200456767), (112.9715015, 24.810872), (112.9586645, 24.810872), (112.9586645, 24.819342), (112.97276127753098, 24.819342), (112.97510222352332, 24.816329200456767)]"
176,112.913735,24.823577,"[(112.87825079199219, 24.82159988717518), (112.87520849187399, 24.822980505018354), (112.87463806077024, 24.82436110747359), (112.8761592103802, 24.825914265924393), (112.87825079199219, 24.828847958153666), (112.87691978608349, 24.8310913225339), (112.87768036088846, 24.832989522312896), (112.87812319100267, 24.833145809869972), (112.8816425, 24.827812), (112.8816425, 24.819342000000002), (112.87758741167839, 24.819342000000002), (112.87825079199219, 24.82159988717518)]"
173,112.875224,24.823577,"[(112.89447949999999, 24.827812), (112.89447949999999, 24.819342), (112.8816425, 24.819342000000002), (112.8816425, 24.827812), (112.89447949999999, 24.827812)]"
175,112.900898,24.823577,"[(112.89447949999999, 24.827812), (112.90731650000001, 24.827812), (112.90731650000001, 24.819342), (112.89447949999999, 24.819342), (112.89447949999999, 24.827812)]"
57,112.926572,24.730407,"[(112.9201535, 24.827812), (112.9201535, 24.819342), (112.90731650000001, 24.819342), (112.90731650000001, 24.827812), (112.9201535, 24.827812)]"
6,112.952246,24.696527,"[(112.92502616315942, 24.82643198189511), (112.93299049999999, 24.826694828823843), (112.93299049999999, 24.819342000000002), (112.9201535, 24.819342), (112.9201535, 24.827812), (112.92120452074542, 24.82940491066222), (112.92502616315942, 24.82643198189511)]"
26,112.84955,24.713467,"[(112.93548407121939, 24.826777124129745), (112.94582750000001, 24.827354814804934), (112.94582750000001, 24.819342), (112.93299049999999, 24.819342000000002), (112.93299049999999, 24.826694828823843), (112.93548407121939, 24.826777124129745)]"
23,112.990757,24.704997,"[(112.9478434162918, 24.827467405713467), (112.95716046214433, 24.827812545062514), (112.9586645, 24.827594140489467), (112.9586645, 24.819342), (112.94582750000001, 24.819342), (112.94582750000001, 24.827354814804934), (112.9478434162918, 24.827467405713467)]"
88,112.84955,24.755817,"[(112.88110294930748, 24.834197452771384), (112.88110294930748, 24.836281999999997), (112.89447949999999, 24.836281999999997), (112.89447949999999, 24.827812), (112.8816425, 24.827812), (112.87812319100267, 24.833145809869972), (112.88110294930748, 24.834197452771384)]"
89,112.862387,24.755817,"[(112.89821588960594, 24.838856501196666), (112.90144833342539, 24.837130947939876), (112.90620192865146, 24.839201608798422), (112.90731650000001, 24.8383924345381), (112.90731650000001, 24.827812), (112.89447949999999, 24.827812), (112.89447949999999, 24.836281999999997), (112.89748717731685, 24.84084038886854), (112.89821588960594, 24.838856501196666)]"
58,112.939409,24.730407,"[(112.90810336656217, 24.837821172618224), (112.90962451617216, 24.83989182193055), (112.91209638518663, 24.838511392632704), (112.9124766734874, 24.83609560492908), (112.92312472524866, 24.836440720228147), (112.91723026781513, 24.830228495203233), (112.92103314363666, 24.829538228194696), (112.92120452074542, 24.82940491066222), (112.9201535, 24.827812), (112.90731650000001, 24.827812), (112.90731650000001, 24.8383924345381), (112.90810336656217, 24.837821172618224)]"
86,112.965083,24.747347,"[(112.88737769414347, 24.844205563336697), (112.89003970685921, 24.842825182152268), (112.8930820069774, 24.842652633523528), (112.89498344488815, 24.844205563336697), (112.89536373318899, 24.841272235017556), (112.89745531480096, 24.840927133189183), (112.89748717731685, 24.84084038886854), (112.89447949999999, 24.836281999999997), (112.88110294930748, 24.836281999999997), (112.88110294930748, 24.837130947939876), (112.88072266190498, 24.83989182193055), (112.87901136769548, 24.841789886771068), (112.88162272532763, 24.844752), (112.88779458135448, 24.844752), (112.88737769414347, 24.844205563336697)]"
