0,1,2,时间步长,年份
112.952246,24.688057,509.25,0,201501
112.965083,24.688057,495.75,0,201501
112.97792,24.688057,482.0,0,201501
112.862387,24.696527,500.75,0,201501
112.888061,24.696527,531.75,0,201501
112.939409,24.696527,516.5,0,201501
112.952246,24.696527,514.25,0,201501
112.965083,24.696527,495.5,0,201501
112.97792,24.696527,482.0,0,201501
112.990757,24.696527,470.75,0,201501
113.003594,24.696527,468.25,0,201501
113.016431,24.696527,468.5,0,201501
112.84955,24.704997,492.0,0,201501
112.862387,24.704997,497.75,0,201501
112.875224,24.704997,517.5,0,201501
112.888061,24.704997,526.0,0,201501
112.900898,24.704997,548.5,0,201501
112.913735,24.704997,532.0,0,201501
112.926572,24.704997,521.75,0,201501
112.939409,24.704997,516.25,0,201501
112.952246,24.704997,511.25,0,201501
112.965083,24.704997,489.5,0,201501
112.97792,24.704997,481.5,0,201501
112.990757,24.704997,473.25,0,201501
113.003594,24.704997,468.25,0,201501
113.016431,24.704997,468.5,0,201501
112.84955,24.713467,494.5,0,201501
112.862387,24.713467,503.0,0,201501
112.875224,24.713467,522.25,0,201501
112.888061,24.713467,533.75,0,201501
112.900898,24.713467,539.75,0,201501
112.913735,24.713467,523.25,0,201501
112.926572,24.713467,518.5,0,201501
112.939409,24.713467,516.0,0,201501
112.952246,24.713467,505.25,0,201501
112.965083,24.713467,489.0,0,201501
112.97792,24.713467,483.75,0,201501
112.990757,24.713467,481.25,0,201501
113.003594,24.713467,473.25,0,201501
112.84955,24.721937,502.25,0,201501
112.862387,24.721937,508.0,0,201501
112.875224,24.721937,519.25,0,201501
112.888061,24.721937,530.5,0,201501
112.900898,24.721937,528.25,0,201501
112.913735,24.721937,520.0,0,201501
112.926572,24.721937,523.5,0,201501
112.939409,24.721937,523.75,0,201501
112.952246,24.721937,507.5,0,201501
112.965083,24.721937,496.75,0,201501
112.97792,24.721937,488.75,0,201501
112.990757,24.721937,486.25,0,201501
113.003594,24.721937,478.25,0,201501
112.862387,24.730407,510.5,0,201501
112.875224,24.730407,518.5,0,201501
112.888061,24.730407,521.75,0,201501
112.900898,24.730407,519.75,0,201501
112.913735,24.730407,511.25,0,201501
112.926572,24.730407,523.0,0,201501
112.939409,24.730407,517.75,0,201501
112.952246,24.730407,507.0,0,201501
112.965083,24.730407,490.75,0,201501
112.97792,24.730407,488.25,0,201501
112.990757,24.730407,483.0,0,201501
113.003594,24.730407,475.0,0,201501
112.84955,24.738877,485.0,0,201501
112.862387,24.738877,501.5,0,201501
112.875224,24.738877,504.5,0,201501
112.888061,24.738877,505.0,0,201501
112.900898,24.738877,502.5,0,201501
112.913735,24.738877,505.25,0,201501
112.926572,24.738877,514.25,0,201501
112.939409,24.738877,522.75,0,201501
112.952246,24.738877,509.25,0,201501
112.965083,24.738877,493.0,0,201501
112.97792,24.738877,482.25,0,201501
112.990757,24.738877,477.0,0,201501
113.003594,24.738877,471.75,0,201501
112.84955,24.747347,470.75,0,201501
112.862387,24.747347,481.75,0,201501
112.875224,24.747347,481.75,0,201501
112.888061,24.747347,487.75,0,201501
112.900898,24.747347,493.75,0,201501
112.913735,24.747347,504.75,0,201501
112.926572,24.747347,511.0,0,201501
112.939409,24.747347,519.0,0,201501
112.952246,24.747347,511.5,0,201501
112.965083,24.747347,495.25,0,201501
112.97792,24.747347,481.75,0,201501
112.84955,24.755817,453.25,0,201501
112.862387,24.755817,459.0,0,201501
112.875224,24.755817,464.5,0,201501
112.888061,24.755817,478.5,0,201501
112.900898,24.755817,492.75,0,201501
112.913735,24.755817,506.75,0,201501
112.926572,24.755817,515.0,0,201501
112.939409,24.755817,523.5,0,201501
112.952246,24.755817,511.0,0,201501
112.965083,24.755817,502.5,0,201501
112.97792,24.755817,486.25,0,201501
112.84955,24.764287,446.5,0,201501
112.862387,24.764287,449.5,0,201501
112.875224,24.764287,458.0,0,201501
112.888061,24.764287,469.0,0,201501
112.900898,24.764287,483.0,0,201501
112.913735,24.764287,497.0,0,201501
112.926572,24.764287,511.25,0,201501
112.939409,24.764287,525.0,0,201501
112.952246,24.764287,526.0,0,201501
112.965083,24.764287,515.0,0,201501
112.97792,24.764287,493.5,0,201501
112.836713,24.772757,445.0,0,201501
112.84955,24.772757,447.75,0,201501
112.862387,24.772757,456.25,0,201501
112.875224,24.772757,467.75,0,201501
112.888061,24.772757,468.0,0,201501
112.900898,24.772757,476.25,0,201501
112.913735,24.772757,490.25,0,201501
112.926572,24.772757,504.5,0,201501
112.939409,24.772757,521.0,0,201501
112.952246,24.772757,532.75,0,201501
112.965083,24.772757,511.0,0,201501
112.97792,24.772757,495.25,0,201501
112.836713,24.781227,443.75,0,201501
112.84955,24.781227,444.0,0,201501
112.862387,24.781227,457.75,0,201501
112.875224,24.781227,482.75,0,201501
112.888061,24.781227,483.0,0,201501
112.900898,24.781227,483.25,0,201501
112.913735,24.781227,491.75,0,201501
112.926572,24.781227,503.0,0,201501
112.939409,24.781227,514.0,0,201501
112.952246,24.781227,528.25,0,201501
112.965083,24.781227,515.25,0,201501
112.97792,24.781227,491.0,0,201501
112.84955,24.789697,448.0,0,201501
112.862387,24.789697,459.25,0,201501
112.875224,24.789697,478.75,0,201501
112.888061,24.789697,484.5,0,201501
112.900898,24.789697,487.25,0,201501
112.913735,24.789697,498.5,0,201501
112.926572,24.789697,515.25,0,201501
112.939409,24.789697,521.0,0,201501
112.952246,24.789697,524.25,0,201501
112.965083,24.789697,516.0,0,201501
112.97792,24.789697,495.0,0,201501
112.84955,24.798167,450.0,0,201501
112.862387,24.798167,455.75,0,201501
112.875224,24.798167,455.75,0,201501
112.888061,24.798167,464.25,0,201501
112.900898,24.798167,483.25,0,201501
112.913735,24.798167,494.5,0,201501
112.926572,24.798167,508.25,0,201501
112.939409,24.798167,517.0,0,201501
112.952246,24.798167,530.25,0,201501
112.965083,24.798167,520.0,0,201501
112.97792,24.798167,509.25,0,201501
112.875224,24.806637,435.5,0,201501
112.888061,24.806637,444.0,0,201501
112.900898,24.806637,465.75,0,201501
112.913735,24.806637,485.0,0,201501
112.926572,24.806637,501.25,0,201501
112.939409,24.806637,510.25,0,201501
112.952246,24.806637,528.75,0,201501
112.965083,24.806637,524.0,0,201501
112.97792,24.806637,511.25,0,201501
112.875224,24.815107,429.25,0,201501
112.888061,24.815107,437.5,0,201501
112.900898,24.815107,464.75,0,201501
112.913735,24.815107,489.25,0,201501
112.926572,24.815107,502.75,0,201501
112.939409,24.815107,511.75,0,201501
112.952246,24.815107,530.0,0,201501
112.965083,24.815107,512.0,0,201501
112.875224,24.823577,430.75,0,201501
112.888061,24.823577,439.0,0,201501
112.900898,24.823577,468.75,0,201501
112.913735,24.823577,490.75,0,201501
112.926572,24.823577,510.25,0,201501
112.939409,24.823577,521.25,0,201501
112.952246,24.823577,530.0,0,201501
112.965083,24.823577,511.75,0,201501
112.888061,24.832047,435.0,0,201501
112.900898,24.832047,470.75,0,201501
112.913735,24.832047,484.5,0,201501
112.888061,24.840517,429.0,0,201501
112.888061,24.848987,429.0,0,201501
112.952246,24.688057,593.25,1,201502
112.965083,24.688057,587.5,1,201502
112.97792,24.688057,582.25,1,201502
112.862387,24.696527,579.25,1,201502
112.888061,24.696527,607.0,1,201502
112.939409,24.696527,598.5,1,201502
112.952246,24.696527,595.5,1,201502
112.965083,24.696527,588.0,1,201502
112.97792,24.696527,582.25,1,201502
112.990757,24.696527,579.0,1,201502
113.003594,24.696527,577.75,1,201502
113.016431,24.696527,577.5,1,201502
112.84955,24.704997,571.0,1,201502
112.862387,24.704997,577.5,1,201502
112.875224,24.704997,591.0,1,201502
112.888061,24.704997,602.25,1,201502
112.900898,24.704997,614.75,1,201502
112.913735,24.704997,609.0,1,201502
112.926572,24.704997,601.75,1,201502
112.939409,24.704997,599.25,1,201502
112.952246,24.704997,594.75,1,201502
112.965083,24.704997,586.25,1,201502
112.97792,24.704997,583.5,1,201502
112.990757,24.704997,579.5,1,201502
113.003594,24.704997,577.75,1,201502
113.016431,24.704997,577.5,1,201502
112.84955,24.713467,574.5,1,201502
112.862387,24.713467,584.5,1,201502
112.875224,24.713467,600.25,1,201502
112.888061,24.713467,606.5,1,201502
112.900898,24.713467,611.5,1,201502
112.913735,24.713467,605.75,1,201502
112.926572,24.713467,600.0,1,201502
112.939409,24.713467,597.5,1,201502
112.952246,24.713467,591.5,1,201502
112.965083,24.713467,583.25,1,201502
112.97792,24.713467,580.5,1,201502
112.990757,24.713467,576.75,1,201502
113.003594,24.713467,574.75,1,201502
112.84955,24.721937,579.75,1,201502
112.862387,24.721937,588.75,1,201502
112.875224,24.721937,601.5,1,201502
112.888061,24.721937,605.5,1,201502
112.900898,24.721937,606.75,1,201502
112.913735,24.721937,601.25,1,201502
112.926572,24.721937,601.0,1,201502
112.939409,24.721937,600.25,1,201502
112.952246,24.721937,591.0,1,201502
112.965083,24.721937,583.0,1,201502
112.97792,24.721937,577.5,1,201502
112.990757,24.721937,577.75,1,201502
113.003594,24.721937,573.25,1,201502
112.862387,24.730407,585.5,1,201502
112.875224,24.730407,595.25,1,201502
112.888061,24.730407,595.0,1,201502
112.900898,24.730407,598.0,1,201502
112.913735,24.730407,592.25,1,201502
112.926572,24.730407,599.5,1,201502
112.939409,24.730407,594.25,1,201502
112.952246,24.730407,589.5,1,201502
112.965083,24.730407,581.25,1,201502
112.97792,24.730407,577.0,1,201502
112.990757,24.730407,573.0,1,201502
113.003594,24.730407,571.5,1,201502
112.84955,24.738877,564.25,1,201502
112.862387,24.738877,572.75,1,201502
112.875224,24.738877,582.25,1,201502
112.888061,24.738877,582.0,1,201502
112.900898,24.738877,579.75,1,201502
112.913735,24.738877,582.0,1,201502
112.926572,24.738877,593.75,1,201502
112.939409,24.738877,592.25,1,201502
112.952246,24.738877,588.0,1,201502
112.965083,24.738877,581.25,1,201502
112.97792,24.738877,574.0,1,201502
112.990757,24.738877,568.75,1,201502
113.003594,24.738877,568.5,1,201502
112.84955,24.747347,550.75,1,201502
112.862387,24.747347,556.0,1,201502
112.875224,24.747347,562.5,1,201502
112.888061,24.747347,569.25,1,201502
112.900898,24.747347,574.25,1,201502
112.913735,24.747347,580.75,1,201502
112.926572,24.747347,590.5,1,201502
112.939409,24.747347,592.25,1,201502
112.952246,24.747347,589.0,1,201502
112.965083,24.747347,579.5,1,201502
112.97792,24.747347,571.0,1,201502
112.84955,24.755817,532.0,1,201502
112.862387,24.755817,535.75,1,201502
112.875224,24.755817,548.25,1,201502
112.888061,24.755817,563.5,1,201502
112.900898,24.755817,574.25,1,201502
112.913735,24.755817,583.5,1,201502
112.926572,24.755817,591.5,1,201502
112.939409,24.755817,595.25,1,201502
112.952246,24.755817,589.75,1,201502
112.965083,24.755817,583.5,1,201502
112.97792,24.755817,573.0,1,201502
112.84955,24.764287,521.5,1,201502
112.862387,24.764287,531.0,1,201502
112.875224,24.764287,546.0,1,201502
112.888061,24.764287,557.0,1,201502
112.900898,24.764287,571.0,1,201502
112.913735,24.764287,580.25,1,201502
112.926572,24.764287,588.0,1,201502
112.939409,24.764287,594.5,1,201502
112.952246,24.764287,593.25,1,201502
112.965083,24.764287,587.0,1,201502
112.97792,24.764287,579.0,1,201502
112.836713,24.772757,517.0,1,201502
112.84955,24.772757,529.75,1,201502
112.862387,24.772757,544.75,1,201502
112.875224,24.772757,555.75,1,201502
112.888061,24.772757,558.0,1,201502
112.900898,24.772757,566.0,1,201502
112.913735,24.772757,575.5,1,201502
112.926572,24.772757,583.25,1,201502
112.939409,24.772757,591.25,1,201502
112.952246,24.772757,592.5,1,201502
112.965083,24.772757,586.5,1,201502
112.97792,24.772757,581.0,1,201502
112.836713,24.781227,519.75,1,201502
112.84955,24.781227,538.0,1,201502
112.862387,24.781227,557.25,1,201502
112.875224,24.781227,571.25,1,201502
112.888061,24.781227,569.0,1,201502
112.900898,24.781227,572.5,1,201502
112.913735,24.781227,579.25,1,201502
112.926572,24.781227,585.75,1,201502
112.939409,24.781227,592.0,1,201502
112.952246,24.781227,595.5,1,201502
112.965083,24.781227,590.25,1,201502
112.97792,24.781227,579.5,1,201502
112.84955,24.789697,544.75,1,201502
112.862387,24.789697,559.5,1,201502
112.875224,24.789697,568.0,1,201502
112.888061,24.789697,572.75,1,201502
112.900898,24.789697,576.25,1,201502
112.913735,24.789697,584.5,1,201502
112.926572,24.789697,592.25,1,201502
112.939409,24.789697,598.5,1,201502
112.952246,24.789697,598.0,1,201502
112.965083,24.789697,593.0,1,201502
112.97792,24.789697,583.25,1,201502
112.84955,24.798167,549.25,1,201502
112.862387,24.798167,557.25,1,201502
112.875224,24.798167,548.75,1,201502
112.888061,24.798167,560.75,1,201502
112.900898,24.798167,574.5,1,201502
112.913735,24.798167,581.0,1,201502
112.926572,24.798167,590.25,1,201502
112.939409,24.798167,599.25,1,201502
112.952246,24.798167,602.0,1,201502
112.965083,24.798167,596.75,1,201502
112.97792,24.798167,590.25,1,201502
112.875224,24.806637,530.75,1,201502
112.888061,24.806637,545.75,1,201502
112.900898,24.806637,565.5,1,201502
112.913735,24.806637,576.25,1,201502
112.926572,24.806637,586.75,1,201502
112.939409,24.806637,595.75,1,201502
112.952246,24.806637,601.25,1,201502
112.965083,24.806637,599.0,1,201502
112.97792,24.806637,590.5,1,201502
112.875224,24.815107,527.0,1,201502
112.888061,24.815107,543.75,1,201502
112.900898,24.815107,566.25,1,201502
112.913735,24.815107,578.5,1,201502
112.926572,24.815107,590.75,1,201502
112.939409,24.815107,598.25,1,201502
112.952246,24.815107,602.0,1,201502
112.965083,24.815107,594.0,1,201502
112.875224,24.823577,536.5,1,201502
112.888061,24.823577,546.25,1,201502
112.900898,24.823577,568.5,1,201502
112.913735,24.823577,579.5,1,201502
112.926572,24.823577,594.0,1,201502
112.939409,24.823577,598.75,1,201502
112.952246,24.823577,602.0,1,201502
112.965083,24.823577,595.75,1,201502
112.888061,24.832047,544.25,1,201502
112.900898,24.832047,571.5,1,201502
112.913735,24.832047,577.0,1,201502
112.888061,24.840517,539.25,1,201502
112.888061,24.848987,539.25,1,201502
112.952246,24.688057,669.0,2,201503
112.965083,24.688057,665.75,2,201503
112.97792,24.688057,660.0,2,201503
112.862387,24.696527,659.0,2,201503
112.888061,24.696527,682.0,2,201503
112.939409,24.696527,674.75,2,201503
112.952246,24.696527,671.5,2,201503
112.965083,24.696527,663.5,2,201503
112.97792,24.696527,660.0,2,201503
112.990757,24.696527,657.75,2,201503
113.003594,24.696527,656.75,2,201503
113.016431,24.696527,655.5,2,201503
112.84955,24.704997,655.25,2,201503
112.862387,24.704997,658.5,2,201503
112.875224,24.704997,669.0,2,201503
112.888061,24.704997,678.0,2,201503
112.900898,24.704997,691.75,2,201503
112.913735,24.704997,684.0,2,201503
112.926572,24.704997,680.25,2,201503
112.939409,24.704997,675.75,2,201503
112.952246,24.704997,670.25,2,201503
112.965083,24.704997,663.25,2,201503
112.97792,24.704997,660.0,2,201503
112.990757,24.704997,659.0,2,201503
113.003594,24.704997,656.75,2,201503
113.016431,24.704997,655.5,2,201503
112.84955,24.713467,656.5,2,201503
112.862387,24.713467,663.25,2,201503
112.875224,24.713467,678.25,2,201503
112.888061,24.713467,683.75,2,201503
112.900898,24.713467,688.0,2,201503
112.913735,24.713467,681.5,2,201503
112.926572,24.713467,679.0,2,201503
112.939409,24.713467,673.5,2,201503
112.952246,24.713467,667.75,2,201503
112.965083,24.713467,659.75,2,201503
112.97792,24.713467,660.0,2,201503
112.990757,24.713467,657.75,2,201503
113.003594,24.713467,656.75,2,201503
112.84955,24.721937,657.0,2,201503
112.862387,24.721937,664.5,2,201503
112.875224,24.721937,678.0,2,201503
112.888061,24.721937,683.5,2,201503
112.900898,24.721937,685.5,2,201503
112.913735,24.721937,679.0,2,201503
112.926572,24.721937,679.0,2,201503
112.939409,24.721937,674.5,2,201503
112.952246,24.721937,666.5,2,201503
112.965083,24.721937,660.75,2,201503
112.97792,24.721937,657.5,2,201503
112.990757,24.721937,656.5,2,201503
113.003594,24.721937,655.75,2,201503
112.862387,24.730407,661.0,2,201503
112.875224,24.730407,674.5,2,201503
112.888061,24.730407,676.5,2,201503
112.900898,24.730407,678.5,2,201503
112.913735,24.730407,672.0,2,201503
112.926572,24.730407,676.5,2,201503
112.939409,24.730407,669.75,2,201503
112.952246,24.730407,665.25,2,201503
112.965083,24.730407,658.5,2,201503
112.97792,24.730407,655.25,2,201503
112.990757,24.730407,653.0,2,201503
113.003594,24.730407,651.0,2,201503
112.84955,24.738877,648.5,2,201503
112.862387,24.738877,653.75,2,201503
112.875224,24.738877,663.75,2,201503
112.888061,24.738877,664.5,2,201503
112.900898,24.738877,662.0,2,201503
112.913735,24.738877,665.0,2,201503
112.926572,24.738877,670.5,2,201503
112.939409,24.738877,670.75,2,201503
112.952246,24.738877,665.25,2,201503
112.965083,24.738877,657.25,2,201503
112.97792,24.738877,650.75,2,201503
112.990757,24.738877,648.25,2,201503
113.003594,24.738877,647.5,2,201503
112.84955,24.747347,645.25,2,201503
112.862387,24.747347,648.75,2,201503
112.875224,24.747347,649.25,2,201503
112.888061,24.747347,652.25,2,201503
112.900898,24.747347,655.75,2,201503
112.913735,24.747347,662.25,2,201503
112.926572,24.747347,666.75,2,201503
112.939409,24.747347,671.0,2,201503
112.952246,24.747347,664.0,2,201503
112.965083,24.747347,653.5,2,201503
112.97792,24.747347,648.25,2,201503
112.84955,24.755817,642.0,2,201503
112.862387,24.755817,643.25,2,201503
112.875224,24.755817,641.5,2,201503
112.888061,24.755817,646.75,2,201503
112.900898,24.755817,657.25,2,201503
112.913735,24.755817,664.75,2,201503
112.926572,24.755817,670.25,2,201503
112.939409,24.755817,673.5,2,201503
112.952246,24.755817,663.0,2,201503
112.965083,24.755817,656.75,2,201503
112.97792,24.755817,649.5,2,201503
112.84955,24.764287,644.0,2,201503
112.862387,24.764287,645.0,2,201503
112.875224,24.764287,642.0,2,201503
112.888061,24.764287,645.0,2,201503
112.900898,24.764287,654.0,2,201503
112.913735,24.764287,661.5,2,201503
112.926572,24.764287,672.0,2,201503
112.939409,24.764287,677.5,2,201503
112.952246,24.764287,671.0,2,201503
112.965083,24.764287,664.25,2,201503
112.97792,24.764287,654.25,2,201503
112.836713,24.772757,646.0,2,201503
112.84955,24.772757,643.5,2,201503
112.862387,24.772757,646.75,2,201503
112.875224,24.772757,649.75,2,201503
112.888061,24.772757,648.25,2,201503
112.900898,24.772757,652.5,2,201503
112.913735,24.772757,660.0,2,201503
112.926572,24.772757,668.0,2,201503
112.939409,24.772757,674.75,2,201503
112.952246,24.772757,675.0,2,201503
112.965083,24.772757,666.0,2,201503
112.97792,24.772757,657.25,2,201503
112.836713,24.781227,647.75,2,201503
112.84955,24.781227,644.25,2,201503
112.862387,24.781227,649.75,2,201503
112.875224,24.781227,660.0,2,201503
112.888061,24.781227,660.75,2,201503
112.900898,24.781227,660.25,2,201503
112.913735,24.781227,665.5,2,201503
112.926572,24.781227,670.75,2,201503
112.939409,24.781227,676.25,2,201503
112.952246,24.781227,680.5,2,201503
112.965083,24.781227,671.25,2,201503
112.97792,24.781227,658.5,2,201503
112.84955,24.789697,648.5,2,201503
112.862387,24.789697,653.0,2,201503
112.875224,24.789697,660.75,2,201503
112.888061,24.789697,663.75,2,201503
112.900898,24.789697,664.5,2,201503
112.913735,24.789697,672.25,2,201503
112.926572,24.789697,678.5,2,201503
112.939409,24.789697,681.5,2,201503
112.952246,24.789697,683.75,2,201503
112.965083,24.789697,676.5,2,201503
112.97792,24.789697,663.75,2,201503
112.84955,24.798167,650.75,2,201503
112.862387,24.798167,653.0,2,201503
112.875224,24.798167,654.25,2,201503
112.888061,24.798167,658.5,2,201503
112.900898,24.798167,665.0,2,201503
112.913735,24.798167,672.75,2,201503
112.926572,24.798167,679.25,2,201503
112.939409,24.798167,684.5,2,201503
112.952246,24.798167,689.75,2,201503
112.965083,24.798167,684.0,2,201503
112.97792,24.798167,676.5,2,201503
112.875224,24.806637,650.25,2,201503
112.888061,24.806637,652.25,2,201503
112.900898,24.806637,659.75,2,201503
112.913735,24.806637,671.25,2,201503
112.926572,24.806637,677.75,2,201503
112.939409,24.806637,681.75,2,201503
112.952246,24.806637,690.25,2,201503
112.965083,24.806637,685.75,2,201503
112.97792,24.806637,677.5,2,201503
112.875224,24.815107,650.5,2,201503
112.888061,24.815107,651.75,2,201503
112.900898,24.815107,660.5,2,201503
112.913735,24.815107,673.0,2,201503
112.926572,24.815107,682.0,2,201503
112.939409,24.815107,687.0,2,201503
112.952246,24.815107,692.25,2,201503
112.965083,24.815107,683.0,2,201503
112.875224,24.823577,651.5,2,201503
112.888061,24.823577,653.5,2,201503
112.900898,24.823577,665.75,2,201503
112.913735,24.823577,676.0,2,201503
112.926572,24.823577,686.25,2,201503
112.939409,24.823577,690.75,2,201503
112.952246,24.823577,692.25,2,201503
112.965083,24.823577,683.5,2,201503
112.888061,24.832047,653.0,2,201503
112.900898,24.832047,668.0,2,201503
112.913735,24.832047,673.5,2,201503
112.888061,24.840517,653.0,2,201503
112.888061,24.848987,653.0,2,201503
112.952246,24.688057,1109.5,3,201504
112.965083,24.688057,1103.5,3,201504
112.97792,24.688057,1095.0,3,201504
112.862387,24.696527,1098.5,3,201504
112.888061,24.696527,1136.0,3,201504
112.939409,24.696527,1120.25,3,201504
112.952246,24.696527,1112.75,3,201504
112.965083,24.696527,1101.5,3,201504
112.97792,24.696527,1095.0,3,201504
112.990757,24.696527,1092.25,3,201504
113.003594,24.696527,1091.5,3,201504
113.016431,24.696527,1091.25,3,201504
112.84955,24.704997,1095.75,3,201504
112.862387,24.704997,1098.5,3,201504
112.875224,24.704997,1111.25,3,201504
112.888061,24.704997,1129.5,3,201504
112.900898,24.704997,1154.0,3,201504
112.913735,24.704997,1144.0,3,201504
112.926572,24.704997,1130.5,3,201504
112.939409,24.704997,1122.0,3,201504
112.952246,24.704997,1112.0,3,201504
112.965083,24.704997,1102.5,3,201504
112.97792,24.704997,1095.0,3,201504
112.990757,24.704997,1091.75,3,201504
113.003594,24.704997,1091.5,3,201504
113.016431,24.704997,1091.25,3,201504
112.84955,24.713467,1097.5,3,201504
112.862387,24.713467,1104.5,3,201504
112.875224,24.713467,1130.5,3,201504
112.888061,24.713467,1142.0,3,201504
112.900898,24.713467,1151.25,3,201504
112.913735,24.713467,1140.25,3,201504
112.926572,24.713467,1130.25,3,201504
112.939409,24.713467,1120.75,3,201504
112.952246,24.713467,1110.5,3,201504
112.965083,24.713467,1101.25,3,201504
112.97792,24.713467,1095.0,3,201504
112.990757,24.713467,1094.0,3,201504
113.003594,24.713467,1091.5,3,201504
112.84955,24.721937,1100.5,3,201504
112.862387,24.721937,1110.5,3,201504
112.875224,24.721937,1135.5,3,201504
112.888061,24.721937,1147.5,3,201504
112.900898,24.721937,1147.25,3,201504
112.913735,24.721937,1136.25,3,201504
112.926572,24.721937,1132.75,3,201504
112.939409,24.721937,1127.0,3,201504
112.952246,24.721937,1113.0,3,201504
112.965083,24.721937,1104.75,3,201504
112.97792,24.721937,1094.75,3,201504
112.990757,24.721937,1094.0,3,201504
113.003594,24.721937,1091.25,3,201504
112.862387,24.730407,1106.5,3,201504
112.875224,24.730407,1127.75,3,201504
112.888061,24.730407,1133.5,3,201504
112.900898,24.730407,1137.25,3,201504
112.913735,24.730407,1125.0,3,201504
112.926572,24.730407,1132.75,3,201504
112.939409,24.730407,1123.0,3,201504
112.952246,24.730407,1113.0,3,201504
112.965083,24.730407,1099.5,3,201504
112.97792,24.730407,1094.75,3,201504
112.990757,24.730407,1090.25,3,201504
113.003594,24.730407,1087.5,3,201504
112.84955,24.738877,1088.25,3,201504
112.862387,24.738877,1097.0,3,201504
112.875224,24.738877,1112.75,3,201504
112.888061,24.738877,1114.75,3,201504
112.900898,24.738877,1110.5,3,201504
112.913735,24.738877,1113.75,3,201504
112.926572,24.738877,1126.25,3,201504
112.939409,24.738877,1124.0,3,201504
112.952246,24.738877,1112.75,3,201504
112.965083,24.738877,1099.75,3,201504
112.97792,24.738877,1089.75,3,201504
112.990757,24.738877,1085.0,3,201504
113.003594,24.738877,1084.0,3,201504
112.84955,24.747347,1084.5,3,201504
112.862387,24.747347,1088.0,3,201504
112.875224,24.747347,1092.25,3,201504
112.888061,24.747347,1098.0,3,201504
112.900898,24.747347,1100.0,3,201504
112.913735,24.747347,1112.0,3,201504
112.926572,24.747347,1121.0,3,201504
112.939409,24.747347,1124.25,3,201504
112.952246,24.747347,1114.0,3,201504
112.965083,24.747347,1098.25,3,201504
112.97792,24.747347,1087.0,3,201504
112.84955,24.755817,1081.25,3,201504
112.862387,24.755817,1079.5,3,201504
112.875224,24.755817,1082.5,3,201504
112.888061,24.755817,1091.75,3,201504
112.900898,24.755817,1101.25,3,201504
112.913735,24.755817,1116.75,3,201504
112.926572,24.755817,1128.5,3,201504
112.939409,24.755817,1131.75,3,201504
112.952246,24.755817,1114.0,3,201504
112.965083,24.755817,1101.5,3,201504
112.97792,24.755817,1088.25,3,201504
112.84955,24.764287,1083.0,3,201504
112.862387,24.764287,1080.0,3,201504
112.875224,24.764287,1081.75,3,201504
112.888061,24.764287,1087.25,3,201504
112.900898,24.764287,1097.75,3,201504
112.913735,24.764287,1112.0,3,201504
112.926572,24.764287,1127.25,3,201504
112.939409,24.764287,1136.75,3,201504
112.952246,24.764287,1125.75,3,201504
112.965083,24.764287,1116.0,3,201504
112.97792,24.764287,1095.0,3,201504
112.836713,24.772757,1088.25,3,201504
112.84955,24.772757,1085.25,3,201504
112.862387,24.772757,1085.75,3,201504
112.875224,24.772757,1092.5,3,201504
112.888061,24.772757,1089.25,3,201504
112.900898,24.772757,1094.5,3,201504
112.913735,24.772757,1107.5,3,201504
112.926572,24.772757,1120.25,3,201504
112.939409,24.772757,1133.25,3,201504
112.952246,24.772757,1132.25,3,201504
112.965083,24.772757,1114.75,3,201504
112.97792,24.772757,1101.0,3,201504
112.836713,24.781227,1090.25,3,201504
112.84955,24.781227,1086.0,3,201504
112.862387,24.781227,1091.5,3,201504
112.875224,24.781227,1107.0,3,201504
112.888061,24.781227,1106.25,3,201504
112.900898,24.781227,1106.25,3,201504
112.913735,24.781227,1115.5,3,201504
112.926572,24.781227,1124.25,3,201504
112.939409,24.781227,1134.5,3,201504
112.952246,24.781227,1140.25,3,201504
112.965083,24.781227,1122.25,3,201504
112.97792,24.781227,1100.5,3,201504
112.84955,24.789697,1091.75,3,201504
112.862387,24.789697,1097.25,3,201504
112.875224,24.789697,1107.5,3,201504
112.888061,24.789697,1111.75,3,201504
112.900898,24.789697,1114.25,3,201504
112.913735,24.789697,1127.0,3,201504
112.926572,24.789697,1138.5,3,201504
112.939409,24.789697,1144.75,3,201504
112.952246,24.789697,1143.75,3,201504
112.965083,24.789697,1130.75,3,201504
112.97792,24.789697,1106.5,3,201504
112.84955,24.798167,1093.25,3,201504
112.862387,24.798167,1096.5,3,201504
112.875224,24.798167,1096.75,3,201504
112.888061,24.798167,1103.25,3,201504
112.900898,24.798167,1113.5,3,201504
112.913735,24.798167,1124.75,3,201504
112.926572,24.798167,1137.5,3,201504
112.939409,24.798167,1146.25,3,201504
112.952246,24.798167,1152.5,3,201504
112.965083,24.798167,1142.0,3,201504
112.97792,24.798167,1127.5,3,201504
112.875224,24.806637,1087.0,3,201504
112.888061,24.806637,1091.0,3,201504
112.900898,24.806637,1104.0,3,201504
112.913735,24.806637,1121.25,3,201504
112.926572,24.806637,1132.75,3,201504
112.939409,24.806637,1143.0,3,201504
112.952246,24.806637,1151.5,3,201504
112.965083,24.806637,1145.5,3,201504
112.97792,24.806637,1128.75,3,201504
112.875224,24.815107,1085.25,3,201504
112.888061,24.815107,1090.0,3,201504
112.900898,24.815107,1105.75,3,201504
112.913735,24.815107,1124.25,3,201504
112.926572,24.815107,1137.75,3,201504
112.939409,24.815107,1149.25,3,201504
112.952246,24.815107,1154.0,3,201504
112.965083,24.815107,1137.0,3,201504
112.875224,24.823577,1088.5,3,201504
112.888061,24.823577,1091.75,3,201504
112.900898,24.823577,1112.5,3,201504
112.913735,24.823577,1128.5,3,201504
112.926572,24.823577,1144.0,3,201504
112.939409,24.823577,1154.75,3,201504
112.952246,24.823577,1154.0,3,201504
112.965083,24.823577,1137.5,3,201504
112.888061,24.832047,1092.25,3,201504
112.900898,24.832047,1116.25,3,201504
112.913735,24.832047,1124.0,3,201504
112.888061,24.840517,1091.5,3,201504
112.888061,24.848987,1091.5,3,201504
112.952246,24.688057,4937.75,4,201505
112.965083,24.688057,4859.5,4,201505
112.97792,24.688057,4784.25,4,201505
112.862387,24.696527,4780.5,4,201505
112.888061,24.696527,5180.75,4,201505
112.939409,24.696527,5066.0,4,201505
112.952246,24.696527,4987.75,4,201505
112.965083,24.696527,4862.25,4,201505
112.97792,24.696527,4784.25,4,201505
112.990757,24.696527,4784.0,4,201505
113.003594,24.696527,4794.25,4,201505
113.016431,24.696527,4790.25,4,201505
112.84955,24.704997,4754.25,4,201505
112.862387,24.704997,4777.5,4,201505
112.875224,24.704997,4967.0,4,201505
112.888061,24.704997,5130.75,4,201505
112.900898,24.704997,5367.75,4,201505
112.913735,24.704997,5285.75,4,201505
112.926572,24.704997,5149.25,4,201505
112.939409,24.704997,5090.75,4,201505
112.952246,24.704997,4999.25,4,201505
112.965083,24.704997,4910.75,4,201505
112.97792,24.704997,4832.25,4,201505
112.990757,24.704997,4812.25,4,201505
113.003594,24.704997,4794.25,4,201505
113.016431,24.704997,4790.25,4,201505
112.84955,24.713467,4817.25,4,201505
112.862387,24.713467,4925.25,4,201505
112.875224,24.713467,5201.25,4,201505
112.888061,24.713467,5284.5,4,201505
112.900898,24.713467,5371.0,4,201505
112.913735,24.713467,5279.75,4,201505
112.926572,24.713467,5173.0,4,201505
112.939409,24.713467,5109.75,4,201505
112.952246,24.713467,5018.0,4,201505
112.965083,24.713467,4928.75,4,201505
112.97792,24.713467,4871.75,4,201505
112.990757,24.713467,4856.0,4,201505
113.003594,24.713467,4833.5,4,201505
112.84955,24.721937,4923.5,4,201505
112.862387,24.721937,5039.25,4,201505
112.875224,24.721937,5277.5,4,201505
112.888061,24.721937,5373.5,4,201505
112.900898,24.721937,5361.25,4,201505
112.913735,24.721937,5278.25,4,201505
112.926572,24.721937,5227.25,4,201505
112.939409,24.721937,5181.5,4,201505
112.952246,24.721937,5062.75,4,201505
112.965083,24.721937,4995.0,4,201505
112.97792,24.721937,4907.25,4,201505
112.990757,24.721937,4912.75,4,201505
113.003594,24.721937,4859.75,4,201505
112.862387,24.730407,5032.25,4,201505
112.875224,24.730407,5249.5,4,201505
112.888061,24.730407,5293.0,4,201505
112.900898,24.730407,5298.75,4,201505
112.913735,24.730407,5219.25,4,201505
112.926572,24.730407,5264.25,4,201505
112.939409,24.730407,5183.25,4,201505
112.952246,24.730407,5090.0,4,201505
112.965083,24.730407,4991.25,4,201505
112.97792,24.730407,4946.75,4,201505
112.990757,24.730407,4917.25,4,201505
113.003594,24.730407,4864.0,4,201505
112.84955,24.738877,4866.25,4,201505
112.862387,24.738877,4966.25,4,201505
112.875224,24.738877,5119.5,4,201505
112.888061,24.738877,5137.0,4,201505
112.900898,24.738877,5097.75,4,201505
112.913735,24.738877,5142.25,4,201505
112.926572,24.738877,5235.75,4,201505
112.939409,24.738877,5233.0,4,201505
112.952246,24.738877,5117.75,4,201505
112.965083,24.738877,5009.5,4,201505
112.97792,24.738877,4929.5,4,201505
112.990757,24.738877,4895.75,4,201505
113.003594,24.738877,4872.75,4,201505
112.84955,24.747347,4789.0,4,201505
112.862387,24.747347,4859.75,4,201505
112.875224,24.747347,4925.5,4,201505
112.888061,24.747347,4991.75,4,201505
112.900898,24.747347,5036.25,4,201505
112.913735,24.747347,5146.5,4,201505
112.926572,24.747347,5224.25,4,201505
112.939409,24.747347,5265.5,4,201505
112.952246,24.747347,5158.5,4,201505
112.965083,24.747347,5032.0,4,201505
112.97792,24.747347,4925.25,4,201505
112.84955,24.755817,4677.0,4,201505
112.862387,24.755817,4712.75,4,201505
112.875224,24.755817,4783.25,4,201505
112.888061,24.755817,4907.0,4,201505
112.900898,24.755817,5039.25,4,201505
112.913735,24.755817,5167.25,4,201505
112.926572,24.755817,5277.75,4,201505
112.939409,24.755817,5318.0,4,201505
112.952246,24.755817,5178.75,4,201505
112.965083,24.755817,5077.5,4,201505
112.97792,24.755817,4958.5,4,201505
112.84955,24.764287,4625.5,4,201505
112.862387,24.764287,4665.75,4,201505
112.875224,24.764287,4745.5,4,201505
112.888061,24.764287,4834.25,4,201505
112.900898,24.764287,4962.25,4,201505
112.913735,24.764287,5090.0,4,201505
112.926572,24.764287,5227.0,4,201505
112.939409,24.764287,5324.5,4,201505
112.952246,24.764287,5267.25,4,201505
112.965083,24.764287,5164.5,4,201505
112.97792,24.764287,5008.0,4,201505
112.836713,24.772757,4590.0,4,201505
112.84955,24.772757,4638.5,4,201505
112.862387,24.772757,4718.5,4,201505
112.875224,24.772757,4815.75,4,201505
112.888061,24.772757,4825.25,4,201505
112.900898,24.772757,4887.5,4,201505
112.913735,24.772757,5011.0,4,201505
112.926572,24.772757,5126.25,4,201505
112.939409,24.772757,5259.0,4,201505
112.952246,24.772757,5294.5,4,201505
112.965083,24.772757,5126.0,4,201505
112.97792,24.772757,5014.0,4,201505
112.836713,24.781227,4580.75,4,201505
112.84955,24.781227,4655.75,4,201505
112.862387,24.781227,4775.25,4,201505
112.875224,24.781227,4938.5,4,201505
112.888061,24.781227,4948.0,4,201505
112.900898,24.781227,4949.0,4,201505
112.913735,24.781227,5046.5,4,201505
112.926572,24.781227,5131.0,4,201505
112.939409,24.781227,5237.5,4,201505
112.952246,24.781227,5304.25,4,201505
112.965083,24.781227,5175.75,4,201505
112.97792,24.781227,4995.0,4,201505
112.84955,24.789697,4686.25,4,201505
112.862387,24.789697,4788.25,4,201505
112.875224,24.789697,4903.0,4,201505
112.888061,24.789697,4965.5,4,201505
112.900898,24.789697,4993.0,4,201505
112.913735,24.789697,5112.75,4,201505
112.926572,24.789697,5223.5,4,201505
112.939409,24.789697,5290.5,4,201505
112.952246,24.789697,5300.5,4,201505
112.965083,24.789697,5173.0,4,201505
112.97792,24.789697,5018.75,4,201505
112.84955,24.798167,4703.75,4,201505
112.862387,24.798167,4761.5,4,201505
112.875224,24.798167,4741.0,4,201505
112.888061,24.798167,4839.0,4,201505
112.900898,24.798167,4954.0,4,201505
112.913735,24.798167,5069.25,4,201505
112.926572,24.798167,5188.75,4,201505
112.939409,24.798167,5273.25,4,201505
112.952246,24.798167,5314.75,4,201505
112.965083,24.798167,5239.75,4,201505
112.97792,24.798167,5134.75,4,201505
112.875224,24.806637,4584.0,4,201505
112.888061,24.806637,4668.5,4,201505
112.900898,24.806637,4827.25,4,201505
112.913735,24.806637,4999.25,4,201505
112.926572,24.806637,5118.75,4,201505
112.939409,24.806637,5203.5,4,201505
112.952246,24.806637,5272.0,4,201505
112.965083,24.806637,5245.5,4,201505
112.97792,24.806637,5122.25,4,201505
112.875224,24.815107,4543.0,4,201505
112.888061,24.815107,4625.0,4,201505
112.900898,24.815107,4801.25,4,201505
112.913735,24.815107,4990.5,4,201505
112.926572,24.815107,5127.75,4,201505
112.939409,24.815107,5221.5,4,201505
112.952246,24.815107,5255.5,4,201505
112.965083,24.815107,5133.0,4,201505
112.875224,24.823577,4559.25,4,201505
112.888061,24.823577,4612.25,4,201505
112.900898,24.823577,4827.75,4,201505
112.913735,24.823577,4986.75,4,201505
112.926572,24.823577,5158.75,4,201505
112.939409,24.823577,5237.75,4,201505
112.952246,24.823577,5255.5,4,201505
112.965083,24.823577,5131.0,4,201505
112.888061,24.832047,4578.0,4,201505
112.900898,24.832047,4850.0,4,201505
112.913735,24.832047,4929.75,4,201505
112.888061,24.840517,4538.75,4,201505
112.888061,24.848987,4538.75,4,201505
112.952246,24.688057,2423.25,5,201506
112.965083,24.688057,2383.0,5,201506
112.97792,24.688057,2348.0,5,201506
112.862387,24.696527,2347.5,5,201506
112.888061,24.696527,2553.25,5,201506
112.939409,24.696527,2505.25,5,201506
112.952246,24.696527,2451.5,5,201506
112.965083,24.696527,2384.25,5,201506
112.97792,24.696527,2348.0,5,201506
112.990757,24.696527,2345.25,5,201506
113.003594,24.696527,2350.25,5,201506
113.016431,24.696527,2351.5,5,201506
112.84955,24.704997,2327.25,5,201506
112.862387,24.704997,2343.0,5,201506
112.875224,24.704997,2443.25,5,201506
112.888061,24.704997,2526.75,5,201506
112.900898,24.704997,2633.5,5,201506
112.913735,24.704997,2593.75,5,201506
112.926572,24.704997,2546.25,5,201506
112.939409,24.704997,2515.5,5,201506
112.952246,24.704997,2459.5,5,201506
112.965083,24.704997,2407.0,5,201506
112.97792,24.704997,2366.0,5,201506
112.990757,24.704997,2359.75,5,201506
113.003594,24.704997,2350.25,5,201506
113.016431,24.704997,2351.5,5,201506
112.84955,24.713467,2357.25,5,201506
112.862387,24.713467,2414.5,5,201506
112.875224,24.713467,2541.25,5,201506
112.888061,24.713467,2585.5,5,201506
112.900898,24.713467,2628.0,5,201506
112.913735,24.713467,2588.0,5,201506
112.926572,24.713467,2551.75,5,201506
112.939409,24.713467,2523.0,5,201506
112.952246,24.713467,2473.25,5,201506
112.965083,24.713467,2423.0,5,201506
112.97792,24.713467,2388.5,5,201506
112.990757,24.713467,2382.0,5,201506
113.003594,24.713467,2377.0,5,201506
112.84955,24.721937,2397.25,5,201506
112.862387,24.721937,2464.0,5,201506
112.875224,24.721937,2571.25,5,201506
112.888061,24.721937,2610.25,5,201506
112.900898,24.721937,2611.25,5,201506
112.913735,24.721937,2578.0,5,201506
112.926572,24.721937,2566.0,5,201506
112.939409,24.721937,2548.5,5,201506
112.952246,24.721937,2496.25,5,201506
112.965083,24.721937,2456.75,5,201506
112.97792,24.721937,2411.25,5,201506
112.990757,24.721937,2411.5,5,201506
113.003594,24.721937,2392.5,5,201506
112.862387,24.730407,2449.0,5,201506
112.875224,24.730407,2549.75,5,201506
112.888061,24.730407,2566.25,5,201506
112.900898,24.730407,2572.0,5,201506
112.913735,24.730407,2549.75,5,201506
112.926572,24.730407,2578.0,5,201506
112.939409,24.730407,2547.0,5,201506
112.952246,24.730407,2510.25,5,201506
112.965083,24.730407,2454.75,5,201506
112.97792,24.730407,2425.0,5,201506
112.990757,24.730407,2416.25,5,201506
113.003594,24.730407,2393.0,5,201506
112.84955,24.738877,2372.25,5,201506
112.862387,24.738877,2414.5,5,201506
112.875224,24.738877,2478.25,5,201506
112.888061,24.738877,2485.75,5,201506
112.900898,24.738877,2482.25,5,201506
112.913735,24.738877,2514.5,5,201506
112.926572,24.738877,2567.5,5,201506
112.939409,24.738877,2567.75,5,201506
112.952246,24.738877,2522.0,5,201506
112.965083,24.738877,2464.5,5,201506
112.97792,24.738877,2416.25,5,201506
112.990757,24.738877,2405.25,5,201506
113.003594,24.738877,2393.75,5,201506
112.84955,24.747347,2343.5,5,201506
112.862387,24.747347,2367.0,5,201506
112.875224,24.747347,2388.0,5,201506
112.888061,24.747347,2420.5,5,201506
112.900898,24.747347,2460.0,5,201506
112.913735,24.747347,2519.5,5,201506
112.926572,24.747347,2561.5,5,201506
112.939409,24.747347,2581.75,5,201506
112.952246,24.747347,2534.0,5,201506
112.965083,24.747347,2473.75,5,201506
112.97792,24.747347,2416.5,5,201506
112.84955,24.755817,2299.5,5,201506
112.862387,24.755817,2309.5,5,201506
112.875224,24.755817,2335.25,5,201506
112.888061,24.755817,2390.5,5,201506
112.900898,24.755817,2461.25,5,201506
112.913735,24.755817,2532.25,5,201506
112.926572,24.755817,2582.75,5,201506
112.939409,24.755817,2606.0,5,201506
112.952246,24.755817,2545.25,5,201506
112.965083,24.755817,2502.5,5,201506
112.97792,24.755817,2445.5,5,201506
112.84955,24.764287,2281.75,5,201506
112.862387,24.764287,2296.5,5,201506
112.875224,24.764287,2328.75,5,201506
112.888061,24.764287,2368.25,5,201506
112.900898,24.764287,2435.0,5,201506
112.913735,24.764287,2506.0,5,201506
112.926572,24.764287,2570.0,5,201506
112.939409,24.764287,2613.75,5,201506
112.952246,24.764287,2595.75,5,201506
112.965083,24.764287,2548.25,5,201506
112.97792,24.764287,2478.0,5,201506
112.836713,24.772757,2271.0,5,201506
112.84955,24.772757,2293.25,5,201506
112.862387,24.772757,2328.5,5,201506
112.875224,24.772757,2367.75,5,201506
112.888061,24.772757,2373.25,5,201506
112.900898,24.772757,2403.75,5,201506
112.913735,24.772757,2474.75,5,201506
112.926572,24.772757,2530.0,5,201506
112.939409,24.772757,2589.75,5,201506
112.952246,24.772757,2614.75,5,201506
112.965083,24.772757,2542.25,5,201506
112.97792,24.772757,2487.5,5,201506
112.836713,24.781227,2269.25,5,201506
112.84955,24.781227,2309.5,5,201506
112.862387,24.781227,2367.5,5,201506
112.875224,24.781227,2431.75,5,201506
112.888061,24.781227,2439.5,5,201506
112.900898,24.781227,2443.0,5,201506
112.913735,24.781227,2498.25,5,201506
112.926572,24.781227,2544.75,5,201506
112.939409,24.781227,2593.25,5,201506
112.952246,24.781227,2627.75,5,201506
112.965083,24.781227,2577.0,5,201506
112.97792,24.781227,2502.0,5,201506
112.84955,24.789697,2325.75,5,201506
112.862387,24.789697,2379.0,5,201506
112.875224,24.789697,2437.0,5,201506
112.888061,24.789697,2472.0,5,201506
112.900898,24.789697,2475.25,5,201506
112.913735,24.789697,2535.25,5,201506
112.926572,24.789697,2597.75,5,201506
112.939409,24.789697,2630.25,5,201506
112.952246,24.789697,2633.25,5,201506
112.965083,24.789697,2592.0,5,201506
112.97792,24.789697,2527.75,5,201506
112.84955,24.798167,2337.0,5,201506
112.862387,24.798167,2370.25,5,201506
112.875224,24.798167,2382.75,5,201506
112.888061,24.798167,2433.75,5,201506
112.900898,24.798167,2478.25,5,201506
112.913735,24.798167,2529.25,5,201506
112.926572,24.798167,2589.5,5,201506
112.939409,24.798167,2631.0,5,201506
112.952246,24.798167,2655.0,5,201506
112.965083,24.798167,2625.0,5,201506
112.97792,24.798167,2590.75,5,201506
112.875224,24.806637,2328.0,5,201506
112.888061,24.806637,2372.5,5,201506
112.900898,24.806637,2435.25,5,201506
112.913735,24.806637,2504.5,5,201506
112.926572,24.806637,2567.5,5,201506
112.939409,24.806637,2609.25,5,201506
112.952246,24.806637,2649.0,5,201506
112.965083,24.806637,2639.25,5,201506
112.97792,24.806637,2584.25,5,201506
112.875224,24.815107,2313.0,5,201506
112.888061,24.815107,2350.0,5,201506
112.900898,24.815107,2431.25,5,201506
112.913735,24.815107,2510.0,5,201506
112.926572,24.815107,2579.5,5,201506
112.939409,24.815107,2630.75,5,201506
112.952246,24.815107,2645.25,5,201506
112.965083,24.815107,2592.25,5,201506
112.875224,24.823577,2323.0,5,201506
112.888061,24.823577,2345.5,5,201506
112.900898,24.823577,2447.75,5,201506
112.913735,24.823577,2517.5,5,201506
112.926572,24.823577,2598.0,5,201506
112.939409,24.823577,2639.25,5,201506
112.952246,24.823577,2645.25,5,201506
112.965083,24.823577,2591.25,5,201506
112.888061,24.832047,2343.5,5,201506
112.900898,24.832047,2457.0,5,201506
112.913735,24.832047,2497.5,5,201506
112.888061,24.840517,2334.75,5,201506
112.888061,24.848987,2334.75,5,201506
112.952246,24.688057,1687.5,6,201507
112.965083,24.688057,1613.75,6,201507
112.97792,24.688057,1549.5,6,201507
112.862387,24.696527,1606.25,6,201507
112.888061,24.696527,1904.5,6,201507
112.939409,24.696527,1792.25,6,201507
112.952246,24.696527,1728.25,6,201507
112.965083,24.696527,1613.25,6,201507
112.97792,24.696527,1549.5,6,201507
112.990757,24.696527,1529.25,6,201507
113.003594,24.696527,1515.5,6,201507
113.016431,24.696527,1513.0,6,201507
112.84955,24.704997,1593.0,6,201507
112.862387,24.704997,1604.0,6,201507
112.875224,24.704997,1723.5,6,201507
112.888061,24.704997,1854.75,6,201507
112.900898,24.704997,2063.5,6,201507
112.913735,24.704997,1981.75,6,201507
112.926572,24.704997,1859.25,6,201507
112.939409,24.704997,1811.0,6,201507
112.952246,24.704997,1737.5,6,201507
112.965083,24.704997,1647.5,6,201507
112.97792,24.704997,1580.25,6,201507
112.990757,24.704997,1547.75,6,201507
113.003594,24.704997,1515.5,6,201507
113.016431,24.704997,1513.0,6,201507
112.84955,24.713467,1614.75,6,201507
112.862387,24.713467,1676.25,6,201507
112.875224,24.713467,1891.75,6,201507
112.888061,24.713467,1969.5,6,201507
112.900898,24.713467,2054.25,6,201507
112.913735,24.713467,1966.25,6,201507
112.926572,24.713467,1872.0,6,201507
112.939409,24.713467,1820.75,6,201507
112.952246,24.713467,1746.5,6,201507
112.965083,24.713467,1656.25,6,201507
112.97792,24.713467,1601.5,6,201507
112.990757,24.713467,1575.25,6,201507
113.003594,24.713467,1549.5,6,201507
112.84955,24.721937,1650.75,6,201507
112.862387,24.721937,1736.25,6,201507
112.875224,24.721937,1942.75,6,201507
112.888061,24.721937,2030.75,6,201507
112.900898,24.721937,2032.5,6,201507
112.913735,24.721937,1953.5,6,201507
112.926572,24.721937,1907.25,6,201507
112.939409,24.721937,1871.5,6,201507
112.952246,24.721937,1768.5,6,201507
112.965083,24.721937,1697.25,6,201507
112.97792,24.721937,1619.75,6,201507
112.990757,24.721937,1606.25,6,201507
113.003594,24.721937,1567.5,6,201507
112.862387,24.730407,1716.5,6,201507
112.875224,24.730407,1897.5,6,201507
112.888061,24.730407,1940.75,6,201507
112.900898,24.730407,1962.0,6,201507
112.913735,24.730407,1882.75,6,201507
112.926572,24.730407,1926.5,6,201507
112.939409,24.730407,1855.0,6,201507
112.952246,24.730407,1777.25,6,201507
112.965083,24.730407,1690.0,6,201507
112.97792,24.730407,1647.75,6,201507
112.990757,24.730407,1611.25,6,201507
113.003594,24.730407,1562.75,6,201507
112.84955,24.738877,1619.75,6,201507
112.862387,24.738877,1670.5,6,201507
112.875224,24.738877,1784.5,6,201507
112.888061,24.738877,1795.75,6,201507
112.900898,24.738877,1758.0,6,201507
112.913735,24.738877,1795.25,6,201507
112.926572,24.738877,1881.25,6,201507
112.939409,24.738877,1880.75,6,201507
112.952246,24.738877,1793.0,6,201507
112.965083,24.738877,1705.25,6,201507
112.97792,24.738877,1633.75,6,201507
112.990757,24.738877,1590.75,6,201507
113.003594,24.738877,1567.5,6,201507
112.84955,24.747347,1616.0,6,201507
112.862387,24.747347,1629.5,6,201507
112.875224,24.747347,1653.25,6,201507
112.888061,24.747347,1671.0,6,201507
112.900898,24.747347,1691.25,6,201507
112.913735,24.747347,1787.0,6,201507
112.926572,24.747347,1848.5,6,201507
112.939409,24.747347,1880.25,6,201507
112.952246,24.747347,1825.0,6,201507
112.965083,24.747347,1723.75,6,201507
112.97792,24.747347,1626.0,6,201507
112.84955,24.755817,1607.0,6,201507
112.862387,24.755817,1582.0,6,201507
112.875224,24.755817,1580.0,6,201507
112.888061,24.755817,1610.5,6,201507
112.900898,24.755817,1692.5,6,201507
112.913735,24.755817,1804.25,6,201507
112.926572,24.755817,1890.25,6,201507
112.939409,24.755817,1920.75,6,201507
112.952246,24.755817,1834.75,6,201507
112.965083,24.755817,1754.75,6,201507
112.97792,24.755817,1655.0,6,201507
112.84955,24.764287,1615.25,6,201507
112.862387,24.764287,1577.5,6,201507
112.875224,24.764287,1559.5,6,201507
112.888061,24.764287,1573.75,6,201507
112.900898,24.764287,1645.75,6,201507
112.913735,24.764287,1757.5,6,201507
112.926572,24.764287,1863.0,6,201507
112.939409,24.764287,1935.75,6,201507
112.952246,24.764287,1896.0,6,201507
112.965083,24.764287,1828.75,6,201507
112.97792,24.764287,1706.75,6,201507
112.836713,24.772757,1641.75,6,201507
112.84955,24.772757,1587.25,6,201507
112.862387,24.772757,1559.5,6,201507
112.875224,24.772757,1580.5,6,201507
112.888061,24.772757,1559.0,6,201507
112.900898,24.772757,1599.0,6,201507
112.913735,24.772757,1704.0,6,201507
112.926572,24.772757,1789.75,6,201507
112.939409,24.772757,1885.25,6,201507
112.952246,24.772757,1920.25,6,201507
112.965083,24.772757,1797.75,6,201507
112.97792,24.772757,1715.0,6,201507
112.836713,24.781227,1642.75,6,201507
112.84955,24.781227,1569.5,6,201507
112.862387,24.781227,1564.25,6,201507
112.875224,24.781227,1643.25,6,201507
112.888061,24.781227,1647.75,6,201507
112.900898,24.781227,1652.25,6,201507
112.913735,24.781227,1728.25,6,201507
112.926572,24.781227,1801.25,6,201507
112.939409,24.781227,1880.5,6,201507
112.952246,24.781227,1937.25,6,201507
112.965083,24.781227,1838.75,6,201507
112.97792,24.781227,1700.5,6,201507
112.84955,24.789697,1570.75,6,201507
112.862387,24.789697,1572.0,6,201507
112.875224,24.789697,1641.5,6,201507
112.888061,24.789697,1675.0,6,201507
112.900898,24.789697,1696.0,6,201507
112.913735,24.789697,1788.0,6,201507
112.926572,24.789697,1887.0,6,201507
112.939409,24.789697,1943.75,6,201507
112.952246,24.789697,1951.75,6,201507
112.965083,24.789697,1862.5,6,201507
112.97792,24.789697,1731.75,6,201507
112.84955,24.798167,1567.0,6,201507
112.862387,24.798167,1571.0,6,201507
112.875224,24.798167,1594.75,6,201507
112.888061,24.798167,1625.25,6,201507
112.900898,24.798167,1687.75,6,201507
112.913735,24.798167,1763.75,6,201507
112.926572,24.798167,1862.5,6,201507
112.939409,24.798167,1938.75,6,201507
112.952246,24.798167,1972.25,6,201507
112.965083,24.798167,1919.25,6,201507
112.97792,24.798167,1843.0,6,201507
112.875224,24.806637,1551.25,6,201507
112.888061,24.806637,1552.5,6,201507
112.900898,24.806637,1602.5,6,201507
112.913735,24.806637,1713.75,6,201507
112.926572,24.806637,1805.75,6,201507
112.939409,24.806637,1875.5,6,201507
112.952246,24.806637,1938.5,6,201507
112.965083,24.806637,1927.75,6,201507
112.97792,24.806637,1832.5,6,201507
112.875224,24.815107,1547.0,6,201507
112.888061,24.815107,1522.25,6,201507
112.900898,24.815107,1581.5,6,201507
112.913735,24.815107,1705.75,6,201507
112.926572,24.815107,1823.75,6,201507
112.939409,24.815107,1899.75,6,201507
112.952246,24.815107,1936.75,6,201507
112.965083,24.815107,1838.75,6,201507
112.875224,24.823577,1523.25,6,201507
112.888061,24.823577,1517.25,6,201507
112.900898,24.823577,1602.5,6,201507
112.913735,24.823577,1713.75,6,201507
112.926572,24.823577,1855.5,6,201507
112.939409,24.823577,1924.5,6,201507
112.952246,24.823577,1936.75,6,201507
112.965083,24.823577,1841.5,6,201507
112.888061,24.832047,1509.5,6,201507
112.900898,24.832047,1614.75,6,201507
112.913735,24.832047,1677.25,6,201507
112.888061,24.840517,1511.5,6,201507
112.888061,24.848987,1511.5,6,201507
112.952246,24.688057,2169.75,7,201508
112.965083,24.688057,2088.5,7,201508
112.97792,24.688057,2017.25,7,201508
112.862387,24.696527,2024.0,7,201508
112.888061,24.696527,2439.0,7,201508
112.939409,24.696527,2320.5,7,201508
112.952246,24.696527,2225.0,7,201508
112.965083,24.696527,2092.25,7,201508
112.97792,24.696527,2017.25,7,201508
112.990757,24.696527,2009.0,7,201508
113.003594,24.696527,2008.0,7,201508
113.016431,24.696527,1999.75,7,201508
112.84955,24.704997,1984.0,7,201508
112.862387,24.704997,2017.5,7,201508
112.875224,24.704997,2208.0,7,201508
112.888061,24.704997,2378.75,7,201508
112.900898,24.704997,2631.75,7,201508
112.913735,24.704997,2545.75,7,201508
112.926572,24.704997,2408.0,7,201508
112.939409,24.704997,2347.5,7,201508
112.952246,24.704997,2240.5,7,201508
112.965083,24.704997,2137.5,7,201508
112.97792,24.704997,2056.25,7,201508
112.990757,24.704997,2032.75,7,201508
113.003594,24.704997,2008.0,7,201508
113.016431,24.704997,1999.75,7,201508
112.84955,24.713467,2036.25,7,201508
112.862387,24.713467,2147.75,7,201508
112.875224,24.713467,2435.25,7,201508
112.888061,24.713467,2525.0,7,201508
112.900898,24.713467,2630.25,7,201508
112.913735,24.713467,2535.5,7,201508
112.926572,24.713467,2428.5,7,201508
112.939409,24.713467,2362.25,7,201508
112.952246,24.713467,2263.25,7,201508
112.965083,24.713467,2154.25,7,201508
112.97792,24.713467,2089.75,7,201508
112.990757,24.713467,2069.0,7,201508
113.003594,24.713467,2044.25,7,201508
112.84955,24.721937,2114.75,7,201508
112.862387,24.721937,2238.75,7,201508
112.875224,24.721937,2501.5,7,201508
112.888061,24.721937,2607.75,7,201508
112.900898,24.721937,2608.75,7,201508
112.913735,24.721937,2522.25,7,201508
112.926572,24.721937,2480.75,7,201508
112.939409,24.721937,2431.75,7,201508
112.952246,24.721937,2300.75,7,201508
112.965083,24.721937,2217.25,7,201508
112.97792,24.721937,2120.75,7,201508
112.990757,24.721937,2114.0,7,201508
113.003594,24.721937,2069.25,7,201508
112.862387,24.730407,2218.5,7,201508
112.875224,24.730407,2450.75,7,201508
112.888061,24.730407,2511.0,7,201508
112.900898,24.730407,2523.75,7,201508
112.913735,24.730407,2442.75,7,201508
112.926572,24.730407,2504.25,7,201508
112.939409,24.730407,2418.0,7,201508
112.952246,24.730407,2324.0,7,201508
112.965083,24.730407,2208.25,7,201508
112.97792,24.730407,2154.75,7,201508
112.990757,24.730407,2116.5,7,201508
113.003594,24.730407,2062.75,7,201508
112.84955,24.738877,2053.75,7,201508
112.862387,24.738877,2156.0,7,201508
112.875224,24.738877,2306.5,7,201508
112.888061,24.738877,2335.5,7,201508
112.900898,24.738877,2300.75,7,201508
112.913735,24.738877,2350.5,7,201508
112.926572,24.738877,2459.0,7,201508
112.939409,24.738877,2458.75,7,201508
112.952246,24.738877,2344.25,7,201508
112.965083,24.738877,2216.25,7,201508
112.97792,24.738877,2131.0,7,201508
112.990757,24.738877,2084.0,7,201508
113.003594,24.738877,2059.0,7,201508
112.84955,24.747347,1988.5,7,201508
112.862387,24.747347,2064.0,7,201508
112.875224,24.747347,2107.75,7,201508
112.888061,24.747347,2169.0,7,201508
112.900898,24.747347,2215.25,7,201508
112.913735,24.747347,2337.5,7,201508
112.926572,24.747347,2433.5,7,201508
112.939409,24.747347,2474.0,7,201508
112.952246,24.747347,2364.25,7,201508
112.965083,24.747347,2224.75,7,201508
112.97792,24.747347,2118.75,7,201508
112.84955,24.755817,1883.75,7,201508
112.862387,24.755817,1927.5,7,201508
112.875224,24.755817,1979.75,7,201508
112.888061,24.755817,2081.75,7,201508
112.900898,24.755817,2212.5,7,201508
112.913735,24.755817,2358.0,7,201508
112.926572,24.755817,2474.0,7,201508
112.939409,24.755817,2518.0,7,201508
112.952246,24.755817,2369.75,7,201508
112.965083,24.755817,2268.75,7,201508
112.97792,24.755817,2155.5,7,201508
112.84955,24.764287,1828.75,7,201508
112.862387,24.764287,1872.5,7,201508
112.875224,24.764287,1942.25,7,201508
112.888061,24.764287,2012.25,7,201508
112.900898,24.764287,2137.25,7,201508
112.913735,24.764287,2282.75,7,201508
112.926572,24.764287,2430.75,7,201508
112.939409,24.764287,2532.75,7,201508
112.952246,24.764287,2455.0,7,201508
112.965083,24.764287,2353.5,7,201508
112.97792,24.764287,2211.5,7,201508
112.836713,24.772757,1799.5,7,201508
112.84955,24.772757,1837.0,7,201508
112.862387,24.772757,1912.75,7,201508
112.875224,24.772757,2005.75,7,201508
112.888061,24.772757,2006.0,7,201508
112.900898,24.772757,2070.0,7,201508
112.913735,24.772757,2206.75,7,201508
112.926572,24.772757,2334.75,7,201508
112.939409,24.772757,2468.5,7,201508
112.952246,24.772757,2489.5,7,201508
112.965083,24.772757,2327.0,7,201508
112.97792,24.772757,2223.0,7,201508
112.836713,24.781227,1796.0,7,201508
112.84955,24.781227,1860.0,7,201508
112.862387,24.781227,1970.75,7,201508
112.875224,24.781227,2124.5,7,201508
112.888061,24.781227,2130.5,7,201508
112.900898,24.781227,2142.25,7,201508
112.913735,24.781227,2247.25,7,201508
112.926572,24.781227,2352.0,7,201508
112.939409,24.781227,2465.5,7,201508
112.952246,24.781227,2535.25,7,201508
112.965083,24.781227,2384.75,7,201508
112.97792,24.781227,2199.25,7,201508
112.84955,24.789697,1897.25,7,201508
112.862387,24.789697,1990.75,7,201508
112.875224,24.789697,2106.75,7,201508
112.888061,24.789697,2162.0,7,201508
112.900898,24.789697,2194.0,7,201508
112.913735,24.789697,2322.25,7,201508
112.926572,24.789697,2453.0,7,201508
112.939409,24.789697,2537.75,7,201508
112.952246,24.789697,2552.25,7,201508
112.965083,24.789697,2416.0,7,201508
112.97792,24.789697,2228.0,7,201508
112.84955,24.798167,1917.5,7,201508
112.862387,24.798167,1973.0,7,201508
112.875224,24.798167,1973.0,7,201508
112.888061,24.798167,2066.0,7,201508
112.900898,24.798167,2176.5,7,201508
112.913735,24.798167,2293.0,7,201508
112.926572,24.798167,2418.0,7,201508
112.939409,24.798167,2528.75,7,201508
112.952246,24.798167,2581.0,7,201508
112.965083,24.798167,2491.25,7,201508
112.97792,24.798167,2369.5,7,201508
112.875224,24.806637,1842.25,7,201508
112.888061,24.806637,1923.5,7,201508
112.900898,24.806637,2060.25,7,201508
112.913735,24.806637,2225.75,7,201508
112.926572,24.806637,2348.0,7,201508
112.939409,24.806637,2455.5,7,201508
112.952246,24.806637,2542.75,7,201508
112.965083,24.806637,2505.5,7,201508
112.97792,24.806637,2369.5,7,201508
112.875224,24.815107,1807.25,7,201508
112.888061,24.815107,1882.75,7,201508
112.900898,24.815107,2045.25,7,201508
112.913735,24.815107,2225.25,7,201508
112.926572,24.815107,2365.25,7,201508
112.939409,24.815107,2475.5,7,201508
112.952246,24.815107,2536.75,7,201508
112.965083,24.815107,2406.5,7,201508
112.875224,24.823577,1824.25,7,201508
112.888061,24.823577,1867.75,7,201508
112.900898,24.823577,2071.25,7,201508
112.913735,24.823577,2225.0,7,201508
112.926572,24.823577,2402.75,7,201508
112.939409,24.823577,2495.5,7,201508
112.952246,24.823577,2536.75,7,201508
112.965083,24.823577,2409.5,7,201508
112.888061,24.832047,1847.0,7,201508
112.900898,24.832047,2091.25,7,201508
112.913735,24.832047,2172.5,7,201508
112.888061,24.840517,1820.75,7,201508
112.888061,24.848987,1820.75,7,201508
112.952246,24.688057,813.5,8,201509
112.965083,24.688057,769.75,8,201509
112.97792,24.688057,730.25,8,201509
112.862387,24.696527,746.75,8,201509
112.888061,24.696527,953.75,8,201509
112.939409,24.696527,882.0,8,201509
112.952246,24.696527,837.75,8,201509
112.965083,24.696527,770.25,8,201509
112.97792,24.696527,730.25,8,201509
112.990757,24.696527,724.0,8,201509
113.003594,24.696527,723.75,8,201509
113.016431,24.696527,719.5,8,201509
112.84955,24.704997,732.25,8,201509
112.862387,24.704997,745.25,8,201509
112.875224,24.704997,835.0,8,201509
112.888061,24.704997,923.0,8,201509
112.900898,24.704997,1055.5,8,201509
112.913735,24.704997,1004.25,8,201509
112.926572,24.704997,933.75,8,201509
112.939409,24.704997,896.0,8,201509
112.952246,24.704997,842.25,8,201509
112.965083,24.704997,784.75,8,201509
112.97792,24.704997,746.5,8,201509
112.990757,24.704997,736.25,8,201509
113.003594,24.704997,723.75,8,201509
113.016431,24.704997,719.5,8,201509
112.84955,24.713467,756.5,8,201509
112.862387,24.713467,807.5,8,201509
112.875224,24.713467,945.0,8,201509
112.888061,24.713467,996.75,8,201509
112.900898,24.713467,1049.0,8,201509
112.913735,24.713467,995.75,8,201509
112.926572,24.713467,938.75,8,201509
112.939409,24.713467,898.75,8,201509
112.952246,24.713467,847.0,8,201509
112.965083,24.713467,789.75,8,201509
112.97792,24.713467,761.25,8,201509
112.990757,24.713467,753.0,8,201509
113.003594,24.713467,738.5,8,201509
112.84955,24.721937,795.0,8,201509
112.862387,24.721937,854.0,8,201509
112.875224,24.721937,975.75,8,201509
112.888061,24.721937,1026.25,8,201509
112.900898,24.721937,1028.5,8,201509
112.913735,24.721937,979.25,8,201509
112.926572,24.721937,957.75,8,201509
112.939409,24.721937,929.5,8,201509
112.952246,24.721937,865.75,8,201509
112.965083,24.721937,820.0,8,201509
112.97792,24.721937,774.0,8,201509
112.990757,24.721937,769.25,8,201509
113.003594,24.721937,747.0,8,201509
112.862387,24.730407,841.0,8,201509
112.875224,24.730407,951.0,8,201509
112.888061,24.730407,974.0,8,201509
112.900898,24.730407,978.25,8,201509
112.913735,24.730407,934.75,8,201509
112.926572,24.730407,970.5,8,201509
112.939409,24.730407,920.5,8,201509
112.952246,24.730407,870.5,8,201509
112.965083,24.730407,808.75,8,201509
112.97792,24.730407,784.5,8,201509
112.990757,24.730407,762.5,8,201509
113.003594,24.730407,739.75,8,201509
112.84955,24.738877,755.5,8,201509
112.862387,24.738877,800.5,8,201509
112.875224,24.738877,876.75,8,201509
112.888061,24.738877,884.0,8,201509
112.900898,24.738877,865.5,8,201509
112.913735,24.738877,884.5,8,201509
112.926572,24.738877,944.0,8,201509
112.939409,24.738877,937.25,8,201509
112.952246,24.738877,873.25,8,201509
112.965083,24.738877,809.75,8,201509
112.97792,24.738877,767.5,8,201509
112.990757,24.738877,747.5,8,201509
113.003594,24.738877,735.0,8,201509
112.84955,24.747347,728.75,8,201509
112.862387,24.747347,758.0,8,201509
112.875224,24.747347,781.25,8,201509
112.888061,24.747347,806.25,8,201509
112.900898,24.747347,825.5,8,201509
112.913735,24.747347,880.0,8,201509
112.926572,24.747347,925.25,8,201509
112.939409,24.747347,947.0,8,201509
112.952246,24.747347,886.25,8,201509
112.965083,24.747347,816.75,8,201509
112.97792,24.747347,762.5,8,201509
112.84955,24.755817,693.25,8,201509
112.862387,24.755817,706.5,8,201509
112.875224,24.755817,727.75,8,201509
112.888061,24.755817,772.5,8,201509
112.900898,24.755817,829.75,8,201509
112.913735,24.755817,894.25,8,201509
112.926572,24.755817,952.75,8,201509
112.939409,24.755817,975.5,8,201509
112.952246,24.755817,896.0,8,201509
112.965083,24.755817,842.5,8,201509
112.97792,24.755817,782.0,8,201509
112.84955,24.764287,681.5,8,201509
112.862387,24.764287,695.0,8,201509
112.875224,24.764287,718.5,8,201509
112.888061,24.764287,749.25,8,201509
112.900898,24.764287,802.75,8,201509
112.913735,24.764287,865.25,8,201509
112.926572,24.764287,938.0,8,201509
112.939409,24.764287,988.5,8,201509
112.952246,24.764287,948.5,8,201509
112.965083,24.764287,893.0,8,201509
112.97792,24.764287,810.0,8,201509
112.836713,24.772757,678.5,8,201509
112.84955,24.772757,688.25,8,201509
112.862387,24.772757,715.75,8,201509
112.875224,24.772757,751.25,8,201509
112.888061,24.772757,750.25,8,201509
112.900898,24.772757,779.5,8,201509
112.913735,24.772757,838.75,8,201509
112.926572,24.772757,895.5,8,201509
112.939409,24.772757,960.25,8,201509
112.952246,24.772757,969.75,8,201509
112.965083,24.772757,880.25,8,201509
112.97792,24.772757,820.75,8,201509
112.836713,24.781227,681.25,8,201509
112.84955,24.781227,697.0,8,201509
112.862387,24.781227,740.5,8,201509
112.875224,24.781227,812.0,8,201509
112.888061,24.781227,817.5,8,201509
112.900898,24.781227,818.5,8,201509
112.913735,24.781227,868.0,8,201509
112.926572,24.781227,909.0,8,201509
112.939409,24.781227,961.75,8,201509
112.952246,24.781227,995.0,8,201509
112.965083,24.781227,917.0,8,201509
112.97792,24.781227,821.0,8,201509
112.84955,24.789697,719.75,8,201509
112.862387,24.789697,757.0,8,201509
112.875224,24.789697,806.75,8,201509
112.888061,24.789697,832.5,8,201509
112.900898,24.789697,843.5,8,201509
112.913735,24.789697,909.0,8,201509
112.926572,24.789697,966.5,8,201509
112.939409,24.789697,1001.5,8,201509
112.952246,24.789697,1004.5,8,201509
112.965083,24.789697,938.25,8,201509
112.97792,24.789697,844.25,8,201509
112.84955,24.798167,729.0,8,201509
112.862387,24.798167,750.5,8,201509
112.875224,24.798167,753.0,8,201509
112.888061,24.798167,788.75,8,201509
112.900898,24.798167,838.5,8,201509
112.913735,24.798167,896.0,8,201509
112.926572,24.798167,955.75,8,201509
112.939409,24.798167,1003.0,8,201509
112.952246,24.798167,1023.75,8,201509
112.965083,24.798167,979.75,8,201509
112.97792,24.798167,923.0,8,201509
112.875224,24.806637,702.75,8,201509
112.888061,24.806637,728.5,8,201509
112.900898,24.806637,788.5,8,201509
112.913735,24.806637,864.5,8,201509
112.926572,24.806637,922.75,8,201509
112.939409,24.806637,970.25,8,201509
112.952246,24.806637,1011.0,8,201509
112.965083,24.806637,992.75,8,201509
112.97792,24.806637,922.5,8,201509
112.875224,24.815107,694.25,8,201509
112.888061,24.815107,719.0,8,201509
112.900898,24.815107,789.25,8,201509
112.913735,24.815107,870.0,8,201509
112.926572,24.815107,938.0,8,201509
112.939409,24.815107,989.75,8,201509
112.952246,24.815107,1012.5,8,201509
112.965083,24.815107,941.75,8,201509
112.875224,24.823577,705.5,8,201509
112.888061,24.823577,721.5,8,201509
112.900898,24.823577,810.5,8,201509
112.913735,24.823577,879.25,8,201509
112.926572,24.823577,959.75,8,201509
112.939409,24.823577,1004.25,8,201509
112.952246,24.823577,1012.5,8,201509
112.965083,24.823577,944.75,8,201509
112.888061,24.832047,718.25,8,201509
112.900898,24.832047,822.0,8,201509
112.913735,24.832047,858.5,8,201509
112.888061,24.840517,711.25,8,201509
112.888061,24.848987,711.25,8,201509
112.952246,24.688057,1001.0,9,201510
112.965083,24.688057,970.25,9,201510
112.97792,24.688057,940.0,9,201510
112.862387,24.696527,966.5,9,201510
112.888061,24.696527,1088.75,9,201510
112.939409,24.696527,1052.75,9,201510
112.952246,24.696527,1021.75,9,201510
112.965083,24.696527,970.75,9,201510
112.97792,24.696527,940.0,9,201510
112.990757,24.696527,940.5,9,201510
113.003594,24.696527,933.25,9,201510
113.016431,24.696527,929.5,9,201510
112.84955,24.704997,957.75,9,201510
112.862387,24.704997,963.5,9,201510
112.875224,24.704997,1016.25,9,201510
112.888061,24.704997,1069.25,9,201510
112.900898,24.704997,1155.0,9,201510
112.913735,24.704997,1128.5,9,201510
112.926572,24.704997,1080.5,9,201510
112.939409,24.704997,1060.0,9,201510
112.952246,24.704997,1025.75,9,201510
112.965083,24.704997,988.75,9,201510
112.97792,24.704997,957.75,9,201510
112.990757,24.704997,947.5,9,201510
113.003594,24.704997,933.25,9,201510
113.016431,24.704997,929.5,9,201510
112.84955,24.713467,971.75,9,201510
112.862387,24.713467,1001.5,9,201510
112.875224,24.713467,1085.25,9,201510
112.888061,24.713467,1117.25,9,201510
112.900898,24.713467,1149.75,9,201510
112.913735,24.713467,1123.25,9,201510
112.926572,24.713467,1088.5,9,201510
112.939409,24.713467,1064.5,9,201510
112.952246,24.713467,1030.25,9,201510
112.965083,24.713467,990.0,9,201510
112.97792,24.713467,968.75,9,201510
112.990757,24.713467,958.75,9,201510
113.003594,24.713467,944.5,9,201510
112.84955,24.721937,990.0,9,201510
112.862387,24.721937,1026.25,9,201510
112.875224,24.721937,1106.75,9,201510
112.888061,24.721937,1136.0,9,201510
112.900898,24.721937,1141.25,9,201510
112.913735,24.721937,1114.5,9,201510
112.926572,24.721937,1103.0,9,201510
112.939409,24.721937,1085.75,9,201510
112.952246,24.721937,1041.5,9,201510
112.965083,24.721937,1008.0,9,201510
112.97792,24.721937,973.5,9,201510
112.990757,24.721937,969.75,9,201510
113.003594,24.721937,955.75,9,201510
112.862387,24.730407,1014.0,9,201510
112.875224,24.730407,1087.75,9,201510
112.888061,24.730407,1100.25,9,201510
112.900898,24.730407,1109.0,9,201510
112.913735,24.730407,1085.75,9,201510
112.926572,24.730407,1107.5,9,201510
112.939409,24.730407,1080.5,9,201510
112.952246,24.730407,1049.5,9,201510
112.965083,24.730407,1009.25,9,201510
112.97792,24.730407,984.75,9,201510
112.990757,24.730407,971.0,9,201510
113.003594,24.730407,950.25,9,201510
112.84955,24.738877,969.25,9,201510
112.862387,24.738877,992.0,9,201510
112.875224,24.738877,1038.5,9,201510
112.888061,24.738877,1044.25,9,201510
112.900898,24.738877,1037.25,9,201510
112.913735,24.738877,1053.5,9,201510
112.926572,24.738877,1088.75,9,201510
112.939409,24.738877,1091.75,9,201510
112.952246,24.738877,1054.0,9,201510
112.965083,24.738877,1010.25,9,201510
112.97792,24.738877,979.25,9,201510
112.990757,24.738877,962.25,9,201510
113.003594,24.738877,948.25,9,201510
112.84955,24.747347,963.0,9,201510
112.862387,24.747347,972.5,9,201510
112.875224,24.747347,985.5,9,201510
112.888061,24.747347,1001.5,9,201510
112.900898,24.747347,1017.75,9,201510
112.913735,24.747347,1054.0,9,201510
112.926572,24.747347,1083.5,9,201510
112.939409,24.747347,1103.25,9,201510
112.952246,24.747347,1062.0,9,201510
112.965083,24.747347,1018.0,9,201510
112.97792,24.747347,977.0,9,201510
112.84955,24.755817,952.5,9,201510
112.862387,24.755817,945.25,9,201510
112.875224,24.755817,958.0,9,201510
112.888061,24.755817,984.25,9,201510
112.900898,24.755817,1020.75,9,201510
112.913735,24.755817,1063.75,9,201510
112.926572,24.755817,1106.5,9,201510
112.939409,24.755817,1122.75,9,201510
112.952246,24.755817,1072.5,9,201510
112.965083,24.755817,1037.75,9,201510
112.97792,24.755817,993.75,9,201510
112.84955,24.764287,948.0,9,201510
112.862387,24.764287,944.25,9,201510
112.875224,24.764287,953.5,9,201510
112.888061,24.764287,969.75,9,201510
112.900898,24.764287,1006.25,9,201510
112.913735,24.764287,1049.25,9,201510
112.926572,24.764287,1098.75,9,201510
112.939409,24.764287,1131.5,9,201510
112.952246,24.764287,1104.75,9,201510
112.965083,24.764287,1066.75,9,201510
112.97792,24.764287,1013.0,9,201510
112.836713,24.772757,950.25,9,201510
112.84955,24.772757,943.5,9,201510
112.862387,24.772757,949.75,9,201510
112.875224,24.772757,965.75,9,201510
112.888061,24.772757,965.0,9,201510
112.900898,24.772757,984.75,9,201510
112.913735,24.772757,1027.5,9,201510
112.926572,24.772757,1067.0,9,201510
112.939409,24.772757,1109.75,9,201510
112.952246,24.772757,1116.75,9,201510
112.965083,24.772757,1062.25,9,201510
112.97792,24.772757,1015.25,9,201510
112.836713,24.781227,949.0,9,201510
112.84955,24.781227,938.5,9,201510
112.862387,24.781227,958.25,9,201510
112.875224,24.781227,994.75,9,201510
112.888061,24.781227,1000.5,9,201510
112.900898,24.781227,1003.5,9,201510
112.913735,24.781227,1039.5,9,201510
112.926572,24.781227,1075.75,9,201510
112.939409,24.781227,1108.5,9,201510
112.952246,24.781227,1131.25,9,201510
112.965083,24.781227,1087.5,9,201510
112.97792,24.781227,1016.75,9,201510
112.84955,24.789697,947.25,9,201510
112.862387,24.789697,963.5,9,201510
112.875224,24.789697,989.75,9,201510
112.888061,24.789697,1005.5,9,201510
112.900898,24.789697,1015.5,9,201510
112.913735,24.789697,1061.5,9,201510
112.926572,24.789697,1104.0,9,201510
112.939409,24.789697,1127.0,9,201510
112.952246,24.789697,1136.25,9,201510
112.965083,24.789697,1091.75,9,201510
112.97792,24.789697,1028.5,9,201510
112.84955,24.798167,949.75,9,201510
112.862387,24.798167,959.5,9,201510
112.875224,24.798167,961.5,9,201510
112.888061,24.798167,981.0,9,201510
112.900898,24.798167,1010.5,9,201510
112.913735,24.798167,1046.5,9,201510
112.926572,24.798167,1089.25,9,201510
112.939409,24.798167,1119.0,9,201510
112.952246,24.798167,1137.5,9,201510
112.965083,24.798167,1110.5,9,201510
112.97792,24.798167,1072.75,9,201510
112.875224,24.806637,936.5,9,201510
112.888061,24.806637,946.25,9,201510
112.900898,24.806637,975.75,9,201510
112.913735,24.806637,1021.75,9,201510
112.926572,24.806637,1061.25,9,201510
112.939409,24.806637,1090.75,9,201510
112.952246,24.806637,1126.0,9,201510
112.965083,24.806637,1112.25,9,201510
112.97792,24.806637,1072.0,9,201510
112.875224,24.815107,928.75,9,201510
112.888061,24.815107,938.25,9,201510
112.900898,24.815107,971.0,9,201510
112.913735,24.815107,1017.0,9,201510
112.926572,24.815107,1066.5,9,201510
112.939409,24.815107,1099.25,9,201510
112.952246,24.815107,1124.25,9,201510
112.965083,24.815107,1084.5,9,201510
112.875224,24.823577,927.0,9,201510
112.888061,24.823577,933.5,9,201510
112.900898,24.823577,979.75,9,201510
112.913735,24.823577,1022.5,9,201510
112.926572,24.823577,1079.0,9,201510
112.939409,24.823577,1107.75,9,201510
112.952246,24.823577,1124.25,9,201510
112.965083,24.823577,1084.0,9,201510
112.888061,24.832047,928.75,9,201510
112.900898,24.832047,985.5,9,201510
112.913735,24.832047,1008.5,9,201510
112.888061,24.840517,925.0,9,201510
112.888061,24.848987,925.0,9,201510
112.952246,24.688057,431.0,10,201511
112.965083,24.688057,413.75,10,201511
112.97792,24.688057,397.5,10,201511
112.862387,24.696527,427.25,10,201511
112.888061,24.696527,483.25,10,201511
112.939409,24.696527,452.75,10,201511
112.952246,24.696527,440.75,10,201511
112.965083,24.696527,417.75,10,201511
112.97792,24.696527,397.5,10,201511
112.990757,24.696527,401.5,10,201511
113.003594,24.696527,393.25,10,201511
113.016431,24.696527,390.0,10,201511
112.84955,24.704997,424.0,10,201511
112.862387,24.704997,428.0,10,201511
112.875224,24.704997,449.0,10,201511
112.888061,24.704997,476.0,10,201511
112.900898,24.704997,505.25,10,201511
112.913735,24.704997,489.25,10,201511
112.926572,24.704997,468.0,10,201511
112.939409,24.704997,459.75,10,201511
112.952246,24.704997,444.75,10,201511
112.965083,24.704997,425.75,10,201511
112.97792,24.704997,408.0,10,201511
112.990757,24.704997,405.25,10,201511
113.003594,24.704997,393.25,10,201511
113.016431,24.704997,390.0,10,201511
112.84955,24.713467,430.5,10,201511
112.862387,24.713467,446.75,10,201511
112.875224,24.713467,483.5,10,201511
112.888061,24.713467,498.0,10,201511
112.900898,24.713467,505.25,10,201511
112.913735,24.713467,489.25,10,201511
112.926572,24.713467,473.25,10,201511
112.939409,24.713467,462.0,10,201511
112.952246,24.713467,447.25,10,201511
112.965083,24.713467,427.75,10,201511
112.97792,24.713467,415.75,10,201511
112.990757,24.713467,413.0,10,201511
113.003594,24.713467,400.75,10,201511
112.84955,24.721937,439.0,10,201511
112.862387,24.721937,460.25,10,201511
112.875224,24.721937,494.25,10,201511
112.888061,24.721937,504.5,10,201511
112.900898,24.721937,502.5,10,201511
112.913735,24.721937,489.0,10,201511
112.926572,24.721937,484.25,10,201511
112.939409,24.721937,478.75,10,201511
112.952246,24.721937,457.75,10,201511
112.965083,24.721937,441.0,10,201511
112.97792,24.721937,420.75,10,201511
112.990757,24.721937,417.75,10,201511
113.003594,24.721937,408.5,10,201511
112.862387,24.730407,457.25,10,201511
112.875224,24.730407,488.5,10,201511
112.888061,24.730407,490.5,10,201511
112.900898,24.730407,491.0,10,201511
112.913735,24.730407,480.5,10,201511
112.926572,24.730407,489.75,10,201511
112.939409,24.730407,478.5,10,201511
112.952246,24.730407,465.75,10,201511
112.965083,24.730407,441.0,10,201511
112.97792,24.730407,428.5,10,201511
112.990757,24.730407,420.0,10,201511
113.003594,24.730407,408.0,10,201511
112.84955,24.738877,433.25,10,201511
112.862387,24.738877,449.25,10,201511
112.875224,24.738877,468.25,10,201511
112.888061,24.738877,467.75,10,201511
112.900898,24.738877,461.25,10,201511
112.913735,24.738877,469.0,10,201511
112.926572,24.738877,481.0,10,201511
112.939409,24.738877,483.75,10,201511
112.952246,24.738877,465.5,10,201511
112.965083,24.738877,440.5,10,201511
112.97792,24.738877,425.25,10,201511
112.990757,24.738877,416.75,10,201511
113.003594,24.738877,410.25,10,201511
112.84955,24.747347,432.0,10,201511
112.862387,24.747347,437.25,10,201511
112.875224,24.747347,439.5,10,201511
112.888061,24.747347,447.5,10,201511
112.900898,24.747347,455.25,10,201511
112.913735,24.747347,471.5,10,201511
112.926572,24.747347,480.75,10,201511
112.939409,24.747347,490.0,10,201511
112.952246,24.747347,473.75,10,201511
112.965083,24.747347,451.25,10,201511
112.97792,24.747347,424.75,10,201511
112.84955,24.755817,428.25,10,201511
112.862387,24.755817,427.75,10,201511
112.875224,24.755817,427.25,10,201511
112.888061,24.755817,441.0,10,201511
112.900898,24.755817,460.25,10,201511
112.913735,24.755817,479.25,10,201511
112.926572,24.755817,495.5,10,201511
112.939409,24.755817,503.25,10,201511
112.952246,24.755817,481.75,10,201511
112.965083,24.755817,459.0,10,201511
112.97792,24.755817,438.25,10,201511
112.84955,24.764287,436.0,10,201511
112.862387,24.764287,432.5,10,201511
112.875224,24.764287,429.0,10,201511
112.888061,24.764287,437.0,10,201511
112.900898,24.764287,453.25,10,201511
112.913735,24.764287,472.5,10,201511
112.926572,24.764287,491.75,10,201511
112.939409,24.764287,508.25,10,201511
112.952246,24.764287,495.0,10,201511
112.965083,24.764287,480.75,10,201511
112.97792,24.764287,454.25,10,201511
112.836713,24.772757,443.5,10,201511
112.84955,24.772757,437.5,10,201511
112.862387,24.772757,439.75,10,201511
112.875224,24.772757,445.0,10,201511
112.888061,24.772757,441.5,10,201511
112.900898,24.772757,443.5,10,201511
112.913735,24.772757,463.0,10,201511
112.926572,24.772757,482.5,10,201511
112.939409,24.772757,501.75,10,201511
112.952246,24.772757,502.5,10,201511
112.965083,24.772757,479.75,10,201511
112.97792,24.772757,459.0,10,201511
112.836713,24.781227,448.0,10,201511
112.84955,24.781227,439.25,10,201511
112.862387,24.781227,444.5,10,201511
112.875224,24.781227,467.0,10,201511
112.888061,24.781227,469.25,10,201511
112.900898,24.781227,459.75,10,201511
112.913735,24.781227,473.5,10,201511
112.926572,24.781227,487.25,10,201511
112.939409,24.781227,501.0,10,201511
112.952246,24.781227,514.5,10,201511
112.965083,24.781227,493.0,10,201511
112.97792,24.781227,459.0,10,201511
112.84955,24.789697,443.5,10,201511
112.862387,24.789697,449.0,10,201511
112.875224,24.789697,465.5,10,201511
112.888061,24.789697,473.5,10,201511
112.900898,24.789697,473.0,10,201511
112.913735,24.789697,489.5,10,201511
112.926572,24.789697,506.5,10,201511
112.939409,24.789697,517.25,10,201511
112.952246,24.789697,516.75,10,201511
112.965083,24.789697,496.25,10,201511
112.97792,24.789697,469.25,10,201511
112.84955,24.798167,444.25,10,201511
112.862387,24.798167,447.0,10,201511
112.875224,24.798167,450.0,10,201511
112.888061,24.798167,458.25,10,201511
112.900898,24.798167,472.0,10,201511
112.913735,24.798167,488.5,10,201511
112.926572,24.798167,505.25,10,201511
112.939409,24.798167,519.25,10,201511
112.952246,24.798167,528.25,10,201511
112.965083,24.798167,512.5,10,201511
112.97792,24.798167,492.25,10,201511
112.875224,24.806637,437.0,10,201511
112.888061,24.806637,439.5,10,201511
112.900898,24.806637,456.25,10,201511
112.913735,24.806637,478.75,10,201511
112.926572,24.806637,498.5,10,201511
112.939409,24.806637,512.5,10,201511
112.952246,24.806637,521.75,10,201511
112.965083,24.806637,517.5,10,201511
112.97792,24.806637,493.25,10,201511
112.875224,24.815107,435.25,10,201511
112.888061,24.815107,438.5,10,201511
112.900898,24.815107,458.0,10,201511
112.913735,24.815107,483.5,10,201511
112.926572,24.815107,503.5,10,201511
112.939409,24.815107,520.5,10,201511
112.952246,24.815107,523.5,10,201511
112.965083,24.815107,499.5,10,201511
112.875224,24.823577,437.25,10,201511
112.888061,24.823577,439.75,10,201511
112.900898,24.823577,465.5,10,201511
112.913735,24.823577,482.5,10,201511
112.926572,24.823577,510.25,10,201511
112.939409,24.823577,524.5,10,201511
112.952246,24.823577,523.5,10,201511
112.965083,24.823577,502.75,10,201511
112.888061,24.832047,441.5,10,201511
112.900898,24.832047,469.25,10,201511
112.913735,24.832047,477.75,10,201511
112.888061,24.840517,439.25,10,201511
112.888061,24.848987,439.25,10,201511
112.952246,24.688057,614.75,11,201512
112.965083,24.688057,601.0,11,201512
112.97792,24.688057,590.25,11,201512
112.862387,24.696527,610.5,11,201512
112.888061,24.696527,632.25,11,201512
112.939409,24.696527,630.75,11,201512
112.952246,24.696527,621.25,11,201512
112.965083,24.696527,604.0,11,201512
112.97792,24.696527,590.25,11,201512
112.990757,24.696527,590.75,11,201512
113.003594,24.696527,592.0,11,201512
113.016431,24.696527,585.5,11,201512
112.84955,24.704997,601.0,11,201512
112.862387,24.704997,606.0,11,201512
112.875224,24.704997,623.0,11,201512
112.888061,24.704997,627.75,11,201512
112.900898,24.704997,641.0,11,201512
112.913735,24.704997,630.5,11,201512
112.926572,24.704997,629.0,11,201512
112.939409,24.704997,630.25,11,201512
112.952246,24.704997,624.5,11,201512
112.965083,24.704997,606.75,11,201512
112.97792,24.704997,592.75,11,201512
112.990757,24.704997,590.25,11,201512
113.003594,24.704997,592.0,11,201512
113.016431,24.704997,585.5,11,201512
112.84955,24.713467,604.25,11,201512
112.862387,24.713467,612.5,11,201512
112.875224,24.713467,625.0,11,201512
112.888061,24.713467,626.75,11,201512
112.900898,24.713467,632.5,11,201512
112.913735,24.713467,625.5,11,201512
112.926572,24.713467,628.0,11,201512
112.939409,24.713467,629.0,11,201512
112.952246,24.713467,623.0,11,201512
112.965083,24.713467,605.25,11,201512
112.97792,24.713467,595.5,11,201512
112.990757,24.713467,589.25,11,201512
113.003594,24.713467,591.0,11,201512
112.84955,24.721937,614.0,11,201512
112.862387,24.721937,622.5,11,201512
112.875224,24.721937,623.5,11,201512
112.888061,24.721937,621.0,11,201512
112.900898,24.721937,623.5,11,201512
112.913735,24.721937,624.0,11,201512
112.926572,24.721937,626.5,11,201512
112.939409,24.721937,627.5,11,201512
112.952246,24.721937,625.25,11,201512
112.965083,24.721937,607.75,11,201512
112.97792,24.721937,598.25,11,201512
112.990757,24.721937,599.5,11,201512
113.003594,24.721937,593.75,11,201512
112.862387,24.730407,624.75,11,201512
112.875224,24.730407,622.25,11,201512
112.888061,24.730407,616.0,11,201512
112.900898,24.730407,614.5,11,201512
112.913735,24.730407,615.25,11,201512
112.926572,24.730407,625.0,11,201512
112.939409,24.730407,622.5,11,201512
112.952246,24.730407,620.5,11,201512
112.965083,24.730407,603.0,11,201512
112.97792,24.730407,601.0,11,201512
112.990757,24.730407,598.5,11,201512
113.003594,24.730407,592.75,11,201512
112.84955,24.738877,592.5,11,201512
112.862387,24.738877,612.25,11,201512
112.875224,24.738877,617.25,11,201512
112.888061,24.738877,607.5,11,201512
112.900898,24.738877,601.5,11,201512
112.913735,24.738877,610.5,11,201512
112.926572,24.738877,624.0,11,201512
112.939409,24.738877,629.0,11,201512
112.952246,24.738877,615.75,11,201512
112.965083,24.738877,605.75,11,201512
112.97792,24.738877,596.25,11,201512
112.990757,24.738877,593.75,11,201512
113.003594,24.738877,591.25,11,201512
112.84955,24.747347,573.25,11,201512
112.862387,24.747347,589.5,11,201512
112.875224,24.747347,594.0,11,201512
112.888061,24.747347,602.75,11,201512
112.900898,24.747347,604.25,11,201512
112.913735,24.747347,613.25,11,201512
112.926572,24.747347,623.0,11,201512
112.939409,24.747347,631.25,11,201512
112.952246,24.747347,622.25,11,201512
112.965083,24.747347,612.25,11,201512
112.97792,24.747347,595.25,11,201512
112.84955,24.755817,554.25,11,201512
112.862387,24.755817,563.0,11,201512
112.875224,24.755817,586.25,11,201512
112.888061,24.755817,606.0,11,201512
112.900898,24.755817,611.0,11,201512
112.913735,24.755817,619.75,11,201512
112.926572,24.755817,632.5,11,201512
112.939409,24.755817,634.0,11,201512
112.952246,24.755817,628.75,11,201512
112.965083,24.755817,615.0,11,201512
112.97792,24.755817,601.75,11,201512
112.84955,24.764287,550.25,11,201512
112.862387,24.764287,566.25,11,201512
112.875224,24.764287,582.0,11,201512
112.888061,24.764287,598.0,11,201512
112.900898,24.764287,610.25,11,201512
112.913735,24.764287,619.0,11,201512
112.926572,24.764287,631.75,11,201512
112.939409,24.764287,636.75,11,201512
112.952246,24.764287,635.25,11,201512
112.965083,24.764287,621.5,11,201512
112.97792,24.764287,608.25,11,201512
112.836713,24.772757,545.75,11,201512
112.84955,24.772757,557.25,11,201512
112.862387,24.772757,580.25,11,201512
112.875224,24.772757,592.75,11,201512
112.888061,24.772757,597.75,11,201512
112.900898,24.772757,606.25,11,201512
112.913735,24.772757,618.5,11,201512
112.926572,24.772757,627.25,11,201512
112.939409,24.772757,636.0,11,201512
112.952246,24.772757,630.5,11,201512
112.965083,24.772757,624.25,11,201512
112.97792,24.772757,614.75,11,201512
112.836713,24.781227,541.75,11,201512
112.84955,24.781227,564.0,11,201512
112.862387,24.781227,594.5,11,201512
112.875224,24.781227,610.75,11,201512
112.888061,24.781227,612.0,11,201512
112.900898,24.781227,613.0,11,201512
112.913735,24.781227,621.5,11,201512
112.926572,24.781227,623.0,11,201512
112.939409,24.781227,631.75,11,201512
112.952246,24.781227,632.75,11,201512
112.965083,24.781227,627.0,11,201512
112.97792,24.781227,621.0,11,201512
112.84955,24.789697,567.5,11,201512
112.862387,24.789697,594.0,11,201512
112.875224,24.789697,610.25,11,201512
112.888061,24.789697,618.75,11,201512
112.900898,24.789697,619.75,11,201512
112.913735,24.789697,628.25,11,201512
112.926572,24.789697,626.0,11,201512
112.939409,24.789697,634.75,11,201512
112.952246,24.789697,636.0,11,201512
112.965083,24.789697,633.5,11,201512
112.97792,24.789697,623.75,11,201512
112.84955,24.798167,574.75,11,201512
112.862387,24.798167,590.0,11,201512
112.875224,24.798167,587.75,11,201512
112.888061,24.798167,603.5,11,201512
112.900898,24.798167,615.5,11,201512
112.913735,24.798167,620.25,11,201512
112.926572,24.798167,625.25,11,201512
112.939409,24.798167,630.25,11,201512
112.952246,24.798167,635.0,11,201512
112.965083,24.798167,636.5,11,201512
112.97792,24.798167,633.25,11,201512
112.875224,24.806637,569.25,11,201512
112.888061,24.806637,588.5,11,201512
112.900898,24.806637,604.0,11,201512
112.913735,24.806637,616.0,11,201512
112.926572,24.806637,621.0,11,201512
112.939409,24.806637,626.0,11,201512
112.952246,24.806637,634.0,11,201512
112.965083,24.806637,635.5,11,201512
112.97792,24.806637,633.0,11,201512
112.875224,24.815107,561.75,11,201512
112.888061,24.815107,584.25,11,201512
112.900898,24.815107,603.5,11,201512
112.913735,24.815107,622.75,11,201512
112.926572,24.815107,627.75,11,201512
112.939409,24.815107,629.0,11,201512
112.952246,24.815107,636.75,11,201512
112.965083,24.815107,634.75,11,201512
112.875224,24.823577,565.25,11,201512
112.888061,24.823577,580.25,11,201512
112.900898,24.823577,603.25,11,201512
112.913735,24.823577,622.5,11,201512
112.926572,24.823577,631.25,11,201512
112.939409,24.823577,635.75,11,201512
112.952246,24.823577,636.75,11,201512
112.965083,24.823577,634.5,11,201512
112.888061,24.832047,572.5,11,201512
112.900898,24.832047,606.75,11,201512
112.913735,24.832047,618.5,11,201512
112.888061,24.840517,564.75,11,201512
112.888061,24.848987,564.75,11,201512
