时间步长,经度,纬度,相对湿度 (%),年份
0,112.952246,24.688057,72.59,201001
0,112.965083,24.688057,71.68,201001
0,112.97792,24.688057,70.65,201001
0,112.862387,24.696527,66.4,201001
0,112.888061,24.696527,68.18,201001
0,112.939409,24.696527,69.26,201001
0,112.952246,24.696527,70.7,201001
0,112.965083,24.696527,70.13,201001
0,112.97792,24.696527,70.12,201001
0,112.990757,24.696527,70.47,201001
0,113.003594,24.696527,71.44,201001
0,113.016431,24.696527,71.0,201001
0,112.84955,24.704997,67.09,201001
0,112.862387,24.704997,66.7,201001
0,112.875224,24.704997,67.14,201001
0,112.888061,24.704997,68.4,201001
0,112.900898,24.704997,68.42,201001
0,112.913735,24.704997,69.46,201001
0,112.926572,24.704997,69.02,201001
0,112.939409,24.704997,69.27,201001
0,112.952246,24.704997,71.75,201001
0,112.965083,24.704997,71.81,201001
0,112.97792,24.704997,72.08,201001
0,112.990757,24.704997,73.02,201001
0,113.003594,24.704997,72.65,201001
0,113.016431,24.704997,72.83,201001
0,112.84955,24.713467,67.32,201001
0,112.862387,24.713467,67.13,201001
0,112.875224,24.713467,67.13,201001
0,112.888061,24.713467,68.81,201001
0,112.900898,24.713467,68.76,201001
0,112.913735,24.713467,69.07,201001
0,112.926572,24.713467,70.18,201001
0,112.939409,24.713467,71.34,201001
0,112.952246,24.713467,72.88,201001
0,112.965083,24.713467,73.15,201001
0,112.97792,24.713467,71.38,201001
0,112.990757,24.713467,71.91,201001
0,113.003594,24.713467,71.75,201001
0,112.84955,24.721937,69.23,201001
0,112.862387,24.721937,69.03,201001
0,112.875224,24.721937,68.63,201001
0,112.888061,24.721937,70.41,201001
0,112.900898,24.721937,68.07,201001
0,112.913735,24.721937,68.96,201001
0,112.926572,24.721937,69.78,201001
0,112.939409,24.721937,71.32,201001
0,112.952246,24.721937,72.59,201001
0,112.965083,24.721937,72.15,201001
0,112.97792,24.721937,71.41,201001
0,112.990757,24.721937,72.53,201001
0,113.003594,24.721937,72.47,201001
0,112.862387,24.730407,71.46,201001
0,112.875224,24.730407,71.69,201001
0,112.888061,24.730407,71.14,201001
0,112.900898,24.730407,69.13,201001
0,112.913735,24.730407,70.25,201001
0,112.926572,24.730407,69.53,201001
0,112.939409,24.730407,71.69,201001
0,112.952246,24.730407,71.1,201001
0,112.965083,24.730407,70.21,201001
0,112.97792,24.730407,70.65,201001
0,112.990757,24.730407,69.56,201001
0,113.003594,24.730407,72.15,201001
0,112.84955,24.738877,71.96,201001
0,112.862387,24.738877,73.05,201001
0,112.875224,24.738877,69.68,201001
0,112.888061,24.738877,69.41,201001
0,112.900898,24.738877,68.05,201001
0,112.913735,24.738877,68.97,201001
0,112.926572,24.738877,70.15,201001
0,112.939409,24.738877,71.17,201001
0,112.952246,24.738877,70.01,201001
0,112.965083,24.738877,68.66,201001
0,112.97792,24.738877,69.95,201001
0,112.990757,24.738877,69.53,201001
0,113.003594,24.738877,70.65,201001
0,112.84955,24.747347,73.16,201001
0,112.862387,24.747347,73.57,201001
0,112.875224,24.747347,68.98,201001
0,112.888061,24.747347,68.25,201001
0,112.900898,24.747347,67.94,201001
0,112.913735,24.747347,68.72,201001
0,112.926572,24.747347,71.46,201001
0,112.939409,24.747347,70.73,201001
0,112.952246,24.747347,68.2,201001
0,112.965083,24.747347,69.35,201001
0,112.97792,24.747347,69.87,201001
0,112.84955,24.755817,72.05,201001
0,112.862387,24.755817,72.62,201001
0,112.875224,24.755817,70.05,201001
0,112.888061,24.755817,66.89,201001
0,112.900898,24.755817,68.79,201001
0,112.913735,24.755817,67.7,201001
0,112.926572,24.755817,70.48,201001
0,112.939409,24.755817,70.98,201001
0,112.952246,24.755817,68.79,201001
0,112.965083,24.755817,70.95,201001
0,112.97792,24.755817,71.5,201001
0,112.84955,24.764287,71.71,201001
0,112.862387,24.764287,70.42,201001
0,112.875224,24.764287,68.49,201001
0,112.888061,24.764287,66.68,201001
0,112.900898,24.764287,67.45,201001
0,112.913735,24.764287,67.28,201001
0,112.926572,24.764287,67.97,201001
0,112.939409,24.764287,71.01,201001
0,112.952246,24.764287,69.3,201001
0,112.965083,24.764287,71.52,201001
0,112.97792,24.764287,69.3,201001
0,112.836713,24.772757,66.8,201001
0,112.84955,24.772757,70.9,201001
0,112.862387,24.772757,69.39,201001
0,112.875224,24.772757,67.38,201001
0,112.888061,24.772757,66.59,201001
0,112.900898,24.772757,65.08,201001
0,112.913735,24.772757,66.41,201001
0,112.926572,24.772757,67.59,201001
0,112.939409,24.772757,67.81,201001
0,112.952246,24.772757,70.22,201001
0,112.965083,24.772757,69.75,201001
0,112.97792,24.772757,67.48,201001
0,112.836713,24.781227,66.57,201001
0,112.84955,24.781227,68.44,201001
0,112.862387,24.781227,66.71,201001
0,112.875224,24.781227,66.94,201001
0,112.888061,24.781227,67.19,201001
0,112.900898,24.781227,65.7,201001
0,112.913735,24.781227,66.85,201001
0,112.926572,24.781227,68.49,201001
0,112.939409,24.781227,65.27,201001
0,112.952246,24.781227,70.25,201001
0,112.965083,24.781227,69.33,201001
0,112.97792,24.781227,67.25,201001
0,112.84955,24.789697,69.69,201001
0,112.862387,24.789697,65.87,201001
0,112.875224,24.789697,66.21,201001
0,112.888061,24.789697,67.68,201001
0,112.900898,24.789697,66.89,201001
0,112.913735,24.789697,65.9,201001
0,112.926572,24.789697,68.42,201001
0,112.939409,24.789697,66.8,201001
0,112.952246,24.789697,69.53,201001
0,112.965083,24.789697,67.83,201001
0,112.97792,24.789697,67.95,201001
0,112.84955,24.798167,68.92,201001
0,112.862387,24.798167,68.03,201001
0,112.875224,24.798167,67.49,201001
0,112.888061,24.798167,68.77,201001
0,112.900898,24.798167,65.79,201001
0,112.913735,24.798167,67.48,201001
0,112.926572,24.798167,67.49,201001
0,112.939409,24.798167,67.81,201001
0,112.952246,24.798167,68.64,201001
0,112.965083,24.798167,66.98,201001
0,112.97792,24.798167,68.97,201001
0,112.875224,24.806637,68.3,201001
0,112.888061,24.806637,68.6,201001
0,112.900898,24.806637,66.86,201001
0,112.913735,24.806637,67.58,201001
0,112.926572,24.806637,67.26,201001
0,112.939409,24.806637,68.09,201001
0,112.952246,24.806637,68.1,201001
0,112.965083,24.806637,66.57,201001
0,112.97792,24.806637,69.95,201001
0,112.875224,24.815107,67.76,201001
0,112.888061,24.815107,67.12,201001
0,112.900898,24.815107,67.36,201001
0,112.913735,24.815107,66.25,201001
0,112.926572,24.815107,67.45,201001
0,112.939409,24.815107,67.41,201001
0,112.952246,24.815107,66.7,201001
0,112.965083,24.815107,67.86,201001
0,112.875224,24.823577,66.25,201001
0,112.888061,24.823577,67.75,201001
0,112.900898,24.823577,66.47,201001
0,112.913735,24.823577,68.21,201001
0,112.926572,24.823577,67.26,201001
0,112.939409,24.823577,68.39,201001
0,112.952246,24.823577,66.16,201001
0,112.965083,24.823577,69.46,201001
0,112.888061,24.832047,68.14,201001
0,112.900898,24.832047,69.37,201001
0,112.913735,24.832047,68.81,201001
0,112.888061,24.840517,67.89,201001
0,112.888061,24.848987,69.13,201001
1,112.952246,24.688057,62.24,201001
1,112.965083,24.688057,61.99,201001
1,112.97792,24.688057,60.59,201001
1,112.862387,24.696527,56.41,201001
1,112.888061,24.696527,56.35,201001
1,112.939409,24.696527,60.24,201001
1,112.952246,24.696527,60.65,201001
1,112.965083,24.696527,59.13,201001
1,112.97792,24.696527,59.57,201001
1,112.990757,24.696527,59.47,201001
1,113.003594,24.696527,62.09,201001
1,113.016431,24.696527,63.16,201001
1,112.84955,24.704997,60.93,201001
1,112.862387,24.704997,60.1,201001
1,112.875224,24.704997,55.87,201001
1,112.888061,24.704997,56.57,201001
1,112.900898,24.704997,56.81,201001
1,112.913735,24.704997,57.55,201001
1,112.926572,24.704997,57.45,201001
1,112.939409,24.704997,59.71,201001
1,112.952246,24.704997,62.5,201001
1,112.965083,24.704997,61.67,201001
1,112.97792,24.704997,61.88,201001
1,112.990757,24.704997,62.54,201001
1,113.003594,24.704997,63.27,201001
1,113.016431,24.704997,66.29,201001
1,112.84955,24.713467,61.14,201001
1,112.862387,24.713467,61.27,201001
1,112.875224,24.713467,56.41,201001
1,112.888061,24.713467,57.19,201001
1,112.900898,24.713467,57.07,201001
1,112.913735,24.713467,57.44,201001
1,112.926572,24.713467,59.08,201001
1,112.939409,24.713467,61.07,201001
1,112.952246,24.713467,63.23,201001
1,112.965083,24.713467,63.61,201001
1,112.97792,24.713467,61.46,201001
1,112.990757,24.713467,61.75,201001
1,113.003594,24.713467,61.81,201001
1,112.84955,24.721937,63.43,201001
1,112.862387,24.721937,63.25,201001
1,112.875224,24.721937,59.31,201001
1,112.888061,24.721937,59.73,201001
1,112.900898,24.721937,57.53,201001
1,112.913735,24.721937,59.06,201001
1,112.926572,24.721937,59.14,201001
1,112.939409,24.721937,60.55,201001
1,112.952246,24.721937,62.48,201001
1,112.965083,24.721937,62.29,201001
1,112.97792,24.721937,62.22,201001
1,112.990757,24.721937,64.13,201001
1,113.003594,24.721937,62.88,201001
1,112.862387,24.730407,63.49,201001
1,112.875224,24.730407,63.02,201001
1,112.888061,24.730407,62.48,201001
1,112.900898,24.730407,59.49,201001
1,112.913735,24.730407,61.55,201001
1,112.926572,24.730407,60.33,201001
1,112.939409,24.730407,61.37,201001
1,112.952246,24.730407,61.77,201001
1,112.965083,24.730407,61.23,201001
1,112.97792,24.730407,61.73,201001
1,112.990757,24.730407,63.46,201001
1,113.003594,24.730407,66.01,201001
1,112.84955,24.738877,63.78,201001
1,112.862387,24.738877,64.46,201001
1,112.875224,24.738877,61.24,201001
1,112.888061,24.738877,61.33,201001
1,112.900898,24.738877,59.72,201001
1,112.913735,24.738877,60.83,201001
1,112.926572,24.738877,62.03,201001
1,112.939409,24.738877,62.75,201001
1,112.952246,24.738877,64.23,201001
1,112.965083,24.738877,63.57,201001
1,112.97792,24.738877,64.05,201001
1,112.990757,24.738877,64.77,201001
1,113.003594,24.738877,65.2,201001
1,112.84955,24.747347,64.03,201001
1,112.862387,24.747347,65.04,201001
1,112.875224,24.747347,61.42,201001
1,112.888061,24.747347,60.53,201001
1,112.900898,24.747347,60.4,201001
1,112.913735,24.747347,61.46,201001
1,112.926572,24.747347,64.22,201001
1,112.939409,24.747347,64.41,201001
1,112.952246,24.747347,64.58,201001
1,112.965083,24.747347,64.53,201001
1,112.97792,24.747347,65.41,201001
1,112.84955,24.755817,63.71,201001
1,112.862387,24.755817,64.79,201001
1,112.875224,24.755817,61.74,201001
1,112.888061,24.755817,58.91,201001
1,112.900898,24.755817,60.17,201001
1,112.913735,24.755817,59.5,201001
1,112.926572,24.755817,62.87,201001
1,112.939409,24.755817,66.54,201001
1,112.952246,24.755817,65.44,201001
1,112.965083,24.755817,65.37,201001
1,112.97792,24.755817,66.23,201001
1,112.84955,24.764287,64.55,201001
1,112.862387,24.764287,63.06,201001
1,112.875224,24.764287,60.92,201001
1,112.888061,24.764287,57.46,201001
1,112.900898,24.764287,58.89,201001
1,112.913735,24.764287,58.06,201001
1,112.926572,24.764287,60.0,201001
1,112.939409,24.764287,67.39,201001
1,112.952246,24.764287,63.01,201001
1,112.965083,24.764287,64.84,201001
1,112.97792,24.764287,64.11,201001
1,112.836713,24.772757,58.54,201001
1,112.84955,24.772757,62.37,201001
1,112.862387,24.772757,61.99,201001
1,112.875224,24.772757,62.38,201001
1,112.888061,24.772757,57.49,201001
1,112.900898,24.772757,56.78,201001
1,112.913735,24.772757,57.62,201001
1,112.926572,24.772757,61.4,201001
1,112.939409,24.772757,64.19,201001
1,112.952246,24.772757,63.95,201001
1,112.965083,24.772757,63.49,201001
1,112.97792,24.772757,62.48,201001
1,112.836713,24.781227,58.38,201001
1,112.84955,24.781227,60.24,201001
1,112.862387,24.781227,62.01,201001
1,112.875224,24.781227,63.58,201001
1,112.888061,24.781227,57.44,201001
1,112.900898,24.781227,56.23,201001
1,112.913735,24.781227,57.61,201001
1,112.926572,24.781227,63.87,201001
1,112.939409,24.781227,60.06,201001
1,112.952246,24.781227,63.0,201001
1,112.965083,24.781227,63.23,201001
1,112.97792,24.781227,62.28,201001
1,112.84955,24.789697,61.67,201001
1,112.862387,24.789697,62.7,201001
1,112.875224,24.789697,63.59,201001
1,112.888061,24.789697,58.63,201001
1,112.900898,24.789697,58.47,201001
1,112.913735,24.789697,56.55,201001
1,112.926572,24.789697,61.32,201001
1,112.939409,24.789697,61.39,201001
1,112.952246,24.789697,63.52,201001
1,112.965083,24.789697,62.82,201001
1,112.97792,24.789697,63.4,201001
1,112.84955,24.798167,63.34,201001
1,112.862387,24.798167,64.55,201001
1,112.875224,24.798167,64.18,201001
1,112.888061,24.798167,63.02,201001
1,112.900898,24.798167,60.6,201001
1,112.913735,24.798167,59.53,201001
1,112.926572,24.798167,57.17,201001
1,112.939409,24.798167,62.09,201001
1,112.952246,24.798167,64.05,201001
1,112.965083,24.798167,63.93,201001
1,112.97792,24.798167,67.39,201001
1,112.875224,24.806637,63.83,201001
1,112.888061,24.806637,64.05,201001
1,112.900898,24.806637,62.92,201001
1,112.913735,24.806637,63.02,201001
1,112.926572,24.806637,59.7,201001
1,112.939409,24.806637,62.14,201001
1,112.952246,24.806637,65.25,201001
1,112.965083,24.806637,65.99,201001
1,112.97792,24.806637,69.32,201001
1,112.875224,24.815107,62.98,201001
1,112.888061,24.815107,62.93,201001
1,112.900898,24.815107,63.58,201001
1,112.913735,24.815107,61.97,201001
1,112.926572,24.815107,62.61,201001
1,112.939409,24.815107,63.68,201001
1,112.952246,24.815107,65.22,201001
1,112.965083,24.815107,68.69,201001
1,112.875224,24.823577,61.79,201001
1,112.888061,24.823577,63.57,201001
1,112.900898,24.823577,62.34,201001
1,112.913735,24.823577,65.09,201001
1,112.926572,24.823577,63.2,201001
1,112.939409,24.823577,64.67,201001
1,112.952246,24.823577,65.56,201001
1,112.965083,24.823577,69.4,201001
1,112.888061,24.832047,64.56,201001
1,112.900898,24.832047,64.96,201001
1,112.913735,24.832047,68.72,201001
1,112.888061,24.840517,67.47,201001
1,112.888061,24.848987,68.95,201001
2,112.952246,24.688057,58.49,201001
2,112.965083,24.688057,57.55,201001
2,112.97792,24.688057,56.9,201001
2,112.862387,24.696527,54.96,201001
2,112.888061,24.696527,55.6,201001
2,112.939409,24.696527,58.43,201001
2,112.952246,24.696527,58.21,201001
2,112.965083,24.696527,55.19,201001
2,112.97792,24.696527,55.66,201001
2,112.990757,24.696527,55.8,201001
2,113.003594,24.696527,56.6,201001
2,113.016431,24.696527,54.91,201001
2,112.84955,24.704997,57.3,201001
2,112.862387,24.704997,56.27,201001
2,112.875224,24.704997,55.48,201001
2,112.888061,24.704997,55.91,201001
2,112.900898,24.704997,55.52,201001
2,112.913735,24.704997,55.56,201001
2,112.926572,24.704997,54.54,201001
2,112.939409,24.704997,57.11,201001
2,112.952246,24.704997,60.23,201001
2,112.965083,24.704997,57.47,201001
2,112.97792,24.704997,57.16,201001
2,112.990757,24.704997,58.6,201001
2,113.003594,24.704997,58.39,201001
2,113.016431,24.704997,58.3,201001
2,112.84955,24.713467,57.71,201001
2,112.862387,24.713467,57.75,201001
2,112.875224,24.713467,55.74,201001
2,112.888061,24.713467,56.07,201001
2,112.900898,24.713467,55.78,201001
2,112.913735,24.713467,55.45,201001
2,112.926572,24.713467,56.06,201001
2,112.939409,24.713467,57.74,201001
2,112.952246,24.713467,60.06,201001
2,112.965083,24.713467,58.59,201001
2,112.97792,24.713467,55.77,201001
2,112.990757,24.713467,57.14,201001
2,113.003594,24.713467,58.05,201001
2,112.84955,24.721937,59.79,201001
2,112.862387,24.721937,59.59,201001
2,112.875224,24.721937,57.47,201001
2,112.888061,24.721937,57.65,201001
2,112.900898,24.721937,55.6,201001
2,112.913735,24.721937,56.49,201001
2,112.926572,24.721937,55.88,201001
2,112.939409,24.721937,56.63,201001
2,112.952246,24.721937,57.94,201001
2,112.965083,24.721937,56.74,201001
2,112.97792,24.721937,56.7,201001
2,112.990757,24.721937,58.94,201001
2,113.003594,24.721937,58.61,201001
2,112.862387,24.730407,60.2,201001
2,112.875224,24.730407,58.84,201001
2,112.888061,24.730407,58.19,201001
2,112.900898,24.730407,55.82,201001
2,112.913735,24.730407,58.29,201001
2,112.926572,24.730407,56.39,201001
2,112.939409,24.730407,56.53,201001
2,112.952246,24.730407,56.85,201001
2,112.965083,24.730407,56.67,201001
2,112.97792,24.730407,57.51,201001
2,112.990757,24.730407,58.23,201001
2,113.003594,24.730407,59.31,201001
2,112.84955,24.738877,60.23,201001
2,112.862387,24.738877,60.97,201001
2,112.875224,24.738877,57.44,201001
2,112.888061,24.738877,57.31,201001
2,112.900898,24.738877,55.97,201001
2,112.913735,24.738877,56.96,201001
2,112.926572,24.738877,57.32,201001
2,112.939409,24.738877,57.45,201001
2,112.952246,24.738877,57.4,201001
2,112.965083,24.738877,58.25,201001
2,112.97792,24.738877,58.43,201001
2,112.990757,24.738877,58.57,201001
2,113.003594,24.738877,59.62,201001
2,112.84955,24.747347,60.2,201001
2,112.862387,24.747347,61.28,201001
2,112.875224,24.747347,58.12,201001
2,112.888061,24.747347,57.17,201001
2,112.900898,24.747347,57.83,201001
2,112.913735,24.747347,58.44,201001
2,112.926572,24.747347,59.92,201001
2,112.939409,24.747347,58.98,201001
2,112.952246,24.747347,58.18,201001
2,112.965083,24.747347,59.16,201001
2,112.97792,24.747347,59.82,201001
2,112.84955,24.755817,59.4,201001
2,112.862387,24.755817,60.03,201001
2,112.875224,24.755817,59.57,201001
2,112.888061,24.755817,57.8,201001
2,112.900898,24.755817,59.87,201001
2,112.913735,24.755817,59.12,201001
2,112.926572,24.755817,60.56,201001
2,112.939409,24.755817,60.48,201001
2,112.952246,24.755817,59.67,201001
2,112.965083,24.755817,60.09,201001
2,112.97792,24.755817,61.89,201001
2,112.84955,24.764287,59.4,201001
2,112.862387,24.764287,58.34,201001
2,112.875224,24.764287,59.1,201001
2,112.888061,24.764287,58.37,201001
2,112.900898,24.764287,59.5,201001
2,112.913735,24.764287,59.27,201001
2,112.926572,24.764287,58.91,201001
2,112.939409,24.764287,60.6,201001
2,112.952246,24.764287,58.81,201001
2,112.965083,24.764287,61.04,201001
2,112.97792,24.764287,59.94,201001
2,112.836713,24.772757,56.94,201001
2,112.84955,24.772757,58.01,201001
2,112.862387,24.772757,57.61,201001
2,112.875224,24.772757,58.18,201001
2,112.888061,24.772757,58.47,201001
2,112.900898,24.772757,57.46,201001
2,112.913735,24.772757,58.34,201001
2,112.926572,24.772757,58.79,201001
2,112.939409,24.772757,58.82,201001
2,112.952246,24.772757,58.78,201001
2,112.965083,24.772757,59.5,201001
2,112.97792,24.772757,58.27,201001
2,112.836713,24.781227,57.06,201001
2,112.84955,24.781227,56.6,201001
2,112.862387,24.781227,56.62,201001
2,112.875224,24.781227,58.29,201001
2,112.888061,24.781227,57.86,201001
2,112.900898,24.781227,56.17,201001
2,112.913735,24.781227,57.21,201001
2,112.926572,24.781227,59.07,201001
2,112.939409,24.781227,57.26,201001
2,112.952246,24.781227,59.17,201001
2,112.965083,24.781227,58.12,201001
2,112.97792,24.781227,57.26,201001
2,112.84955,24.789697,57.67,201001
2,112.862387,24.789697,56.49,201001
2,112.875224,24.789697,57.17,201001
2,112.888061,24.789697,55.42,201001
2,112.900898,24.789697,56.98,201001
2,112.913735,24.789697,56.44,201001
2,112.926572,24.789697,58.66,201001
2,112.939409,24.789697,57.89,201001
2,112.952246,24.789697,59.73,201001
2,112.965083,24.789697,58.17,201001
2,112.97792,24.789697,59.72,201001
2,112.84955,24.798167,58.03,201001
2,112.862387,24.798167,58.66,201001
2,112.875224,24.798167,58.34,201001
2,112.888061,24.798167,58.23,201001
2,112.900898,24.798167,57.64,201001
2,112.913735,24.798167,57.38,201001
2,112.926572,24.798167,56.74,201001
2,112.939409,24.798167,58.72,201001
2,112.952246,24.798167,58.83,201001
2,112.965083,24.798167,59.64,201001
2,112.97792,24.798167,60.88,201001
2,112.875224,24.806637,59.56,201001
2,112.888061,24.806637,59.37,201001
2,112.900898,24.806637,58.78,201001
2,112.913735,24.806637,57.75,201001
2,112.926572,24.806637,57.07,201001
2,112.939409,24.806637,58.54,201001
2,112.952246,24.806637,59.3,201001
2,112.965083,24.806637,59.99,201001
2,112.97792,24.806637,61.08,201001
2,112.875224,24.815107,59.12,201001
2,112.888061,24.815107,58.43,201001
2,112.900898,24.815107,59.19,201001
2,112.913735,24.815107,57.86,201001
2,112.926572,24.815107,57.46,201001
2,112.939409,24.815107,58.85,201001
2,112.952246,24.815107,58.68,201001
2,112.965083,24.815107,60.82,201001
2,112.875224,24.823577,57.64,201001
2,112.888061,24.823577,59.17,201001
2,112.900898,24.823577,58.5,201001
2,112.913735,24.823577,59.74,201001
2,112.926572,24.823577,57.99,201001
2,112.939409,24.823577,60.99,201001
2,112.952246,24.823577,58.34,201001
2,112.965083,24.823577,62.19,201001
2,112.888061,24.832047,61.13,201001
2,112.900898,24.832047,61.06,201001
2,112.913735,24.832047,60.31,201001
2,112.888061,24.840517,64.3,201001
2,112.888061,24.848987,65.92,201001
3,112.952246,24.688057,46.71,201001
3,112.965083,24.688057,44.2,201001
3,112.97792,24.688057,43.79,201001
3,112.862387,24.696527,40.59,201001
3,112.888061,24.696527,40.87,201001
3,112.939409,24.696527,47.4,201001
3,112.952246,24.696527,45.57,201001
3,112.965083,24.696527,42.09,201001
3,112.97792,24.696527,43.04,201001
3,112.990757,24.696527,42.87,201001
3,113.003594,24.696527,42.04,201001
3,113.016431,24.696527,40.77,201001
3,112.84955,24.704997,39.88,201001
3,112.862387,24.704997,41.18,201001
3,112.875224,24.704997,40.45,201001
3,112.888061,24.704997,41.76,201001
3,112.900898,24.704997,41.57,201001
3,112.913735,24.704997,41.89,201001
3,112.926572,24.704997,40.83,201001
3,112.939409,24.704997,45.7,201001
3,112.952246,24.704997,46.34,201001
3,112.965083,24.704997,43.77,201001
3,112.97792,24.704997,43.04,201001
3,112.990757,24.704997,42.87,201001
3,113.003594,24.704997,42.87,201001
3,113.016431,24.704997,43.94,201001
3,112.84955,24.713467,41.8,201001
3,112.862387,24.713467,42.07,201001
3,112.875224,24.713467,41.28,201001
3,112.888061,24.713467,41.95,201001
3,112.900898,24.713467,41.67,201001
3,112.913735,24.713467,42.26,201001
3,112.926572,24.713467,43.08,201001
3,112.939409,24.713467,44.82,201001
3,112.952246,24.713467,46.48,201001
3,112.965083,24.713467,44.14,201001
3,112.97792,24.713467,42.26,201001
3,112.990757,24.713467,42.78,201001
3,113.003594,24.713467,43.27,201001
3,112.84955,24.721937,43.69,201001
3,112.862387,24.721937,43.76,201001
3,112.875224,24.721937,43.11,201001
3,112.888061,24.721937,43.95,201001
3,112.900898,24.721937,42.27,201001
3,112.913735,24.721937,43.31,201001
3,112.926572,24.721937,42.86,201001
3,112.939409,24.721937,43.53,201001
3,112.952246,24.721937,44.3,201001
3,112.965083,24.721937,43.83,201001
3,112.97792,24.721937,44.66,201001
3,112.990757,24.721937,46.3,201001
3,113.003594,24.721937,45.21,201001
3,112.862387,24.730407,45.61,201001
3,112.875224,24.730407,45.43,201001
3,112.888061,24.730407,45.45,201001
3,112.900898,24.730407,43.88,201001
3,112.913735,24.730407,47.23,201001
3,112.926572,24.730407,44.32,201001
3,112.939409,24.730407,44.58,201001
3,112.952246,24.730407,44.63,201001
3,112.965083,24.730407,44.91,201001
3,112.97792,24.730407,47.14,201001
3,112.990757,24.730407,47.12,201001
3,113.003594,24.730407,46.74,201001
3,112.84955,24.738877,46.77,201001
3,112.862387,24.738877,47.04,201001
3,112.875224,24.738877,46.32,201001
3,112.888061,24.738877,46.84,201001
3,112.900898,24.738877,47.56,201001
3,112.913735,24.738877,48.92,201001
3,112.926572,24.738877,46.55,201001
3,112.939409,24.738877,45.78,201001
3,112.952246,24.738877,47.35,201001
3,112.965083,24.738877,45.61,201001
3,112.97792,24.738877,45.33,201001
3,112.990757,24.738877,45.65,201001
3,113.003594,24.738877,46.72,201001
3,112.84955,24.747347,47.81,201001
3,112.862387,24.747347,47.88,201001
3,112.875224,24.747347,48.9,201001
3,112.888061,24.747347,49.12,201001
3,112.900898,24.747347,49.47,201001
3,112.913735,24.747347,48.88,201001
3,112.926572,24.747347,47.9,201001
3,112.939409,24.747347,46.97,201001
3,112.952246,24.747347,47.72,201001
3,112.965083,24.747347,44.88,201001
3,112.97792,24.747347,45.14,201001
3,112.84955,24.755817,47.04,201001
3,112.862387,24.755817,47.24,201001
3,112.875224,24.755817,51.0,201001
3,112.888061,24.755817,49.34,201001
3,112.900898,24.755817,50.03,201001
3,112.913735,24.755817,48.96,201001
3,112.926572,24.755817,47.6,201001
3,112.939409,24.755817,46.43,201001
3,112.952246,24.755817,46.6,201001
3,112.965083,24.755817,45.6,201001
3,112.97792,24.755817,45.94,201001
3,112.84955,24.764287,46.38,201001
3,112.862387,24.764287,46.65,201001
3,112.875224,24.764287,50.82,201001
3,112.888061,24.764287,49.47,201001
3,112.900898,24.764287,48.15,201001
3,112.913735,24.764287,48.72,201001
3,112.926572,24.764287,46.66,201001
3,112.939409,24.764287,45.1,201001
3,112.952246,24.764287,43.09,201001
3,112.965083,24.764287,45.33,201001
3,112.97792,24.764287,47.0,201001
3,112.836713,24.772757,45.81,201001
3,112.84955,24.772757,46.12,201001
3,112.862387,24.772757,46.51,201001
3,112.875224,24.772757,48.68,201001
3,112.888061,24.772757,47.75,201001
3,112.900898,24.772757,46.06,201001
3,112.913735,24.772757,47.4,201001
3,112.926572,24.772757,46.65,201001
3,112.939409,24.772757,47.27,201001
3,112.952246,24.772757,43.94,201001
3,112.965083,24.772757,45.43,201001
3,112.97792,24.772757,45.5,201001
3,112.836713,24.781227,45.31,201001
3,112.84955,24.781227,44.88,201001
3,112.862387,24.781227,46.47,201001
3,112.875224,24.781227,48.0,201001
3,112.888061,24.781227,45.89,201001
3,112.900898,24.781227,45.59,201001
3,112.913735,24.781227,47.04,201001
3,112.926572,24.781227,46.97,201001
3,112.939409,24.781227,47.96,201001
3,112.952246,24.781227,45.37,201001
3,112.965083,24.781227,45.64,201001
3,112.97792,24.781227,45.6,201001
3,112.84955,24.789697,44.85,201001
3,112.862387,24.789697,46.46,201001
3,112.875224,24.789697,46.62,201001
3,112.888061,24.789697,42.13,201001
3,112.900898,24.789697,45.4,201001
3,112.913735,24.789697,46.7,201001
3,112.926572,24.789697,47.44,201001
3,112.939409,24.789697,47.03,201001
3,112.952246,24.789697,46.44,201001
3,112.965083,24.789697,44.92,201001
3,112.97792,24.789697,46.94,201001
3,112.84955,24.798167,44.87,201001
3,112.862387,24.798167,46.62,201001
3,112.875224,24.798167,45.79,201001
3,112.888061,24.798167,43.11,201001
3,112.900898,24.798167,46.48,201001
3,112.913735,24.798167,46.7,201001
3,112.926572,24.798167,45.8,201001
3,112.939409,24.798167,46.5,201001
3,112.952246,24.798167,45.16,201001
3,112.965083,24.798167,46.09,201001
3,112.97792,24.798167,46.48,201001
3,112.875224,24.806637,46.13,201001
3,112.888061,24.806637,44.29,201001
3,112.900898,24.806637,46.93,201001
3,112.913735,24.806637,45.25,201001
3,112.926572,24.806637,44.68,201001
3,112.939409,24.806637,44.62,201001
3,112.952246,24.806637,45.45,201001
3,112.965083,24.806637,46.46,201001
3,112.97792,24.806637,45.02,201001
3,112.875224,24.815107,46.03,201001
3,112.888061,24.815107,44.77,201001
3,112.900898,24.815107,46.59,201001
3,112.913735,24.815107,44.25,201001
3,112.926572,24.815107,44.26,201001
3,112.939409,24.815107,43.97,201001
3,112.952246,24.815107,45.15,201001
3,112.965083,24.815107,45.67,201001
3,112.875224,24.823577,44.75,201001
3,112.888061,24.823577,44.76,201001
3,112.900898,24.823577,45.59,201001
3,112.913735,24.823577,44.67,201001
3,112.926572,24.823577,44.28,201001
3,112.939409,24.823577,45.05,201001
3,112.952246,24.823577,44.4,201001
3,112.965083,24.823577,43.49,201001
3,112.888061,24.832047,44.86,201001
3,112.900898,24.832047,46.16,201001
3,112.913735,24.832047,45.52,201001
3,112.888061,24.840517,47.71,201001
3,112.888061,24.848987,47.66,201001
4,112.952246,24.688057,55.16,201001
4,112.965083,24.688057,51.77,201001
4,112.97792,24.688057,51.84,201001
4,112.862387,24.696527,44.45,201001
4,112.888061,24.696527,43.43,201001
4,112.939409,24.696527,54.65,201001
4,112.952246,24.696527,51.55,201001
4,112.965083,24.696527,48.17,201001
4,112.97792,24.696527,49.12,201001
4,112.990757,24.696527,47.06,201001
4,113.003594,24.696527,47.21,201001
4,113.016431,24.696527,46.79,201001
4,112.84955,24.704997,43.11,201001
4,112.862387,24.704997,44.18,201001
4,112.875224,24.704997,43.64,201001
4,112.888061,24.704997,43.68,201001
4,112.900898,24.704997,44.58,201001
4,112.913735,24.704997,45.65,201001
4,112.926572,24.704997,46.78,201001
4,112.939409,24.704997,52.46,201001
4,112.952246,24.704997,50.25,201001
4,112.965083,24.704997,48.73,201001
4,112.97792,24.704997,49.1,201001
4,112.990757,24.704997,46.07,201001
4,113.003594,24.704997,47.86,201001
4,113.016431,24.704997,48.54,201001
4,112.84955,24.713467,44.48,201001
4,112.862387,24.713467,44.4,201001
4,112.875224,24.713467,44.51,201001
4,112.888061,24.713467,45.28,201001
4,112.900898,24.713467,45.5,201001
4,112.913735,24.713467,45.57,201001
4,112.926572,24.713467,48.74,201001
4,112.939409,24.713467,49.94,201001
4,112.952246,24.713467,49.55,201001
4,112.965083,24.713467,49.04,201001
4,112.97792,24.713467,48.18,201001
4,112.990757,24.713467,48.05,201001
4,113.003594,24.713467,47.34,201001
4,112.84955,24.721937,47.14,201001
4,112.862387,24.721937,47.32,201001
4,112.875224,24.721937,47.62,201001
4,112.888061,24.721937,48.29,201001
4,112.900898,24.721937,46.28,201001
4,112.913735,24.721937,45.58,201001
4,112.926572,24.721937,48.05,201001
4,112.939409,24.721937,49.1,201001
4,112.952246,24.721937,48.59,201001
4,112.965083,24.721937,50.57,201001
4,112.97792,24.721937,51.05,201001
4,112.990757,24.721937,50.76,201001
4,113.003594,24.721937,49.36,201001
4,112.862387,24.730407,48.45,201001
4,112.875224,24.730407,48.61,201001
4,112.888061,24.730407,49.56,201001
4,112.900898,24.730407,48.32,201001
4,112.913735,24.730407,50.61,201001
4,112.926572,24.730407,49.48,201001
4,112.939409,24.730407,49.87,201001
4,112.952246,24.730407,50.31,201001
4,112.965083,24.730407,50.83,201001
4,112.97792,24.730407,52.93,201001
4,112.990757,24.730407,51.56,201001
4,113.003594,24.730407,50.78,201001
4,112.84955,24.738877,48.45,201001
4,112.862387,24.738877,49.04,201001
4,112.875224,24.738877,50.03,201001
4,112.888061,24.738877,52.02,201001
4,112.900898,24.738877,51.5,201001
4,112.913735,24.738877,53.11,201001
4,112.926572,24.738877,50.78,201001
4,112.939409,24.738877,49.25,201001
4,112.952246,24.738877,52.59,201001
4,112.965083,24.738877,50.61,201001
4,112.97792,24.738877,51.01,201001
4,112.990757,24.738877,50.66,201001
4,113.003594,24.738877,51.23,201001
4,112.84955,24.747347,50.87,201001
4,112.862387,24.747347,50.04,201001
4,112.875224,24.747347,51.52,201001
4,112.888061,24.747347,52.14,201001
4,112.900898,24.747347,52.29,201001
4,112.913735,24.747347,51.41,201001
4,112.926572,24.747347,49.76,201001
4,112.939409,24.747347,49.14,201001
4,112.952246,24.747347,51.05,201001
4,112.965083,24.747347,47.73,201001
4,112.97792,24.747347,49.68,201001
4,112.84955,24.755817,48.39,201001
4,112.862387,24.755817,48.45,201001
4,112.875224,24.755817,53.19,201001
4,112.888061,24.755817,51.49,201001
4,112.900898,24.755817,52.55,201001
4,112.913735,24.755817,51.44,201001
4,112.926572,24.755817,49.87,201001
4,112.939409,24.755817,47.86,201001
4,112.952246,24.755817,49.38,201001
4,112.965083,24.755817,48.09,201001
4,112.97792,24.755817,47.94,201001
4,112.84955,24.764287,46.79,201001
4,112.862387,24.764287,49.13,201001
4,112.875224,24.764287,53.02,201001
4,112.888061,24.764287,51.49,201001
4,112.900898,24.764287,51.41,201001
4,112.913735,24.764287,51.66,201001
4,112.926572,24.764287,51.18,201001
4,112.939409,24.764287,46.83,201001
4,112.952246,24.764287,45.37,201001
4,112.965083,24.764287,46.69,201001
4,112.97792,24.764287,49.62,201001
4,112.836713,24.772757,50.98,201001
4,112.84955,24.772757,49.26,201001
4,112.862387,24.772757,49.75,201001
4,112.875224,24.772757,51.07,201001
4,112.888061,24.772757,50.14,201001
4,112.900898,24.772757,49.68,201001
4,112.913735,24.772757,51.67,201001
4,112.926572,24.772757,50.86,201001
4,112.939409,24.772757,50.45,201001
4,112.952246,24.772757,46.09,201001
4,112.965083,24.772757,48.42,201001
4,112.97792,24.772757,49.83,201001
4,112.836713,24.781227,50.66,201001
4,112.84955,24.781227,49.42,201001
4,112.862387,24.781227,48.92,201001
4,112.875224,24.781227,49.54,201001
4,112.888061,24.781227,49.26,201001
4,112.900898,24.781227,50.1,201001
4,112.913735,24.781227,53.61,201001
4,112.926572,24.781227,51.57,201001
4,112.939409,24.781227,51.59,201001
4,112.952246,24.781227,49.51,201001
4,112.965083,24.781227,48.47,201001
4,112.97792,24.781227,49.44,201001
4,112.84955,24.789697,48.89,201001
4,112.862387,24.789697,50.79,201001
4,112.875224,24.789697,50.24,201001
4,112.888061,24.789697,46.33,201001
4,112.900898,24.789697,50.39,201001
4,112.913735,24.789697,52.32,201001
4,112.926572,24.789697,52.3,201001
4,112.939409,24.789697,50.74,201001
4,112.952246,24.789697,51.68,201001
4,112.965083,24.789697,48.66,201001
4,112.97792,24.789697,49.3,201001
4,112.84955,24.798167,50.42,201001
4,112.862387,24.798167,52.38,201001
4,112.875224,24.798167,50.82,201001
4,112.888061,24.798167,47.19,201001
4,112.900898,24.798167,51.57,201001
4,112.913735,24.798167,51.21,201001
4,112.926572,24.798167,51.36,201001
4,112.939409,24.798167,50.87,201001
4,112.952246,24.798167,50.22,201001
4,112.965083,24.798167,50.19,201001
4,112.97792,24.798167,49.6,201001
4,112.875224,24.806637,51.1,201001
4,112.888061,24.806637,48.01,201001
4,112.900898,24.806637,51.5,201001
4,112.913735,24.806637,51.19,201001
4,112.926572,24.806637,50.94,201001
4,112.939409,24.806637,50.4,201001
4,112.952246,24.806637,50.62,201001
4,112.965083,24.806637,50.7,201001
4,112.97792,24.806637,48.2,201001
4,112.875224,24.815107,50.57,201001
4,112.888061,24.815107,49.31,201001
4,112.900898,24.815107,51.44,201001
4,112.913735,24.815107,49.86,201001
4,112.926572,24.815107,50.54,201001
4,112.939409,24.815107,50.87,201001
4,112.952246,24.815107,50.72,201001
4,112.965083,24.815107,50.99,201001
4,112.875224,24.823577,49.8,201001
4,112.888061,24.823577,49.45,201001
4,112.900898,24.823577,51.0,201001
4,112.913735,24.823577,50.47,201001
4,112.926572,24.823577,50.34,201001
4,112.939409,24.823577,51.07,201001
4,112.952246,24.823577,49.91,201001
4,112.965083,24.823577,45.9,201001
4,112.888061,24.832047,49.89,201001
4,112.900898,24.832047,51.15,201001
4,112.913735,24.832047,50.58,201001
4,112.888061,24.840517,51.4,201001
4,112.888061,24.848987,51.66,201001
5,112.952246,24.688057,45.28,201001
5,112.965083,24.688057,41.34,201001
5,112.97792,24.688057,42.55,201001
5,112.862387,24.696527,37.11,201001
5,112.888061,24.696527,37.29,201001
5,112.939409,24.696527,43.22,201001
5,112.952246,24.696527,42.26,201001
5,112.965083,24.696527,39.71,201001
5,112.97792,24.696527,42.43,201001
5,112.990757,24.696527,40.86,201001
5,113.003594,24.696527,42.44,201001
5,113.016431,24.696527,41.8,201001
5,112.84955,24.704997,35.88,201001
5,112.862387,24.704997,36.19,201001
5,112.875224,24.704997,36.62,201001
5,112.888061,24.704997,37.14,201001
5,112.900898,24.704997,38.41,201001
5,112.913735,24.704997,39.68,201001
5,112.926572,24.704997,40.29,201001
5,112.939409,24.704997,42.61,201001
5,112.952246,24.704997,41.68,201001
5,112.965083,24.704997,40.59,201001
5,112.97792,24.704997,41.3,201001
5,112.990757,24.704997,38.95,201001
5,113.003594,24.704997,42.14,201001
5,113.016431,24.704997,42.77,201001
5,112.84955,24.713467,37.21,201001
5,112.862387,24.713467,36.46,201001
5,112.875224,24.713467,36.79,201001
5,112.888061,24.713467,38.73,201001
5,112.900898,24.713467,39.12,201001
5,112.913735,24.713467,39.74,201001
5,112.926572,24.713467,43.3,201001
5,112.939409,24.713467,41.9,201001
5,112.952246,24.713467,41.35,201001
5,112.965083,24.713467,41.81,201001
5,112.97792,24.713467,41.09,201001
5,112.990757,24.713467,42.71,201001
5,113.003594,24.713467,42.99,201001
5,112.84955,24.721937,39.9,201001
5,112.862387,24.721937,39.5,201001
5,112.875224,24.721937,39.92,201001
5,112.888061,24.721937,40.88,201001
5,112.900898,24.721937,39.72,201001
5,112.913735,24.721937,38.37,201001
5,112.926572,24.721937,41.89,201001
5,112.939409,24.721937,41.88,201001
5,112.952246,24.721937,39.92,201001
5,112.965083,24.721937,41.78,201001
5,112.97792,24.721937,41.66,201001
5,112.990757,24.721937,43.4,201001
5,113.003594,24.721937,43.03,201001
5,112.862387,24.730407,39.48,201001
5,112.875224,24.730407,39.15,201001
5,112.888061,24.730407,39.13,201001
5,112.900898,24.730407,40.59,201001
5,112.913735,24.730407,40.6,201001
5,112.926572,24.730407,40.47,201001
5,112.939409,24.730407,42.14,201001
5,112.952246,24.730407,40.07,201001
5,112.965083,24.730407,41.79,201001
5,112.97792,24.730407,43.04,201001
5,112.990757,24.730407,43.26,201001
5,113.003594,24.730407,42.59,201001
5,112.84955,24.738877,39.36,201001
5,112.862387,24.738877,39.93,201001
5,112.875224,24.738877,40.71,201001
5,112.888061,24.738877,41.24,201001
5,112.900898,24.738877,40.86,201001
5,112.913735,24.738877,41.49,201001
5,112.926572,24.738877,41.77,201001
5,112.939409,24.738877,40.59,201001
5,112.952246,24.738877,41.04,201001
5,112.965083,24.738877,41.6,201001
5,112.97792,24.738877,42.49,201001
5,112.990757,24.738877,42.49,201001
5,113.003594,24.738877,42.6,201001
5,112.84955,24.747347,41.32,201001
5,112.862387,24.747347,41.05,201001
5,112.875224,24.747347,42.07,201001
5,112.888061,24.747347,40.69,201001
5,112.900898,24.747347,42.8,201001
5,112.913735,24.747347,41.68,201001
5,112.926572,24.747347,41.09,201001
5,112.939409,24.747347,40.36,201001
5,112.952246,24.747347,40.51,201001
5,112.965083,24.747347,40.85,201001
5,112.97792,24.747347,41.0,201001
5,112.84955,24.755817,39.87,201001
5,112.862387,24.755817,39.39,201001
5,112.875224,24.755817,42.8,201001
5,112.888061,24.755817,40.93,201001
5,112.900898,24.755817,42.06,201001
5,112.913735,24.755817,40.69,201001
5,112.926572,24.755817,39.64,201001
5,112.939409,24.755817,40.07,201001
5,112.952246,24.755817,41.12,201001
5,112.965083,24.755817,41.01,201001
5,112.97792,24.755817,38.7,201001
5,112.84955,24.764287,37.42,201001
5,112.862387,24.764287,39.27,201001
5,112.875224,24.764287,41.68,201001
5,112.888061,24.764287,41.43,201001
5,112.900898,24.764287,39.43,201001
5,112.913735,24.764287,41.19,201001
5,112.926572,24.764287,40.54,201001
5,112.939409,24.764287,40.2,201001
5,112.952246,24.764287,39.25,201001
5,112.965083,24.764287,39.62,201001
5,112.97792,24.764287,38.91,201001
5,112.836713,24.772757,42.0,201001
5,112.84955,24.772757,38.41,201001
5,112.862387,24.772757,39.49,201001
5,112.875224,24.772757,40.92,201001
5,112.888061,24.772757,39.94,201001
5,112.900898,24.772757,38.97,201001
5,112.913735,24.772757,40.32,201001
5,112.926572,24.772757,39.64,201001
5,112.939409,24.772757,40.79,201001
5,112.952246,24.772757,38.79,201001
5,112.965083,24.772757,40.41,201001
5,112.97792,24.772757,38.14,201001
5,112.836713,24.781227,40.73,201001
5,112.84955,24.781227,39.03,201001
5,112.862387,24.781227,39.2,201001
5,112.875224,24.781227,40.65,201001
5,112.888061,24.781227,39.37,201001
5,112.900898,24.781227,39.73,201001
5,112.913735,24.781227,41.15,201001
5,112.926572,24.781227,39.75,201001
5,112.939409,24.781227,40.41,201001
5,112.952246,24.781227,39.5,201001
5,112.965083,24.781227,39.48,201001
5,112.97792,24.781227,36.8,201001
5,112.84955,24.789697,38.15,201001
5,112.862387,24.789697,39.73,201001
5,112.875224,24.789697,40.64,201001
5,112.888061,24.789697,38.12,201001
5,112.900898,24.789697,39.88,201001
5,112.913735,24.789697,41.34,201001
5,112.926572,24.789697,40.69,201001
5,112.939409,24.789697,38.98,201001
5,112.952246,24.789697,39.07,201001
5,112.965083,24.789697,37.84,201001
5,112.97792,24.789697,37.08,201001
5,112.84955,24.798167,40.24,201001
5,112.862387,24.798167,41.28,201001
5,112.875224,24.798167,40.64,201001
5,112.888061,24.798167,40.96,201001
5,112.900898,24.798167,40.67,201001
5,112.913735,24.798167,40.89,201001
5,112.926572,24.798167,39.43,201001
5,112.939409,24.798167,38.72,201001
5,112.952246,24.798167,39.31,201001
5,112.965083,24.798167,38.47,201001
5,112.97792,24.798167,38.83,201001
5,112.875224,24.806637,40.93,201001
5,112.888061,24.806637,39.98,201001
5,112.900898,24.806637,39.88,201001
5,112.913735,24.806637,40.97,201001
5,112.926572,24.806637,39.13,201001
5,112.939409,24.806637,39.03,201001
5,112.952246,24.806637,39.69,201001
5,112.965083,24.806637,39.59,201001
5,112.97792,24.806637,39.29,201001
5,112.875224,24.815107,40.37,201001
5,112.888061,24.815107,39.3,201001
5,112.900898,24.815107,39.35,201001
5,112.913735,24.815107,38.7,201001
5,112.926572,24.815107,39.24,201001
5,112.939409,24.815107,38.97,201001
5,112.952246,24.815107,39.41,201001
5,112.965083,24.815107,40.42,201001
5,112.875224,24.823577,39.33,201001
5,112.888061,24.823577,39.69,201001
5,112.900898,24.823577,39.84,201001
5,112.913735,24.823577,39.6,201001
5,112.926572,24.823577,39.35,201001
5,112.939409,24.823577,38.96,201001
5,112.952246,24.823577,39.44,201001
5,112.965083,24.823577,37.55,201001
5,112.888061,24.832047,39.9,201001
5,112.900898,24.832047,39.38,201001
5,112.913735,24.832047,40.15,201001
5,112.888061,24.840517,39.29,201001
5,112.888061,24.848987,38.91,201001
6,112.952246,24.688057,53.8,201001
6,112.965083,24.688057,48.41,201001
6,112.97792,24.688057,48.38,201001
6,112.862387,24.696527,40.64,201001
6,112.888061,24.696527,41.61,201001
6,112.939409,24.696527,51.02,201001
6,112.952246,24.696527,49.17,201001
6,112.965083,24.696527,45.05,201001
6,112.97792,24.696527,47.36,201001
6,112.990757,24.696527,44.68,201001
6,113.003594,24.696527,46.26,201001
6,113.016431,24.696527,46.05,201001
6,112.84955,24.704997,39.94,201001
6,112.862387,24.704997,40.57,201001
6,112.875224,24.704997,41.12,201001
6,112.888061,24.704997,41.54,201001
6,112.900898,24.704997,42.65,201001
6,112.913735,24.704997,43.31,201001
6,112.926572,24.704997,43.83,201001
6,112.939409,24.704997,47.9,201001
6,112.952246,24.704997,47.31,201001
6,112.965083,24.704997,44.93,201001
6,112.97792,24.704997,46.33,201001
6,112.990757,24.704997,42.98,201001
6,113.003594,24.704997,44.87,201001
6,113.016431,24.704997,45.56,201001
6,112.84955,24.713467,42.25,201001
6,112.862387,24.713467,41.94,201001
6,112.875224,24.713467,42.0,201001
6,112.888061,24.713467,43.19,201001
6,112.900898,24.713467,43.73,201001
6,112.913735,24.713467,42.84,201001
6,112.926572,24.713467,46.38,201001
6,112.939409,24.713467,45.9,201001
6,112.952246,24.713467,46.9,201001
6,112.965083,24.713467,46.54,201001
6,112.97792,24.713467,45.83,201001
6,112.990757,24.713467,46.44,201001
6,113.003594,24.713467,44.69,201001
6,112.84955,24.721937,46.71,201001
6,112.862387,24.721937,46.46,201001
6,112.875224,24.721937,46.27,201001
6,112.888061,24.721937,45.88,201001
6,112.900898,24.721937,44.68,201001
6,112.913735,24.721937,42.66,201001
6,112.926572,24.721937,46.06,201001
6,112.939409,24.721937,46.15,201001
6,112.952246,24.721937,45.37,201001
6,112.965083,24.721937,46.2,201001
6,112.97792,24.721937,45.55,201001
6,112.990757,24.721937,45.43,201001
6,113.003594,24.721937,44.21,201001
6,112.862387,24.730407,46.67,201001
6,112.875224,24.730407,45.73,201001
6,112.888061,24.730407,45.53,201001
6,112.900898,24.730407,47.02,201001
6,112.913735,24.730407,47.81,201001
6,112.926572,24.730407,46.09,201001
6,112.939409,24.730407,46.68,201001
6,112.952246,24.730407,45.73,201001
6,112.965083,24.730407,46.69,201001
6,112.97792,24.730407,46.76,201001
6,112.990757,24.730407,45.9,201001
6,113.003594,24.730407,43.92,201001
6,112.84955,24.738877,46.44,201001
6,112.862387,24.738877,48.36,201001
6,112.875224,24.738877,48.52,201001
6,112.888061,24.738877,48.77,201001
6,112.900898,24.738877,49.99,201001
6,112.913735,24.738877,50.77,201001
6,112.926572,24.738877,47.43,201001
6,112.939409,24.738877,45.86,201001
6,112.952246,24.738877,47.89,201001
6,112.965083,24.738877,47.81,201001
6,112.97792,24.738877,47.13,201001
6,112.990757,24.738877,45.54,201001
6,113.003594,24.738877,45.84,201001
6,112.84955,24.747347,47.87,201001
6,112.862387,24.747347,48.0,201001
6,112.875224,24.747347,48.76,201001
6,112.888061,24.747347,46.89,201001
6,112.900898,24.747347,50.06,201001
6,112.913735,24.747347,49.49,201001
6,112.926572,24.747347,46.96,201001
6,112.939409,24.747347,46.26,201001
6,112.952246,24.747347,48.23,201001
6,112.965083,24.747347,46.39,201001
6,112.97792,24.747347,46.94,201001
6,112.84955,24.755817,44.29,201001
6,112.862387,24.755817,43.51,201001
6,112.875224,24.755817,49.05,201001
6,112.888061,24.755817,47.67,201001
6,112.900898,24.755817,48.46,201001
6,112.913735,24.755817,47.53,201001
6,112.926572,24.755817,45.68,201001
6,112.939409,24.755817,45.42,201001
6,112.952246,24.755817,47.36,201001
6,112.965083,24.755817,44.71,201001
6,112.97792,24.755817,44.81,201001
6,112.84955,24.764287,41.78,201001
6,112.862387,24.764287,43.44,201001
6,112.875224,24.764287,47.48,201001
6,112.888061,24.764287,47.29,201001
6,112.900898,24.764287,45.47,201001
6,112.913735,24.764287,47.71,201001
6,112.926572,24.764287,46.35,201001
6,112.939409,24.764287,44.74,201001
6,112.952246,24.764287,44.17,201001
6,112.965083,24.764287,43.39,201001
6,112.97792,24.764287,45.29,201001
6,112.836713,24.772757,47.96,201001
6,112.84955,24.772757,43.01,201001
6,112.862387,24.772757,44.27,201001
6,112.875224,24.772757,47.16,201001
6,112.888061,24.772757,46.13,201001
6,112.900898,24.772757,46.15,201001
6,112.913735,24.772757,47.22,201001
6,112.926572,24.772757,45.59,201001
6,112.939409,24.772757,46.06,201001
6,112.952246,24.772757,43.76,201001
6,112.965083,24.772757,45.33,201001
6,112.97792,24.772757,45.7,201001
6,112.836713,24.781227,47.25,201001
6,112.84955,24.781227,44.62,201001
6,112.862387,24.781227,45.14,201001
6,112.875224,24.781227,47.52,201001
6,112.888061,24.781227,45.71,201001
6,112.900898,24.781227,46.6,201001
6,112.913735,24.781227,47.29,201001
6,112.926572,24.781227,45.93,201001
6,112.939409,24.781227,46.79,201001
6,112.952246,24.781227,44.99,201001
6,112.965083,24.781227,45.81,201001
6,112.97792,24.781227,45.05,201001
6,112.84955,24.789697,44.27,201001
6,112.862387,24.789697,46.3,201001
6,112.875224,24.789697,47.34,201001
6,112.888061,24.789697,44.07,201001
6,112.900898,24.789697,45.2,201001
6,112.913735,24.789697,47.11,201001
6,112.926572,24.789697,46.6,201001
6,112.939409,24.789697,46.01,201001
6,112.952246,24.789697,46.26,201001
6,112.965083,24.789697,45.01,201001
6,112.97792,24.789697,45.36,201001
6,112.84955,24.798167,44.42,201001
6,112.862387,24.798167,46.77,201001
6,112.875224,24.798167,46.26,201001
6,112.888061,24.798167,45.56,201001
6,112.900898,24.798167,45.7,201001
6,112.913735,24.798167,46.38,201001
6,112.926572,24.798167,45.43,201001
6,112.939409,24.798167,45.64,201001
6,112.952246,24.798167,46.58,201001
6,112.965083,24.798167,45.71,201001
6,112.97792,24.798167,45.34,201001
6,112.875224,24.806637,46.05,201001
6,112.888061,24.806637,44.33,201001
6,112.900898,24.806637,45.4,201001
6,112.913735,24.806637,46.0,201001
6,112.926572,24.806637,45.36,201001
6,112.939409,24.806637,43.8,201001
6,112.952246,24.806637,45.9,201001
6,112.965083,24.806637,45.86,201001
6,112.97792,24.806637,44.6,201001
6,112.875224,24.815107,45.44,201001
6,112.888061,24.815107,44.26,201001
6,112.900898,24.815107,45.24,201001
6,112.913735,24.815107,44.61,201001
6,112.926572,24.815107,45.38,201001
6,112.939409,24.815107,42.48,201001
6,112.952246,24.815107,45.09,201001
6,112.965083,24.815107,46.36,201001
6,112.875224,24.823577,44.48,201001
6,112.888061,24.823577,45.09,201001
6,112.900898,24.823577,46.04,201001
6,112.913735,24.823577,46.1,201001
6,112.926572,24.823577,45.53,201001
6,112.939409,24.823577,44.05,201001
6,112.952246,24.823577,46.22,201001
6,112.965083,24.823577,43.34,201001
6,112.888061,24.832047,44.55,201001
6,112.900898,24.832047,44.49,201001
6,112.913735,24.832047,47.07,201001
6,112.888061,24.840517,44.13,201001
6,112.888061,24.848987,43.31,201001
7,112.952246,24.688057,53.87,201001
7,112.965083,24.688057,49.46,201001
7,112.97792,24.688057,51.6,201001
7,112.862387,24.696527,41.03,201001
7,112.888061,24.696527,42.21,201001
7,112.939409,24.696527,51.74,201001
7,112.952246,24.696527,49.59,201001
7,112.965083,24.696527,46.49,201001
7,112.97792,24.696527,50.36,201001
7,112.990757,24.696527,46.87,201001
7,113.003594,24.696527,48.45,201001
7,113.016431,24.696527,48.16,201001
7,112.84955,24.704997,39.9,201001
7,112.862387,24.704997,40.8,201001
7,112.875224,24.704997,41.15,201001
7,112.888061,24.704997,41.19,201001
7,112.900898,24.704997,41.78,201001
7,112.913735,24.704997,43.2,201001
7,112.926572,24.704997,44.68,201001
7,112.939409,24.704997,47.96,201001
7,112.952246,24.704997,47.57,201001
7,112.965083,24.704997,45.99,201001
7,112.97792,24.704997,48.58,201001
7,112.990757,24.704997,44.62,201001
7,113.003594,24.704997,46.9,201001
7,113.016431,24.704997,48.72,201001
7,112.84955,24.713467,41.72,201001
7,112.862387,24.713467,41.69,201001
7,112.875224,24.713467,41.51,201001
7,112.888061,24.713467,42.58,201001
7,112.900898,24.713467,42.92,201001
7,112.913735,24.713467,42.86,201001
7,112.926572,24.713467,46.57,201001
7,112.939409,24.713467,45.95,201001
7,112.952246,24.713467,46.99,201001
7,112.965083,24.713467,47.08,201001
7,112.97792,24.713467,47.37,201001
7,112.990757,24.713467,47.83,201001
7,113.003594,24.713467,47.0,201001
7,112.84955,24.721937,46.28,201001
7,112.862387,24.721937,46.23,201001
7,112.875224,24.721937,45.74,201001
7,112.888061,24.721937,45.55,201001
7,112.900898,24.721937,43.79,201001
7,112.913735,24.721937,42.24,201001
7,112.926572,24.721937,45.59,201001
7,112.939409,24.721937,46.94,201001
7,112.952246,24.721937,46.16,201001
7,112.965083,24.721937,48.56,201001
7,112.97792,24.721937,49.24,201001
7,112.990757,24.721937,48.11,201001
7,113.003594,24.721937,46.67,201001
7,112.862387,24.730407,45.76,201001
7,112.875224,24.730407,45.12,201001
7,112.888061,24.730407,45.62,201001
7,112.900898,24.730407,46.4,201001
7,112.913735,24.730407,47.16,201001
7,112.926572,24.730407,46.13,201001
7,112.939409,24.730407,48.08,201001
7,112.952246,24.730407,48.8,201001
7,112.965083,24.730407,49.42,201001
7,112.97792,24.730407,50.16,201001
7,112.990757,24.730407,49.05,201001
7,113.003594,24.730407,46.36,201001
7,112.84955,24.738877,45.52,201001
7,112.862387,24.738877,46.93,201001
7,112.875224,24.738877,49.22,201001
7,112.888061,24.738877,51.09,201001
7,112.900898,24.738877,49.36,201001
7,112.913735,24.738877,51.35,201001
7,112.926572,24.738877,49.67,201001
7,112.939409,24.738877,47.84,201001
7,112.952246,24.738877,50.58,201001
7,112.965083,24.738877,49.79,201001
7,112.97792,24.738877,49.73,201001
7,112.990757,24.738877,48.76,201001
7,113.003594,24.738877,48.37,201001
7,112.84955,24.747347,47.14,201001
7,112.862387,24.747347,47.52,201001
7,112.875224,24.747347,50.44,201001
7,112.888061,24.747347,48.97,201001
7,112.900898,24.747347,50.86,201001
7,112.913735,24.747347,51.04,201001
7,112.926572,24.747347,49.06,201001
7,112.939409,24.747347,47.71,201001
7,112.952246,24.747347,49.08,201001
7,112.965083,24.747347,47.41,201001
7,112.97792,24.747347,49.12,201001
7,112.84955,24.755817,44.1,201001
7,112.862387,24.755817,43.61,201001
7,112.875224,24.755817,51.03,201001
7,112.888061,24.755817,49.56,201001
7,112.900898,24.755817,50.75,201001
7,112.913735,24.755817,49.91,201001
7,112.926572,24.755817,46.76,201001
7,112.939409,24.755817,47.05,201001
7,112.952246,24.755817,48.35,201001
7,112.965083,24.755817,46.44,201001
7,112.97792,24.755817,45.96,201001
7,112.84955,24.764287,43.42,201001
7,112.862387,24.764287,46.31,201001
7,112.875224,24.764287,50.0,201001
7,112.888061,24.764287,49.65,201001
7,112.900898,24.764287,47.88,201001
7,112.913735,24.764287,49.98,201001
7,112.926572,24.764287,48.31,201001
7,112.939409,24.764287,46.43,201001
7,112.952246,24.764287,45.14,201001
7,112.965083,24.764287,44.55,201001
7,112.97792,24.764287,46.46,201001
7,112.836713,24.772757,49.24,201001
7,112.84955,24.772757,45.97,201001
7,112.862387,24.772757,47.08,201001
7,112.875224,24.772757,48.92,201001
7,112.888061,24.772757,47.27,201001
7,112.900898,24.772757,46.98,201001
7,112.913735,24.772757,48.59,201001
7,112.926572,24.772757,47.75,201001
7,112.939409,24.772757,47.69,201001
7,112.952246,24.772757,45.0,201001
7,112.965083,24.772757,47.09,201001
7,112.97792,24.772757,47.39,201001
7,112.836713,24.781227,49.42,201001
7,112.84955,24.781227,48.77,201001
7,112.862387,24.781227,47.98,201001
7,112.875224,24.781227,49.15,201001
7,112.888061,24.781227,45.8,201001
7,112.900898,24.781227,46.47,201001
7,112.913735,24.781227,48.16,201001
7,112.926572,24.781227,48.39,201001
7,112.939409,24.781227,47.96,201001
7,112.952246,24.781227,46.96,201001
7,112.965083,24.781227,47.63,201001
7,112.97792,24.781227,46.97,201001
7,112.84955,24.789697,48.06,201001
7,112.862387,24.789697,49.5,201001
7,112.875224,24.789697,49.08,201001
7,112.888061,24.789697,43.53,201001
7,112.900898,24.789697,45.97,201001
7,112.913735,24.789697,48.22,201001
7,112.926572,24.789697,49.04,201001
7,112.939409,24.789697,47.74,201001
7,112.952246,24.789697,48.96,201001
7,112.965083,24.789697,47.89,201001
7,112.97792,24.789697,46.23,201001
7,112.84955,24.798167,48.63,201001
7,112.862387,24.798167,49.44,201001
7,112.875224,24.798167,47.93,201001
7,112.888061,24.798167,45.7,201001
7,112.900898,24.798167,47.2,201001
7,112.913735,24.798167,48.18,201001
7,112.926572,24.798167,47.22,201001
7,112.939409,24.798167,47.43,201001
7,112.952246,24.798167,49.02,201001
7,112.965083,24.798167,48.1,201001
7,112.97792,24.798167,46.56,201001
7,112.875224,24.806637,47.4,201001
7,112.888061,24.806637,45.48,201001
7,112.900898,24.806637,46.44,201001
7,112.913735,24.806637,47.66,201001
7,112.926572,24.806637,46.36,201001
7,112.939409,24.806637,45.99,201001
7,112.952246,24.806637,47.64,201001
7,112.965083,24.806637,46.67,201001
7,112.97792,24.806637,45.57,201001
7,112.875224,24.815107,46.39,201001
7,112.888061,24.815107,45.92,201001
7,112.900898,24.815107,46.95,201001
7,112.913735,24.815107,46.09,201001
7,112.926572,24.815107,46.53,201001
7,112.939409,24.815107,46.27,201001
7,112.952246,24.815107,46.9,201001
7,112.965083,24.815107,48.29,201001
7,112.875224,24.823577,45.54,201001
7,112.888061,24.823577,47.7,201001
7,112.900898,24.823577,47.65,201001
7,112.913735,24.823577,47.99,201001
7,112.926572,24.823577,47.09,201001
7,112.939409,24.823577,46.69,201001
7,112.952246,24.823577,47.64,201001
7,112.965083,24.823577,44.59,201001
7,112.888061,24.832047,47.59,201001
7,112.900898,24.832047,47.24,201001
7,112.913735,24.832047,49.14,201001
7,112.888061,24.840517,46.85,201001
7,112.888061,24.848987,46.95,201001
8,112.952246,24.688057,50.11,201001
8,112.965083,24.688057,47.12,201001
8,112.97792,24.688057,48.06,201001
8,112.862387,24.696527,41.07,201001
8,112.888061,24.696527,41.48,201001
8,112.939409,24.696527,47.46,201001
8,112.952246,24.696527,45.9,201001
8,112.965083,24.696527,44.39,201001
8,112.97792,24.696527,46.66,201001
8,112.990757,24.696527,44.92,201001
8,113.003594,24.696527,46.53,201001
8,113.016431,24.696527,47.49,201001
8,112.84955,24.704997,40.43,201001
8,112.862387,24.704997,40.99,201001
8,112.875224,24.704997,41.36,201001
8,112.888061,24.704997,41.17,201001
8,112.900898,24.704997,41.76,201001
8,112.913735,24.704997,42.43,201001
8,112.926572,24.704997,43.61,201001
8,112.939409,24.704997,45.84,201001
8,112.952246,24.704997,45.48,201001
8,112.965083,24.704997,45.96,201001
8,112.97792,24.704997,47.45,201001
8,112.990757,24.704997,44.65,201001
8,113.003594,24.704997,46.31,201001
8,113.016431,24.704997,48.76,201001
8,112.84955,24.713467,41.61,201001
8,112.862387,24.713467,41.51,201001
8,112.875224,24.713467,41.78,201001
8,112.888061,24.713467,42.38,201001
8,112.900898,24.713467,42.27,201001
8,112.913735,24.713467,42.3,201001
8,112.926572,24.713467,45.21,201001
8,112.939409,24.713467,46.29,201001
8,112.952246,24.713467,47.18,201001
8,112.965083,24.713467,47.64,201001
8,112.97792,24.713467,47.06,201001
8,112.990757,24.713467,47.29,201001
8,113.003594,24.713467,45.48,201001
8,112.84955,24.721937,45.88,201001
8,112.862387,24.721937,45.27,201001
8,112.875224,24.721937,45.28,201001
8,112.888061,24.721937,45.35,201001
8,112.900898,24.721937,43.41,201001
8,112.913735,24.721937,43.25,201001
8,112.926572,24.721937,44.94,201001
8,112.939409,24.721937,46.38,201001
8,112.952246,24.721937,46.99,201001
8,112.965083,24.721937,47.51,201001
8,112.97792,24.721937,47.8,201001
8,112.990757,24.721937,47.99,201001
8,113.003594,24.721937,47.19,201001
8,112.862387,24.730407,47.78,201001
8,112.875224,24.730407,47.11,201001
8,112.888061,24.730407,47.59,201001
8,112.900898,24.730407,46.11,201001
8,112.913735,24.730407,47.41,201001
8,112.926572,24.730407,46.08,201001
8,112.939409,24.730407,47.89,201001
8,112.952246,24.730407,47.74,201001
8,112.965083,24.730407,46.16,201001
8,112.97792,24.730407,47.8,201001
8,112.990757,24.730407,47.43,201001
8,113.003594,24.730407,47.21,201001
8,112.84955,24.738877,47.82,201001
8,112.862387,24.738877,49.3,201001
8,112.875224,24.738877,48.6,201001
8,112.888061,24.738877,50.38,201001
8,112.900898,24.738877,46.9,201001
8,112.913735,24.738877,49.7,201001
8,112.926572,24.738877,48.75,201001
8,112.939409,24.738877,47.63,201001
8,112.952246,24.738877,46.72,201001
8,112.965083,24.738877,46.03,201001
8,112.97792,24.738877,48.15,201001
8,112.990757,24.738877,48.26,201001
8,113.003594,24.738877,46.72,201001
8,112.84955,24.747347,50.11,201001
8,112.862387,24.747347,50.72,201001
8,112.875224,24.747347,48.47,201001
8,112.888061,24.747347,46.93,201001
8,112.900898,24.747347,47.19,201001
8,112.913735,24.747347,48.78,201001
8,112.926572,24.747347,49.1,201001
8,112.939409,24.747347,46.77,201001
8,112.952246,24.747347,45.75,201001
8,112.965083,24.747347,47.35,201001
8,112.97792,24.747347,48.51,201001
8,112.84955,24.755817,47.46,201001
8,112.862387,24.755817,47.97,201001
8,112.875224,24.755817,47.27,201001
8,112.888061,24.755817,45.36,201001
8,112.900898,24.755817,46.78,201001
8,112.913735,24.755817,45.56,201001
8,112.926572,24.755817,46.6,201001
8,112.939409,24.755817,47.31,201001
8,112.952246,24.755817,47.22,201001
8,112.965083,24.755817,47.94,201001
8,112.97792,24.755817,47.44,201001
8,112.84955,24.764287,46.32,201001
8,112.862387,24.764287,48.42,201001
8,112.875224,24.764287,46.68,201001
8,112.888061,24.764287,45.55,201001
8,112.900898,24.764287,46.65,201001
8,112.913735,24.764287,45.67,201001
8,112.926572,24.764287,46.94,201001
8,112.939409,24.764287,47.66,201001
8,112.952246,24.764287,45.73,201001
8,112.965083,24.764287,46.2,201001
8,112.97792,24.764287,46.56,201001
8,112.836713,24.772757,44.74,201001
8,112.84955,24.772757,46.01,201001
8,112.862387,24.772757,47.46,201001
8,112.875224,24.772757,46.13,201001
8,112.888061,24.772757,44.58,201001
8,112.900898,24.772757,45.37,201001
8,112.913735,24.772757,46.33,201001
8,112.926572,24.772757,46.8,201001
8,112.939409,24.772757,46.96,201001
8,112.952246,24.772757,46.02,201001
8,112.965083,24.772757,47.49,201001
8,112.97792,24.772757,46.74,201001
8,112.836713,24.781227,45.93,201001
8,112.84955,24.781227,46.89,201001
8,112.862387,24.781227,45.54,201001
8,112.875224,24.781227,46.11,201001
8,112.888061,24.781227,45.14,201001
8,112.900898,24.781227,45.73,201001
8,112.913735,24.781227,47.38,201001
8,112.926572,24.781227,47.03,201001
8,112.939409,24.781227,44.48,201001
8,112.952246,24.781227,47.88,201001
8,112.965083,24.781227,48.45,201001
8,112.97792,24.781227,44.93,201001
8,112.84955,24.789697,47.89,201001
8,112.862387,24.789697,45.62,201001
8,112.875224,24.789697,45.78,201001
8,112.888061,24.789697,46.39,201001
8,112.900898,24.789697,46.76,201001
8,112.913735,24.789697,46.3,201001
8,112.926572,24.789697,46.5,201001
8,112.939409,24.789697,44.58,201001
8,112.952246,24.789697,46.84,201001
8,112.965083,24.789697,47.29,201001
8,112.97792,24.789697,44.28,201001
8,112.84955,24.798167,47.86,201001
8,112.862387,24.798167,46.0,201001
8,112.875224,24.798167,45.6,201001
8,112.888061,24.798167,47.84,201001
8,112.900898,24.798167,45.6,201001
8,112.913735,24.798167,46.72,201001
8,112.926572,24.798167,45.51,201001
8,112.939409,24.798167,44.56,201001
8,112.952246,24.798167,45.81,201001
8,112.965083,24.798167,46.01,201001
8,112.97792,24.798167,46.54,201001
8,112.875224,24.806637,45.83,201001
8,112.888061,24.806637,46.36,201001
8,112.900898,24.806637,45.23,201001
8,112.913735,24.806637,48.45,201001
8,112.926572,24.806637,45.98,201001
8,112.939409,24.806637,44.62,201001
8,112.952246,24.806637,45.73,201001
8,112.965083,24.806637,44.94,201001
8,112.97792,24.806637,47.37,201001
8,112.875224,24.815107,45.34,201001
8,112.888061,24.815107,45.53,201001
8,112.900898,24.815107,45.67,201001
8,112.913735,24.815107,45.55,201001
8,112.926572,24.815107,45.71,201001
8,112.939409,24.815107,46.13,201001
8,112.952246,24.815107,45.03,201001
8,112.965083,24.815107,48.37,201001
8,112.875224,24.823577,44.02,201001
8,112.888061,24.823577,46.59,201001
8,112.900898,24.823577,44.36,201001
8,112.913735,24.823577,45.6,201001
8,112.926572,24.823577,45.43,201001
8,112.939409,24.823577,45.38,201001
8,112.952246,24.823577,44.39,201001
8,112.965083,24.823577,45.39,201001
8,112.888061,24.832047,45.71,201001
8,112.900898,24.832047,44.69,201001
8,112.913735,24.832047,44.89,201001
8,112.888061,24.840517,45.02,201001
8,112.888061,24.848987,45.79,201001
9,112.952246,24.688057,58.3,201001
9,112.965083,24.688057,55.9,201001
9,112.97792,24.688057,55.96,201001
9,112.862387,24.696527,47.89,201001
9,112.888061,24.696527,48.33,201001
9,112.939409,24.696527,56.23,201001
9,112.952246,24.696527,54.84,201001
9,112.965083,24.696527,51.56,201001
9,112.97792,24.696527,52.53,201001
9,112.990757,24.696527,51.24,201001
9,113.003594,24.696527,52.22,201001
9,113.016431,24.696527,52.43,201001
9,112.84955,24.704997,47.91,201001
9,112.862387,24.704997,48.17,201001
9,112.875224,24.704997,48.03,201001
9,112.888061,24.704997,48.61,201001
9,112.900898,24.704997,48.71,201001
9,112.913735,24.704997,49.74,201001
9,112.926572,24.704997,50.24,201001
9,112.939409,24.704997,53.47,201001
9,112.952246,24.704997,53.62,201001
9,112.965083,24.704997,52.5,201001
9,112.97792,24.704997,53.02,201001
9,112.990757,24.704997,51.31,201001
9,113.003594,24.704997,53.34,201001
9,113.016431,24.704997,55.42,201001
9,112.84955,24.713467,49.19,201001
9,112.862387,24.713467,49.6,201001
9,112.875224,24.713467,48.91,201001
9,112.888061,24.713467,49.61,201001
9,112.900898,24.713467,49.15,201001
9,112.913735,24.713467,50.29,201001
9,112.926572,24.713467,52.06,201001
9,112.939409,24.713467,52.99,201001
9,112.952246,24.713467,54.4,201001
9,112.965083,24.713467,54.12,201001
9,112.97792,24.713467,53.39,201001
9,112.990757,24.713467,53.76,201001
9,113.003594,24.713467,53.38,201001
9,112.84955,24.721937,52.91,201001
9,112.862387,24.721937,52.88,201001
9,112.875224,24.721937,52.0,201001
9,112.888061,24.721937,52.63,201001
9,112.900898,24.721937,50.8,201001
9,112.913735,24.721937,51.27,201001
9,112.926572,24.721937,51.78,201001
9,112.939409,24.721937,52.9,201001
9,112.952246,24.721937,54.06,201001
9,112.965083,24.721937,54.82,201001
9,112.97792,24.721937,54.77,201001
9,112.990757,24.721937,56.1,201001
9,113.003594,24.721937,55.17,201001
9,112.862387,24.730407,55.62,201001
9,112.875224,24.730407,55.0,201001
9,112.888061,24.730407,55.51,201001
9,112.900898,24.730407,53.75,201001
9,112.913735,24.730407,55.17,201001
9,112.926572,24.730407,53.47,201001
9,112.939409,24.730407,54.96,201001
9,112.952246,24.730407,55.37,201001
9,112.965083,24.730407,54.43,201001
9,112.97792,24.730407,55.72,201001
9,112.990757,24.730407,55.79,201001
9,113.003594,24.730407,55.41,201001
9,112.84955,24.738877,56.27,201001
9,112.862387,24.738877,57.63,201001
9,112.875224,24.738877,55.66,201001
9,112.888061,24.738877,57.25,201001
9,112.900898,24.738877,54.97,201001
9,112.913735,24.738877,56.56,201001
9,112.926572,24.738877,56.25,201001
9,112.939409,24.738877,55.49,201001
9,112.952246,24.738877,56.15,201001
9,112.965083,24.738877,55.21,201001
9,112.97792,24.738877,57.01,201001
9,112.990757,24.738877,56.36,201001
9,113.003594,24.738877,54.85,201001
9,112.84955,24.747347,57.83,201001
9,112.862387,24.747347,58.61,201001
9,112.875224,24.747347,56.07,201001
9,112.888061,24.747347,56.11,201001
9,112.900898,24.747347,56.03,201001
9,112.913735,24.747347,56.04,201001
9,112.926572,24.747347,56.26,201001
9,112.939409,24.747347,55.71,201001
9,112.952246,24.747347,55.83,201001
9,112.965083,24.747347,56.08,201001
9,112.97792,24.747347,57.04,201001
9,112.84955,24.755817,55.71,201001
9,112.862387,24.755817,56.22,201001
9,112.875224,24.755817,57.17,201001
9,112.888061,24.755817,55.96,201001
9,112.900898,24.755817,56.75,201001
9,112.913735,24.755817,56.38,201001
9,112.926572,24.755817,55.42,201001
9,112.939409,24.755817,56.1,201001
9,112.952246,24.755817,56.84,201001
9,112.965083,24.755817,55.88,201001
9,112.97792,24.755817,55.74,201001
9,112.84955,24.764287,55.64,201001
9,112.862387,24.764287,55.55,201001
9,112.875224,24.764287,56.58,201001
9,112.888061,24.764287,54.75,201001
9,112.900898,24.764287,55.24,201001
9,112.913735,24.764287,55.61,201001
9,112.926572,24.764287,55.41,201001
9,112.939409,24.764287,55.66,201001
9,112.952246,24.764287,53.29,201001
9,112.965083,24.764287,53.87,201001
9,112.97792,24.764287,55.36,201001
9,112.836713,24.772757,53.21,201001
9,112.84955,24.772757,55.67,201001
9,112.862387,24.772757,55.91,201001
9,112.875224,24.772757,55.94,201001
9,112.888061,24.772757,54.47,201001
9,112.900898,24.772757,53.99,201001
9,112.913735,24.772757,55.37,201001
9,112.926572,24.772757,55.76,201001
9,112.939409,24.772757,56.1,201001
9,112.952246,24.772757,53.46,201001
9,112.965083,24.772757,56.05,201001
9,112.97792,24.772757,55.28,201001
9,112.836713,24.781227,54.01,201001
9,112.84955,24.781227,55.84,201001
9,112.862387,24.781227,55.68,201001
9,112.875224,24.781227,55.55,201001
9,112.888061,24.781227,54.5,201001
9,112.900898,24.781227,53.71,201001
9,112.913735,24.781227,56.47,201001
9,112.926572,24.781227,56.99,201001
9,112.939409,24.781227,55.69,201001
9,112.952246,24.781227,56.92,201001
9,112.965083,24.781227,58.07,201001
9,112.97792,24.781227,55.82,201001
9,112.84955,24.789697,56.79,201001
9,112.862387,24.789697,56.27,201001
9,112.875224,24.789697,55.73,201001
9,112.888061,24.789697,54.06,201001
9,112.900898,24.789697,54.77,201001
9,112.913735,24.789697,54.66,201001
9,112.926572,24.789697,56.57,201001
9,112.939409,24.789697,55.94,201001
9,112.952246,24.789697,57.97,201001
9,112.965083,24.789697,57.05,201001
9,112.97792,24.789697,55.56,201001
9,112.84955,24.798167,56.6,201001
9,112.862387,24.798167,56.09,201001
9,112.875224,24.798167,55.22,201001
9,112.888061,24.798167,55.45,201001
9,112.900898,24.798167,54.64,201001
9,112.913735,24.798167,55.0,201001
9,112.926572,24.798167,54.67,201001
9,112.939409,24.798167,55.71,201001
9,112.952246,24.798167,55.72,201001
9,112.965083,24.798167,55.78,201001
9,112.97792,24.798167,55.73,201001
9,112.875224,24.806637,55.0,201001
9,112.888061,24.806637,54.67,201001
9,112.900898,24.806637,54.82,201001
9,112.913735,24.806637,55.67,201001
9,112.926572,24.806637,54.79,201001
9,112.939409,24.806637,54.6,201001
9,112.952246,24.806637,55.12,201001
9,112.965083,24.806637,55.0,201001
9,112.97792,24.806637,55.89,201001
9,112.875224,24.815107,55.31,201001
9,112.888061,24.815107,54.56,201001
9,112.900898,24.815107,55.63,201001
9,112.913735,24.815107,54.49,201001
9,112.926572,24.815107,54.84,201001
9,112.939409,24.815107,55.32,201001
9,112.952246,24.815107,54.47,201001
9,112.965083,24.815107,56.21,201001
9,112.875224,24.823577,54.38,201001
9,112.888061,24.823577,55.66,201001
9,112.900898,24.823577,55.34,201001
9,112.913735,24.823577,55.72,201001
9,112.926572,24.823577,54.96,201001
9,112.939409,24.823577,55.36,201001
9,112.952246,24.823577,54.26,201001
9,112.965083,24.823577,53.72,201001
9,112.888061,24.832047,55.93,201001
9,112.900898,24.832047,55.78,201001
9,112.913735,24.832047,56.17,201001
9,112.888061,24.840517,56.35,201001
9,112.888061,24.848987,57.14,201001
10,112.952246,24.688057,66.49,201001
10,112.965083,24.688057,65.75,201001
10,112.97792,24.688057,65.46,201001
10,112.862387,24.696527,59.58,201001
10,112.888061,24.696527,61.44,201001
10,112.939409,24.696527,65.58,201001
10,112.952246,24.696527,66.25,201001
10,112.965083,24.696527,63.62,201001
10,112.97792,24.696527,64.16,201001
10,112.990757,24.696527,64.48,201001
10,113.003594,24.696527,64.64,201001
10,113.016431,24.696527,62.49,201001
10,112.84955,24.704997,60.13,201001
10,112.862387,24.704997,60.04,201001
10,112.875224,24.704997,60.06,201001
10,112.888061,24.704997,60.74,201001
10,112.900898,24.704997,60.44,201001
10,112.913735,24.704997,60.59,201001
10,112.926572,24.704997,61.81,201001
10,112.939409,24.704997,64.59,201001
10,112.952246,24.704997,66.39,201001
10,112.965083,24.704997,65.41,201001
10,112.97792,24.704997,64.62,201001
10,112.990757,24.704997,66.65,201001
10,113.003594,24.704997,66.17,201001
10,113.016431,24.704997,65.87,201001
10,112.84955,24.713467,59.68,201001
10,112.862387,24.713467,60.22,201001
10,112.875224,24.713467,60.2,201001
10,112.888061,24.713467,60.78,201001
10,112.900898,24.713467,60.38,201001
10,112.913735,24.713467,60.28,201001
10,112.926572,24.713467,62.16,201001
10,112.939409,24.713467,65.45,201001
10,112.952246,24.713467,67.04,201001
10,112.965083,24.713467,66.3,201001
10,112.97792,24.713467,63.25,201001
10,112.990757,24.713467,64.35,201001
10,113.003594,24.713467,65.61,201001
10,112.84955,24.721937,62.33,201001
10,112.862387,24.721937,62.14,201001
10,112.875224,24.721937,61.63,201001
10,112.888061,24.721937,62.44,201001
10,112.900898,24.721937,60.36,201001
10,112.913735,24.721937,62.09,201001
10,112.926572,24.721937,62.11,201001
10,112.939409,24.721937,63.41,201001
10,112.952246,24.721937,65.65,201001
10,112.965083,24.721937,64.74,201001
10,112.97792,24.721937,64.5,201001
10,112.990757,24.721937,66.07,201001
10,113.003594,24.721937,65.19,201001
10,112.862387,24.730407,64.18,201001
10,112.875224,24.730407,63.77,201001
10,112.888061,24.730407,63.83,201001
10,112.900898,24.730407,61.5,201001
10,112.913735,24.730407,64.33,201001
10,112.926572,24.730407,62.68,201001
10,112.939409,24.730407,63.29,201001
10,112.952246,24.730407,63.62,201001
10,112.965083,24.730407,63.33,201001
10,112.97792,24.730407,64.25,201001
10,112.990757,24.730407,64.68,201001
10,113.003594,24.730407,65.23,201001
10,112.84955,24.738877,64.74,201001
10,112.862387,24.738877,65.3,201001
10,112.875224,24.738877,62.46,201001
10,112.888061,24.738877,63.21,201001
10,112.900898,24.738877,61.2,201001
10,112.913735,24.738877,62.66,201001
10,112.926572,24.738877,63.5,201001
10,112.939409,24.738877,64.19,201001
10,112.952246,24.738877,63.57,201001
10,112.965083,24.738877,62.84,201001
10,112.97792,24.738877,63.54,201001
10,112.990757,24.738877,64.02,201001
10,113.003594,24.738877,63.94,201001
10,112.84955,24.747347,65.07,201001
10,112.862387,24.747347,65.74,201001
10,112.875224,24.747347,63.25,201001
10,112.888061,24.747347,62.61,201001
10,112.900898,24.747347,61.72,201001
10,112.913735,24.747347,62.56,201001
10,112.926572,24.747347,64.41,201001
10,112.939409,24.747347,64.2,201001
10,112.952246,24.747347,62.78,201001
10,112.965083,24.747347,63.2,201001
10,112.97792,24.747347,64.35,201001
10,112.84955,24.755817,63.05,201001
10,112.862387,24.755817,63.08,201001
10,112.875224,24.755817,64.36,201001
10,112.888061,24.755817,62.2,201001
10,112.900898,24.755817,63.19,201001
10,112.913735,24.755817,62.43,201001
10,112.926572,24.755817,63.69,201001
10,112.939409,24.755817,64.63,201001
10,112.952246,24.755817,63.66,201001
10,112.965083,24.755817,63.78,201001
10,112.97792,24.755817,65.78,201001
10,112.84955,24.764287,63.45,201001
10,112.862387,24.764287,63.19,201001
10,112.875224,24.764287,62.6,201001
10,112.888061,24.764287,62.14,201001
10,112.900898,24.764287,64.26,201001
10,112.913735,24.764287,62.82,201001
10,112.926572,24.764287,62.51,201001
10,112.939409,24.764287,63.94,201001
10,112.952246,24.764287,61.85,201001
10,112.965083,24.764287,64.32,201001
10,112.97792,24.764287,64.0,201001
10,112.836713,24.772757,62.33,201001
10,112.84955,24.772757,63.37,201001
10,112.862387,24.772757,62.99,201001
10,112.875224,24.772757,62.35,201001
10,112.888061,24.772757,62.15,201001
10,112.900898,24.772757,62.38,201001
10,112.913735,24.772757,63.17,201001
10,112.926572,24.772757,62.32,201001
10,112.939409,24.772757,62.31,201001
10,112.952246,24.772757,61.82,201001
10,112.965083,24.772757,63.28,201001
10,112.97792,24.772757,62.1,201001
10,112.836713,24.781227,62.86,201001
10,112.84955,24.781227,62.79,201001
10,112.862387,24.781227,62.34,201001
10,112.875224,24.781227,62.92,201001
10,112.888061,24.781227,62.59,201001
10,112.900898,24.781227,61.12,201001
10,112.913735,24.781227,63.13,201001
10,112.926572,24.781227,63.32,201001
10,112.939409,24.781227,60.81,201001
10,112.952246,24.781227,62.97,201001
10,112.965083,24.781227,63.77,201001
10,112.97792,24.781227,62.22,201001
10,112.84955,24.789697,63.77,201001
10,112.862387,24.789697,62.45,201001
10,112.875224,24.789697,61.99,201001
10,112.888061,24.789697,61.53,201001
10,112.900898,24.789697,62.06,201001
10,112.913735,24.789697,61.68,201001
10,112.926572,24.789697,63.84,201001
10,112.939409,24.789697,62.02,201001
10,112.952246,24.789697,64.1,201001
10,112.965083,24.789697,63.49,201001
10,112.97792,24.789697,63.59,201001
10,112.84955,24.798167,63.54,201001
10,112.862387,24.798167,63.87,201001
10,112.875224,24.798167,63.13,201001
10,112.888061,24.798167,62.76,201001
10,112.900898,24.798167,62.3,201001
10,112.913735,24.798167,63.2,201001
10,112.926572,24.798167,62.5,201001
10,112.939409,24.798167,62.97,201001
10,112.952246,24.798167,63.02,201001
10,112.965083,24.798167,63.27,201001
10,112.97792,24.798167,64.11,201001
10,112.875224,24.806637,63.94,201001
10,112.888061,24.806637,63.24,201001
10,112.900898,24.806637,63.04,201001
10,112.913735,24.806637,63.18,201001
10,112.926572,24.806637,62.95,201001
10,112.939409,24.806637,62.57,201001
10,112.952246,24.806637,62.54,201001
10,112.965083,24.806637,62.88,201001
10,112.97792,24.806637,64.44,201001
10,112.875224,24.815107,64.16,201001
10,112.888061,24.815107,63.46,201001
10,112.900898,24.815107,64.07,201001
10,112.913735,24.815107,62.75,201001
10,112.926572,24.815107,63.87,201001
10,112.939409,24.815107,63.74,201001
10,112.952246,24.815107,61.6,201001
10,112.965083,24.815107,63.7,201001
10,112.875224,24.823577,62.87,201001
10,112.888061,24.823577,64.99,201001
10,112.900898,24.823577,63.58,201001
10,112.913735,24.823577,65.18,201001
10,112.926572,24.823577,63.62,201001
10,112.939409,24.823577,66.27,201001
10,112.952246,24.823577,61.07,201001
10,112.965083,24.823577,64.97,201001
10,112.888061,24.832047,67.16,201001
10,112.900898,24.832047,67.98,201001
10,112.913735,24.832047,66.03,201001
10,112.888061,24.840517,67.45,201001
10,112.888061,24.848987,66.23,201001
11,112.952246,24.688057,71.69,201001
11,112.965083,24.688057,72.5,201001
11,112.97792,24.688057,73.5,201001
11,112.862387,24.696527,66.4,201001
11,112.888061,24.696527,68.36,201001
11,112.939409,24.696527,69.85,201001
11,112.952246,24.696527,70.94,201001
11,112.965083,24.696527,70.8,201001
11,112.97792,24.696527,71.54,201001
11,112.990757,24.696527,71.57,201001
11,113.003594,24.696527,73.34,201001
11,113.016431,24.696527,72.9,201001
11,112.84955,24.704997,65.61,201001
11,112.862387,24.704997,66.51,201001
11,112.875224,24.704997,67.21,201001
11,112.888061,24.704997,68.17,201001
11,112.900898,24.704997,67.93,201001
11,112.913735,24.704997,68.77,201001
11,112.926572,24.704997,68.95,201001
11,112.939409,24.704997,70.52,201001
11,112.952246,24.704997,72.28,201001
11,112.965083,24.704997,72.47,201001
11,112.97792,24.704997,72.52,201001
11,112.990757,24.704997,73.6,201001
11,113.003594,24.704997,74.79,201001
11,113.016431,24.704997,75.13,201001
11,112.84955,24.713467,65.48,201001
11,112.862387,24.713467,66.74,201001
11,112.875224,24.713467,67.17,201001
11,112.888061,24.713467,67.32,201001
11,112.900898,24.713467,67.09,201001
11,112.913735,24.713467,67.27,201001
11,112.926572,24.713467,70.2,201001
11,112.939409,24.713467,72.15,201001
11,112.952246,24.713467,72.91,201001
11,112.965083,24.713467,73.4,201001
11,112.97792,24.713467,71.77,201001
11,112.990757,24.713467,71.8,201001
11,113.003594,24.713467,73.03,201001
11,112.84955,24.721937,67.56,201001
11,112.862387,24.721937,68.59,201001
11,112.875224,24.721937,68.99,201001
11,112.888061,24.721937,68.87,201001
11,112.900898,24.721937,66.49,201001
11,112.913735,24.721937,67.53,201001
11,112.926572,24.721937,69.08,201001
11,112.939409,24.721937,70.3,201001
11,112.952246,24.721937,71.28,201001
11,112.965083,24.721937,72.68,201001
11,112.97792,24.721937,71.69,201001
11,112.990757,24.721937,71.72,201001
11,113.003594,24.721937,71.43,201001
11,112.862387,24.730407,70.53,201001
11,112.875224,24.730407,70.58,201001
11,112.888061,24.730407,69.87,201001
11,112.900898,24.730407,67.3,201001
11,112.913735,24.730407,68.76,201001
11,112.926572,24.730407,68.49,201001
11,112.939409,24.730407,69.54,201001
11,112.952246,24.730407,69.94,201001
11,112.965083,24.730407,70.84,201001
11,112.97792,24.730407,71.22,201001
11,112.990757,24.730407,68.74,201001
11,113.003594,24.730407,71.08,201001
11,112.84955,24.738877,70.68,201001
11,112.862387,24.738877,71.56,201001
11,112.875224,24.738877,68.04,201001
11,112.888061,24.738877,67.82,201001
11,112.900898,24.738877,65.89,201001
11,112.913735,24.738877,67.01,201001
11,112.926572,24.738877,68.89,201001
11,112.939409,24.738877,69.6,201001
11,112.952246,24.738877,68.78,201001
11,112.965083,24.738877,69.13,201001
11,112.97792,24.738877,69.69,201001
11,112.990757,24.738877,68.52,201001
11,113.003594,24.738877,69.2,201001
11,112.84955,24.747347,71.09,201001
11,112.862387,24.747347,71.8,201001
11,112.875224,24.747347,68.01,201001
11,112.888061,24.747347,67.06,201001
11,112.900898,24.747347,65.68,201001
11,112.913735,24.747347,66.75,201001
11,112.926572,24.747347,70.17,201001
11,112.939409,24.747347,69.47,201001
11,112.952246,24.747347,66.52,201001
11,112.965083,24.747347,68.05,201001
11,112.97792,24.747347,69.64,201001
11,112.84955,24.755817,70.73,201001
11,112.862387,24.755817,71.28,201001
11,112.875224,24.755817,68.48,201001
11,112.888061,24.755817,64.9,201001
11,112.900898,24.755817,66.07,201001
11,112.913735,24.755817,65.76,201001
11,112.926572,24.755817,69.25,201001
11,112.939409,24.755817,69.85,201001
11,112.952246,24.755817,67.45,201001
11,112.965083,24.755817,69.7,201001
11,112.97792,24.755817,70.2,201001
11,112.84955,24.764287,71.2,201001
11,112.862387,24.764287,69.37,201001
11,112.875224,24.764287,66.5,201001
11,112.888061,24.764287,64.28,201001
11,112.900898,24.764287,66.01,201001
11,112.913735,24.764287,65.19,201001
11,112.926572,24.764287,66.88,201001
11,112.939409,24.764287,70.09,201001
11,112.952246,24.764287,67.64,201001
11,112.965083,24.764287,69.88,201001
11,112.97792,24.764287,68.24,201001
11,112.836713,24.772757,64.26,201001
11,112.84955,24.772757,69.92,201001
11,112.862387,24.772757,68.23,201001
11,112.875224,24.772757,64.39,201001
11,112.888061,24.772757,64.05,201001
11,112.900898,24.772757,63.71,201001
11,112.913735,24.772757,65.06,201001
11,112.926572,24.772757,66.28,201001
11,112.939409,24.772757,67.01,201001
11,112.952246,24.772757,68.39,201001
11,112.965083,24.772757,68.39,201001
11,112.97792,24.772757,65.82,201001
11,112.836713,24.781227,64.69,201001
11,112.84955,24.781227,66.84,201001
11,112.862387,24.781227,65.13,201001
11,112.875224,24.781227,64.37,201001
11,112.888061,24.781227,65.38,201001
11,112.900898,24.781227,63.26,201001
11,112.913735,24.781227,65.28,201001
11,112.926572,24.781227,66.68,201001
11,112.939409,24.781227,63.16,201001
11,112.952246,24.781227,68.9,201001
11,112.965083,24.781227,68.0,201001
11,112.97792,24.781227,65.44,201001
11,112.84955,24.789697,67.74,201001
11,112.862387,24.789697,65.79,201001
11,112.875224,24.789697,65.75,201001
11,112.888061,24.789697,67.34,201001
11,112.900898,24.789697,64.94,201001
11,112.913735,24.789697,64.03,201001
11,112.926572,24.789697,66.57,201001
11,112.939409,24.789697,65.67,201001
11,112.952246,24.789697,67.92,201001
11,112.965083,24.789697,66.53,201001
11,112.97792,24.789697,66.5,201001
11,112.84955,24.798167,68.95,201001
11,112.862387,24.798167,68.47,201001
11,112.875224,24.798167,67.93,201001
11,112.888061,24.798167,67.39,201001
11,112.900898,24.798167,64.59,201001
11,112.913735,24.798167,65.88,201001
11,112.926572,24.798167,66.33,201001
11,112.939409,24.798167,68.0,201001
11,112.952246,24.798167,67.88,201001
11,112.965083,24.798167,67.31,201001
11,112.97792,24.798167,68.18,201001
11,112.875224,24.806637,68.44,201001
11,112.888061,24.806637,67.25,201001
11,112.900898,24.806637,66.16,201001
11,112.913735,24.806637,66.58,201001
11,112.926572,24.806637,67.31,201001
11,112.939409,24.806637,68.57,201001
11,112.952246,24.806637,68.36,201001
11,112.965083,24.806637,66.65,201001
11,112.97792,24.806637,68.69,201001
11,112.875224,24.815107,67.97,201001
11,112.888061,24.815107,66.36,201001
11,112.900898,24.815107,67.83,201001
11,112.913735,24.815107,66.82,201001
11,112.926572,24.815107,67.77,201001
11,112.939409,24.815107,68.83,201001
11,112.952246,24.815107,67.24,201001
11,112.965083,24.815107,66.68,201001
11,112.875224,24.823577,67.04,201001
11,112.888061,24.823577,66.93,201001
11,112.900898,24.823577,66.98,201001
11,112.913735,24.823577,68.9,201001
11,112.926572,24.823577,67.98,201001
11,112.939409,24.823577,69.49,201001
11,112.952246,24.823577,66.94,201001
11,112.965083,24.823577,69.27,201001
11,112.888061,24.832047,68.73,201001
11,112.900898,24.832047,69.63,201001
11,112.913735,24.832047,69.17,201001
11,112.888061,24.840517,69.32,201001
11,112.888061,24.848987,69.96,201001
