longitude,latitude,tmp,时间步长,年份,region_id
112.952246,24.688057,2.275,0,201101,1
112.965083,24.688057,2.7,0,201101,2
112.97792,24.688057,3.125,0,201101,3
112.862387,24.696527,3.3,0,201101,4
112.888061,24.696527,0.975,0,201101,5
112.939409,24.696527,1.5749999999999995,0,201101,6
112.952246,24.696527,2.025,0,201101,7
112.965083,24.696527,2.675,0,201101,8
112.97792,24.696527,3.125,0,201101,9
112.990757,24.696527,3.1750000000000003,0,201101,10
113.003594,24.696527,3.15,0,201101,11
113.016431,24.696527,3.125,0,201101,12
112.84955,24.704997,3.575,0,201101,13
112.862387,24.704997,3.375,0,201101,14
112.875224,24.704997,2.225,0,201101,15
112.888061,24.704997,1.325,0,201101,16
112.900898,24.704997,-0.1,0,201101,17
112.913735,24.704997,0.425,0,201101,18
112.926572,24.704997,1.1,0,201101,19
112.939409,24.704997,1.4499999999999995,0,201101,20
112.952246,24.704997,1.95,0,201101,21
112.965083,24.704997,2.475,0,201101,22
112.97792,24.704997,2.925,0,201101,23
112.990757,24.704997,3.05,0,201101,24
113.003594,24.704997,3.1500000000000004,0,201101,25
113.016431,24.704997,3.125,0,201101,26
112.84955,24.713467,3.2750000000000004,0,201101,27
112.862387,24.713467,2.65,0,201101,28
112.875224,24.713467,1.125,0,201101,29
112.888061,24.713467,0.575,0,201101,30
112.900898,24.713467,-0.05,0,201101,31
112.913735,24.713467,0.475,0,201101,32
112.926572,24.713467,1.0,0,201101,33
112.939409,24.713467,1.375,0,201101,34
112.952246,24.713467,1.875,0,201101,35
112.965083,24.713467,2.45,0,201101,36
112.97792,24.713467,2.75,0,201101,37
112.990757,24.713467,2.85,0,201101,38
113.003594,24.713467,2.975,0,201101,39
112.84955,24.721937,2.75,0,201101,40
112.862387,24.721937,2.125,0,201101,41
112.875224,24.721937,0.775,0,201101,42
112.888061,24.721937,0.15,0,201101,43
112.900898,24.721937,0.075,0,201101,44
112.913735,24.721937,0.55,0,201101,45
112.926572,24.721937,0.8,0,201101,46
112.939409,24.721937,1.05,0,201101,47
112.952246,24.721937,1.7000000000000002,0,201101,48
112.965083,24.721937,2.15,0,201101,49
112.97792,24.721937,2.6,0,201101,50
112.990757,24.721937,2.6750000000000003,0,201101,51
113.003594,24.721937,2.85,0,201101,52
112.862387,24.730407,2.15,0,201101,53
112.875224,24.730407,0.975,0,201101,54
112.888061,24.730407,0.625,0,201101,55
112.900898,24.730407,0.475,0,201101,56
112.913735,24.730407,0.925,0,201101,57
112.926572,24.730407,0.675,0,201101,58
112.939409,24.730407,1.125,0,201101,59
112.952246,24.730407,1.625,0,201101,60
112.965083,24.730407,2.1750000000000003,0,201101,61
112.97792,24.730407,2.45,0,201101,62
112.990757,24.730407,2.6750000000000003,0,201101,63
113.003594,24.730407,2.875,0,201101,64
112.84955,24.738877,3.05,0,201101,65
112.862387,24.738877,2.5,0,201101,66
112.875224,24.738877,1.6749999999999998,0,201101,67
112.888061,24.738877,1.475,0,201101,68
112.900898,24.738877,1.5750000000000002,0,201101,69
112.913735,24.738877,1.4,0,201101,70
112.926572,24.738877,0.8999999999999999,0,201101,71
112.939409,24.738877,0.95,0,201101,72
112.952246,24.738877,1.5500000000000005,0,201101,73
112.965083,24.738877,2.15,0,201101,74
112.97792,24.738877,2.575,0,201101,75
112.990757,24.738877,2.7750000000000004,0,201101,76
113.003594,24.738877,2.875,0,201101,77
112.84955,24.747347,3.475,0,201101,78
112.862387,24.747347,3.0,0,201101,79
112.875224,24.747347,2.625,0,201101,80
112.888061,24.747347,2.225,0,201101,81
112.900898,24.747347,1.975,0,201101,82
112.913735,24.747347,1.475,0,201101,83
112.926572,24.747347,1.05,0,201101,84
112.939409,24.747347,0.875,0,201101,85
112.952246,24.747347,1.4249999999999998,0,201101,86
112.965083,24.747347,2.1,0,201101,87
112.97792,24.747347,2.65,0,201101,88
112.84955,24.755817,4.075,0,201101,89
112.862387,24.755817,3.7,0,201101,90
112.875224,24.755817,3.2750000000000004,0,201101,91
112.888061,24.755817,2.625,0,201101,92
112.900898,24.755817,1.975,0,201101,93
112.913735,24.755817,1.375,0,201101,94
112.926572,24.755817,0.8250000000000001,0,201101,95
112.939409,24.755817,0.6250000000000001,0,201101,96
112.952246,24.755817,1.375,0,201101,97
112.965083,24.755817,1.875,0,201101,98
112.97792,24.755817,2.5,0,201101,99
112.84955,24.764287,4.3500000000000005,0,201101,100
112.862387,24.764287,3.925,0,201101,101
112.875224,24.764287,3.4,0,201101,102
112.888061,24.764287,2.925,0,201101,103
112.900898,24.764287,2.3,0,201101,104
112.913735,24.764287,1.7000000000000002,0,201101,105
112.926572,24.764287,0.975,0,201101,106
112.939409,24.764287,0.5,0,201101,107
112.952246,24.764287,0.95,0,201101,108
112.965083,24.764287,1.425,0,201101,109
112.97792,24.764287,2.2,0,201101,110
112.836713,24.772757,4.525,0,201101,111
112.84955,24.772757,4.199999999999999,0,201101,112
112.862387,24.772757,3.625,0,201101,113
112.875224,24.772757,3.075,0,201101,114
112.888061,24.772757,2.95,0,201101,115
112.900898,24.772757,2.525,0,201101,116
112.913735,24.772757,1.95,0,201101,117
112.926572,24.772757,1.375,0,201101,118
112.939409,24.772757,0.75,0,201101,119
112.952246,24.772757,0.75,0,201101,120
112.965083,24.772757,1.575,0,201101,121
112.97792,24.772757,2.075,0,201101,122
112.836713,24.781227,4.475,0,201101,123
112.84955,24.781227,4.0,0,201101,124
112.862387,24.781227,3.25,0,201101,125
112.875224,24.781227,2.4,0,201101,126
112.888061,24.781227,2.2750000000000004,0,201101,127
112.900898,24.781227,2.175,0,201101,128
112.913735,24.781227,1.7,0,201101,129
112.926572,24.781227,1.275,0,201101,130
112.939409,24.781227,0.775,0,201101,131
112.952246,24.781227,0.45,0,201101,132
112.965083,24.781227,1.225,0,201101,133
112.97792,24.781227,2.05,0,201101,134
112.84955,24.789697,3.725,0,201101,135
112.862387,24.789697,3.075,0,201101,136
112.875224,24.789697,2.45,0,201101,137
112.888061,24.789697,2.1,0,201101,138
112.900898,24.789697,1.9,0,201101,139
112.913735,24.789697,1.2999999999999998,0,201101,140
112.926572,24.789697,0.725,0,201101,141
112.939409,24.789697,0.35,0,201101,142
112.952246,24.789697,0.3,0,201101,143
112.965083,24.789697,0.975,0,201101,144
112.97792,24.789697,1.875,0,201101,145
112.84955,24.798167,3.5500000000000003,0,201101,146
112.862387,24.798167,3.15,0,201101,147
112.875224,24.798167,3.075,0,201101,148
112.888061,24.798167,2.5250000000000004,0,201101,149
112.900898,24.798167,1.95,0,201101,150
112.913735,24.798167,1.375,0,201101,151
112.926572,24.798167,0.8,0,201101,152
112.939409,24.798167,0.3,0,201101,153
112.952246,24.798167,0.025,0,201101,154
112.965083,24.798167,0.55,0,201101,155
112.97792,24.798167,1.1,0,201101,156
112.875224,24.806637,3.625,0,201101,157
112.888061,24.806637,3.125,0,201101,158
112.900898,24.806637,2.4,0,201101,159
112.913735,24.806637,1.6,0,201101,160
112.926572,24.806637,1.05,0,201101,161
112.939409,24.806637,0.55,0,201101,162
112.952246,24.806637,0.175,0,201101,163
112.965083,24.806637,0.375,0,201101,164
112.97792,24.806637,1.05,0,201101,165
112.875224,24.815107,3.725,0,201101,166
112.888061,24.815107,3.225,0,201101,167
112.900898,24.815107,2.4000000000000004,0,201101,168
112.913735,24.815107,1.5499999999999998,0,201101,169
112.926572,24.815107,0.9,0,201101,170
112.939409,24.815107,0.375,0,201101,171
112.952246,24.815107,0.175,0,201101,172
112.965083,24.815107,0.8,0,201101,173
112.875224,24.823577,3.475,0,201101,174
112.888061,24.823577,3.2,0,201101,175
112.900898,24.823577,2.225,0,201101,176
112.913735,24.823577,1.5000000000000002,0,201101,177
112.926572,24.823577,0.7000000000000001,0,201101,178
112.939409,24.823577,0.25,0,201101,179
112.952246,24.823577,0.175,0,201101,180
112.965083,24.823577,0.775,0,201101,181
112.888061,24.832047,3.225,0,201101,182
112.900898,24.832047,2.075,0,201101,183
112.913735,24.832047,1.7000000000000002,0,201101,184
112.888061,24.840517,3.325,0,201101,185
112.888061,24.848987,3.325,0,201101,186
112.952246,24.688057,6.925,1,201102,1
112.965083,24.688057,7.375,1,201102,2
112.97792,24.688057,7.85,1,201102,3
112.862387,24.696527,7.975,1,201102,4
112.888061,24.696527,5.550000000000001,1,201102,5
112.939409,24.696527,6.2,1,201102,6
112.952246,24.696527,6.65,1,201102,7
112.965083,24.696527,7.375,1,201102,8
112.97792,24.696527,7.85,1,201102,9
112.990757,24.696527,7.9,1,201102,10
113.003594,24.696527,7.85,1,201102,11
113.016431,24.696527,7.875000000000001,1,201102,12
112.84955,24.704997,8.225,1,201102,13
112.862387,24.704997,8.05,1,201102,14
112.875224,24.704997,6.85,1,201102,15
112.888061,24.704997,5.9,1,201102,16
112.900898,24.704997,4.5,1,201102,17
112.913735,24.704997,5.0,1,201102,18
112.926572,24.704997,5.699999999999999,1,201102,19
112.939409,24.704997,6.05,1,201102,20
112.952246,24.704997,6.6,1,201102,21
112.965083,24.704997,7.175,1,201102,22
112.97792,24.704997,7.65,1,201102,23
112.990757,24.704997,7.774999999999999,1,201102,24
113.003594,24.704997,7.85,1,201102,25
113.016431,24.704997,7.875,1,201102,26
112.84955,24.713467,7.9,1,201102,27
112.862387,24.713467,7.3,1,201102,28
112.875224,24.713467,5.725,1,201102,29
112.888061,24.713467,5.15,1,201102,30
112.900898,24.713467,4.5,1,201102,31
112.913735,24.713467,5.05,1,201102,32
112.926572,24.713467,5.6,1,201102,33
112.939409,24.713467,6.0,1,201102,34
112.952246,24.713467,6.55,1,201102,35
112.965083,24.713467,7.15,1,201102,36
112.97792,24.713467,7.475,1,201102,37
112.990757,24.713467,7.574999999999999,1,201102,38
113.003594,24.713467,7.7,1,201102,39
112.84955,24.721937,7.375,1,201102,40
112.862387,24.721937,6.75,1,201102,41
112.875224,24.721937,5.375,1,201102,42
112.888061,24.721937,4.725,1,201102,43
112.900898,24.721937,4.625,1,201102,44
112.913735,24.721937,5.15,1,201102,45
112.926572,24.721937,5.4,1,201102,46
112.939409,24.721937,5.675,1,201102,47
112.952246,24.721937,6.375000000000001,1,201102,48
112.965083,24.721937,6.8500000000000005,1,201102,49
112.97792,24.721937,7.35,1,201102,50
112.990757,24.721937,7.375000000000001,1,201102,51
113.003594,24.721937,7.6,1,201102,52
112.862387,24.730407,6.825,1,201102,53
112.875224,24.730407,5.6,1,201102,54
112.888061,24.730407,5.25,1,201102,55
112.900898,24.730407,5.1000000000000005,1,201102,56
112.913735,24.730407,5.575,1,201102,57
112.926572,24.730407,5.3,1,201102,58
112.939409,24.730407,5.75,1,201102,59
112.952246,24.730407,6.275,1,201102,60
112.965083,24.730407,6.9,1,201102,61
112.97792,24.730407,7.199999999999999,1,201102,62
112.990757,24.730407,7.399999999999999,1,201102,63
113.003594,24.730407,7.625,1,201102,64
112.84955,24.738877,7.75,1,201102,65
112.862387,24.738877,7.175,1,201102,66
112.875224,24.738877,6.35,1,201102,67
112.888061,24.738877,6.15,1,201102,68
112.900898,24.738877,6.250000000000001,1,201102,69
112.913735,24.738877,6.074999999999999,1,201102,70
112.926572,24.738877,5.55,1,201102,71
112.939409,24.738877,5.55,1,201102,72
112.952246,24.738877,6.199999999999999,1,201102,73
112.965083,24.738877,6.8500000000000005,1,201102,74
112.97792,24.738877,7.3,1,201102,75
112.990757,24.738877,7.525,1,201102,76
113.003594,24.738877,7.625,1,201102,77
112.84955,24.747347,8.175,1,201102,78
112.862387,24.747347,7.7,1,201102,79
112.875224,24.747347,7.35,1,201102,80
112.888061,24.747347,6.95,1,201102,81
112.900898,24.747347,6.675,1,201102,82
112.913735,24.747347,6.15,1,201102,83
112.926572,24.747347,5.725,1,201102,84
112.939409,24.747347,5.5,1,201102,85
112.952246,24.747347,6.075,1,201102,86
112.965083,24.747347,6.775,1,201102,87
112.97792,24.747347,7.35,1,201102,88
112.84955,24.755817,8.774999999999999,1,201102,89
112.862387,24.755817,8.45,1,201102,90
112.875224,24.755817,8.0,1,201102,91
112.888061,24.755817,7.374999999999999,1,201102,92
112.900898,24.755817,6.7,1,201102,93
112.913735,24.755817,6.05,1,201102,94
112.926572,24.755817,5.500000000000001,1,201102,95
112.939409,24.755817,5.2250000000000005,1,201102,96
112.952246,24.755817,6.025,1,201102,97
112.965083,24.755817,6.574999999999999,1,201102,98
112.97792,24.755817,7.2,1,201102,99
112.84955,24.764287,9.075,1,201102,100
112.862387,24.764287,8.7,1,201102,101
112.875224,24.764287,8.175,1,201102,102
112.888061,24.764287,7.725,1,201102,103
112.900898,24.764287,7.050000000000001,1,201102,104
112.913735,24.764287,6.375,1,201102,105
112.926572,24.764287,5.675000000000001,1,201102,106
112.939409,24.764287,5.1000000000000005,1,201102,107
112.952246,24.764287,5.574999999999999,1,201102,108
112.965083,24.764287,6.075,1,201102,109
112.97792,24.764287,6.9,1,201102,110
112.836713,24.772757,9.3,1,201102,111
112.84955,24.772757,8.925,1,201102,112
112.862387,24.772757,8.374999999999998,1,201102,113
112.875224,24.772757,7.824999999999999,1,201102,114
112.888061,24.772757,7.75,1,201102,115
112.900898,24.772757,7.35,1,201102,116
112.913735,24.772757,6.674999999999999,1,201102,117
112.926572,24.772757,6.1,1,201102,118
112.939409,24.772757,5.375,1,201102,119
112.952246,24.772757,5.35,1,201102,120
112.965083,24.772757,6.175,1,201102,121
112.97792,24.772757,6.75,1,201102,122
112.836713,24.781227,9.25,1,201102,123
112.84955,24.781227,8.725000000000001,1,201102,124
112.862387,24.781227,8.0,1,201102,125
112.875224,24.781227,7.199999999999999,1,201102,126
112.888061,24.781227,7.125,1,201102,127
112.900898,24.781227,7.0,1,201102,128
112.913735,24.781227,6.449999999999999,1,201102,129
112.926572,24.781227,5.999999999999999,1,201102,130
112.939409,24.781227,5.4,1,201102,131
112.952246,24.781227,5.074999999999999,1,201102,132
112.965083,24.781227,5.85,1,201102,133
112.97792,24.781227,6.75,1,201102,134
112.84955,24.789697,8.45,1,201102,135
112.862387,24.789697,7.825,1,201102,136
112.875224,24.789697,7.25,1,201102,137
112.888061,24.789697,6.95,1,201102,138
112.900898,24.789697,6.75,1,201102,139
112.913735,24.789697,6.1,1,201102,140
112.926572,24.789697,5.475,1,201102,141
112.939409,24.789697,5.05,1,201102,142
112.952246,24.789697,5.0,1,201102,143
112.965083,24.789697,5.675000000000001,1,201102,144
112.97792,24.789697,6.575,1,201102,145
112.84955,24.798167,8.3,1,201102,146
112.862387,24.798167,7.925000000000001,1,201102,147
112.875224,24.798167,7.875,1,201102,148
112.888061,24.798167,7.375,1,201102,149
112.900898,24.798167,6.825,1,201102,150
112.913735,24.798167,6.25,1,201102,151
112.926572,24.798167,5.574999999999999,1,201102,152
112.939409,24.798167,5.05,1,201102,153
112.952246,24.798167,4.775,1,201102,154
112.965083,24.798167,5.25,1,201102,155
112.97792,24.798167,5.85,1,201102,156
112.875224,24.806637,8.45,1,201102,157
112.888061,24.806637,8.0,1,201102,158
112.900898,24.806637,7.3,1,201102,159
112.913735,24.806637,6.5,1,201102,160
112.926572,24.806637,5.8500000000000005,1,201102,161
112.939409,24.806637,5.35,1,201102,162
112.952246,24.806637,4.9,1,201102,163
112.965083,24.806637,5.125,1,201102,164
112.97792,24.806637,5.825,1,201102,165
112.875224,24.815107,8.55,1,201102,166
112.888061,24.815107,8.075,1,201102,167
112.900898,24.815107,7.3,1,201102,168
112.913735,24.815107,6.425,1,201102,169
112.926572,24.815107,5.7,1,201102,170
112.939409,24.815107,5.15,1,201102,171
112.952246,24.815107,4.875,1,201102,172
112.965083,24.815107,5.550000000000001,1,201102,173
112.875224,24.823577,8.299999999999999,1,201102,174
112.888061,24.823577,8.025,1,201102,175
112.900898,24.823577,7.074999999999999,1,201102,176
112.913735,24.823577,6.324999999999999,1,201102,177
112.926572,24.823577,5.5,1,201102,178
112.939409,24.823577,5.0,1,201102,179
112.952246,24.823577,4.875,1,201102,180
112.965083,24.823577,5.525,1,201102,181
112.888061,24.832047,8.075,1,201102,182
112.900898,24.832047,6.925000000000001,1,201102,183
112.913735,24.832047,6.525,1,201102,184
112.888061,24.840517,8.2,1,201102,185
112.888061,24.848987,8.2,1,201102,186
112.952246,24.688057,8.575,2,201103,1
112.965083,24.688057,9.05,2,201103,2
112.97792,24.688057,9.525,2,201103,3
112.862387,24.696527,9.875,2,201103,4
112.888061,24.696527,7.225,2,201103,5
112.939409,24.696527,7.800000000000001,2,201103,6
112.952246,24.696527,8.274999999999999,2,201103,7
112.965083,24.696527,9.05,2,201103,8
112.97792,24.696527,9.525,2,201103,9
112.990757,24.696527,9.65,2,201103,10
113.003594,24.696527,9.65,2,201103,11
113.016431,24.696527,9.675,2,201103,12
112.84955,24.704997,10.25,2,201103,13
112.862387,24.704997,10.0,2,201103,14
112.875224,24.704997,8.625,2,201103,15
112.888061,24.704997,7.6,2,201103,16
112.900898,24.704997,6.1,2,201103,17
112.913735,24.704997,6.6,2,201103,18
112.926572,24.704997,7.324999999999999,2,201103,19
112.939409,24.704997,7.675,2,201103,20
112.952246,24.704997,8.25,2,201103,21
112.965083,24.704997,8.875,2,201103,22
112.97792,24.704997,9.325,2,201103,23
112.990757,24.704997,9.525,2,201103,24
113.003594,24.704997,9.65,2,201103,25
113.016431,24.704997,9.675,2,201103,26
112.84955,24.713467,9.925,2,201103,27
112.862387,24.713467,9.2,2,201103,28
112.875224,24.713467,7.425,2,201103,29
112.888061,24.713467,6.775,2,201103,30
112.900898,24.713467,6.125,2,201103,31
112.913735,24.713467,6.7,2,201103,32
112.926572,24.713467,7.275,2,201103,33
112.939409,24.713467,7.65,2,201103,34
112.952246,24.713467,8.175,2,201103,35
112.965083,24.713467,8.8,2,201103,36
112.97792,24.713467,9.175,2,201103,37
112.990757,24.713467,9.325,2,201103,38
113.003594,24.713467,9.475,2,201103,39
112.84955,24.721937,9.325,2,201103,40
112.862387,24.721937,8.6,2,201103,41
112.875224,24.721937,7.050000000000001,2,201103,42
112.888061,24.721937,6.3500000000000005,2,201103,43
112.900898,24.721937,6.25,2,201103,44
112.913735,24.721937,6.775,2,201103,45
112.926572,24.721937,7.050000000000001,2,201103,46
112.939409,24.721937,7.325000000000001,2,201103,47
112.952246,24.721937,8.0,2,201103,48
112.965083,24.721937,8.525,2,201103,49
112.97792,24.721937,9.075,2,201103,50
112.990757,24.721937,9.15,2,201103,51
113.003594,24.721937,9.375,2,201103,52
112.862387,24.730407,8.625,2,201103,53
112.875224,24.730407,7.275,2,201103,54
112.888061,24.730407,6.9,2,201103,55
112.900898,24.730407,6.7,2,201103,56
112.913735,24.730407,7.199999999999999,2,201103,57
112.926572,24.730407,6.9,2,201103,58
112.939409,24.730407,7.424999999999999,2,201103,59
112.952246,24.730407,7.950000000000001,2,201103,60
112.965083,24.730407,8.600000000000001,2,201103,61
112.97792,24.730407,8.95,2,201103,62
112.990757,24.730407,9.15,2,201103,63
113.003594,24.730407,9.425,2,201103,64
112.84955,24.738877,9.725,2,201103,65
112.862387,24.738877,9.0,2,201103,66
112.875224,24.738877,8.05,2,201103,67
112.888061,24.738877,7.825,2,201103,68
112.900898,24.738877,7.925,2,201103,69
112.913735,24.738877,7.7,2,201103,70
112.926572,24.738877,7.175000000000001,2,201103,71
112.939409,24.738877,7.25,2,201103,72
112.952246,24.738877,7.9,2,201103,73
112.965083,24.738877,8.55,2,201103,74
112.97792,24.738877,9.05,2,201103,75
112.990757,24.738877,9.3,2,201103,76
113.003594,24.738877,9.425,2,201103,77
112.84955,24.747347,10.2,2,201103,78
112.862387,24.747347,9.6,2,201103,79
112.875224,24.747347,9.15,2,201103,80
112.888061,24.747347,8.675,2,201103,81
112.900898,24.747347,8.35,2,201103,82
112.913735,24.747347,7.75,2,201103,83
112.926572,24.747347,7.35,2,201103,84
112.939409,24.747347,7.175000000000001,2,201103,85
112.952246,24.747347,7.775,2,201103,86
112.965083,24.747347,8.475,2,201103,87
112.97792,24.747347,9.075,2,201103,88
112.84955,24.755817,10.85,2,201103,89
112.862387,24.755817,10.4,2,201103,90
112.875224,24.755817,9.875,2,201103,91
112.888061,24.755817,9.1,2,201103,92
112.900898,24.755817,8.375,2,201103,93
112.913735,24.755817,7.65,2,201103,94
112.926572,24.755817,7.125,2,201103,95
112.939409,24.755817,6.9,2,201103,96
112.952246,24.755817,7.725,2,201103,97
112.965083,24.755817,8.275,2,201103,98
112.97792,24.755817,8.9,2,201103,99
112.84955,24.764287,11.175,2,201103,100
112.862387,24.764287,10.7,2,201103,101
112.875224,24.764287,10.075,2,201103,102
112.888061,24.764287,9.475,2,201103,103
112.900898,24.764287,8.725000000000001,2,201103,104
112.913735,24.764287,8.0,2,201103,105
112.926572,24.764287,7.3,2,201103,106
112.939409,24.764287,6.750000000000001,2,201103,107
112.952246,24.764287,7.250000000000001,2,201103,108
112.965083,24.764287,7.774999999999999,2,201103,109
112.97792,24.764287,8.599999999999998,2,201103,110
112.836713,24.772757,11.45,2,201103,111
112.84955,24.772757,11.075,2,201103,112
112.862387,24.772757,10.45,2,201103,113
112.875224,24.772757,9.75,2,201103,114
112.888061,24.772757,9.525,2,201103,115
112.900898,24.772757,9.05,2,201103,116
112.913735,24.772757,8.35,2,201103,117
112.926572,24.772757,7.75,2,201103,118
112.939409,24.772757,7.025,2,201103,119
112.952246,24.772757,7.025,2,201103,120
112.965083,24.772757,7.9,2,201103,121
112.97792,24.772757,8.5,2,201103,122
112.836713,24.781227,11.45,2,201103,123
112.84955,24.781227,10.85,2,201103,124
112.862387,24.781227,10.05,2,201103,125
112.875224,24.781227,9.075,2,201103,126
112.888061,24.781227,8.875,2,201103,127
112.900898,24.781227,8.7,2,201103,128
112.913735,24.781227,8.125,2,201103,129
112.926572,24.781227,7.625,2,201103,130
112.939409,24.781227,7.050000000000001,2,201103,131
112.952246,24.781227,6.75,2,201103,132
112.965083,24.781227,7.550000000000001,2,201103,133
112.97792,24.781227,8.525,2,201103,134
112.84955,24.789697,10.575,2,201103,135
112.862387,24.789697,9.9,2,201103,136
112.875224,24.789697,9.15,2,201103,137
112.888061,24.789697,8.7,2,201103,138
112.900898,24.789697,8.45,2,201103,139
112.913735,24.789697,7.75,2,201103,140
112.926572,24.789697,7.1000000000000005,2,201103,141
112.939409,24.789697,6.7,2,201103,142
112.952246,24.789697,6.65,2,201103,143
112.965083,24.789697,7.375,2,201103,144
112.97792,24.789697,8.325,2,201103,145
112.84955,24.798167,10.4,2,201103,146
112.862387,24.798167,10.0,2,201103,147
112.875224,24.798167,9.85,2,201103,148
112.888061,24.798167,9.2,2,201103,149
112.900898,24.798167,8.524999999999999,2,201103,150
112.913735,24.798167,7.875,2,201103,151
112.926572,24.798167,7.2,2,201103,152
112.939409,24.798167,6.699999999999999,2,201103,153
112.952246,24.798167,6.45,2,201103,154
112.965083,24.798167,6.949999999999999,2,201103,155
112.97792,24.798167,7.550000000000001,2,201103,156
112.875224,24.806637,10.45,2,201103,157
112.888061,24.806637,9.875,2,201103,158
112.900898,24.806637,9.05,2,201103,159
112.913735,24.806637,8.175,2,201103,160
112.926572,24.806637,7.525,2,201103,161
112.939409,24.806637,7.025,2,201103,162
112.952246,24.806637,6.6000000000000005,2,201103,163
112.965083,24.806637,6.825,2,201103,164
112.97792,24.806637,7.525,2,201103,165
112.875224,24.815107,10.55,2,201103,166
112.888061,24.815107,10.0,2,201103,167
112.900898,24.815107,9.075,2,201103,168
112.913735,24.815107,8.125,2,201103,169
112.926572,24.815107,7.35,2,201103,170
112.939409,24.815107,6.825,2,201103,171
112.952246,24.815107,6.574999999999999,2,201103,172
112.965083,24.815107,7.25,2,201103,173
112.875224,24.823577,10.25,2,201103,174
112.888061,24.823577,9.95,2,201103,175
112.900898,24.823577,8.875,2,201103,176
112.913735,24.823577,8.075,2,201103,177
112.926572,24.823577,7.125,2,201103,178
112.939409,24.823577,6.675,2,201103,179
112.952246,24.823577,6.575,2,201103,180
112.965083,24.823577,7.225,2,201103,181
112.888061,24.832047,9.975,2,201103,182
112.900898,24.832047,8.725000000000001,2,201103,183
112.913735,24.832047,8.3,2,201103,184
112.888061,24.840517,10.1,2,201103,185
112.888061,24.848987,10.1,2,201103,186
112.952246,24.688057,15.8,3,201104,1
112.965083,24.688057,16.299999999999997,3,201104,2
112.97792,24.688057,16.825,3,201104,3
112.862387,24.696527,16.975,3,201104,4
112.888061,24.696527,14.2,3,201104,5
112.939409,24.696527,15.0,3,201104,6
112.952246,24.696527,15.5,3,201104,7
112.965083,24.696527,16.275,3,201104,8
112.97792,24.696527,16.825,3,201104,9
112.990757,24.696527,16.925,3,201104,10
113.003594,24.696527,16.925,3,201104,11
113.016431,24.696527,16.975,3,201104,12
112.84955,24.704997,17.325000000000003,3,201104,13
112.862387,24.704997,17.075000000000003,3,201104,14
112.875224,24.704997,15.675,3,201104,15
112.888061,24.704997,14.6,3,201104,16
112.900898,24.704997,13.0,3,201104,17
112.913735,24.704997,13.6,3,201104,18
112.926572,24.704997,14.425,3,201104,19
112.939409,24.704997,14.825,3,201104,20
112.952246,24.704997,15.45,3,201104,21
112.965083,24.704997,16.075,3,201104,22
112.97792,24.704997,16.599999999999998,3,201104,23
112.990757,24.704997,16.775000000000002,3,201104,24
113.003594,24.704997,16.924999999999997,3,201104,25
113.016431,24.704997,16.975,3,201104,26
112.84955,24.713467,16.975,3,201104,27
112.862387,24.713467,16.225,3,201104,28
112.875224,24.713467,14.375,3,201104,29
112.888061,24.713467,13.725,3,201104,30
112.900898,24.713467,13.075,3,201104,31
112.913735,24.713467,13.7,3,201104,32
112.926572,24.713467,14.325,3,201104,33
112.939409,24.713467,14.8,3,201104,34
112.952246,24.713467,15.375,3,201104,35
112.965083,24.713467,16.025,3,201104,36
112.97792,24.713467,16.425000000000004,3,201104,37
112.990757,24.713467,16.575000000000003,3,201104,38
113.003594,24.713467,16.724999999999998,3,201104,39
112.84955,24.721937,16.35,3,201104,40
112.862387,24.721937,15.6,3,201104,41
112.875224,24.721937,13.974999999999998,3,201104,42
112.888061,24.721937,13.275,3,201104,43
112.900898,24.721937,13.25,3,201104,44
112.913735,24.721937,13.8,3,201104,45
112.926572,24.721937,14.1,3,201104,46
112.939409,24.721937,14.425,3,201104,47
112.952246,24.721937,15.15,3,201104,48
112.965083,24.721937,15.725,3,201104,49
112.97792,24.721937,16.3,3,201104,50
112.990757,24.721937,16.375,3,201104,51
113.003594,24.721937,16.625,3,201104,52
112.862387,24.730407,15.65,3,201104,53
112.875224,24.730407,14.25,3,201104,54
112.888061,24.730407,13.9,3,201104,55
112.900898,24.730407,13.75,3,201104,56
112.913735,24.730407,14.275000000000002,3,201104,57
112.926572,24.730407,13.975,3,201104,58
112.939409,24.730407,14.525,3,201104,59
112.952246,24.730407,15.075,3,201104,60
112.965083,24.730407,15.8,3,201104,61
112.97792,24.730407,16.15,3,201104,62
112.990757,24.730407,16.425,3,201104,63
113.003594,24.730407,16.699999999999996,3,201104,64
112.84955,24.738877,16.8,3,201104,65
112.862387,24.738877,16.125,3,201104,66
112.875224,24.738877,15.125,3,201104,67
112.888061,24.738877,14.925,3,201104,68
112.900898,24.738877,15.075,3,201104,69
112.913735,24.738877,14.825,3,201104,70
112.926572,24.738877,14.25,3,201104,71
112.939409,24.738877,14.3,3,201104,72
112.952246,24.738877,15.025,3,201104,73
112.965083,24.738877,15.750000000000002,3,201104,74
112.97792,24.738877,16.300000000000004,3,201104,75
112.990757,24.738877,16.6,3,201104,76
113.003594,24.738877,16.725,3,201104,77
112.84955,24.747347,17.325000000000003,3,201104,78
112.862387,24.747347,16.775,3,201104,79
112.875224,24.747347,16.299999999999997,3,201104,80
112.888061,24.747347,15.825,3,201104,81
112.900898,24.747347,15.525,3,201104,82
112.913735,24.747347,14.9,3,201104,83
112.926572,24.747347,14.425,3,201104,84
112.939409,24.747347,14.2,3,201104,85
112.952246,24.747347,14.9,3,201104,86
112.965083,24.747347,15.7,3,201104,87
112.97792,24.747347,16.375,3,201104,88
112.84955,24.755817,18.025,3,201104,89
112.862387,24.755817,17.625,3,201104,90
112.875224,24.755817,17.075,3,201104,91
112.888061,24.755817,16.275,3,201104,92
112.900898,24.755817,15.525,3,201104,93
112.913735,24.755817,14.775,3,201104,94
112.926572,24.755817,14.15,3,201104,95
112.939409,24.755817,13.9,3,201104,96
112.952246,24.755817,14.825,3,201104,97
112.965083,24.755817,15.45,3,201104,98
112.97792,24.755817,16.175,3,201104,99
112.84955,24.764287,18.4,3,201104,100
112.862387,24.764287,17.95,3,201104,101
112.875224,24.764287,17.3,3,201104,102
112.888061,24.764287,16.675,3,201104,103
112.900898,24.764287,15.9,3,201104,104
112.913735,24.764287,15.15,3,201104,105
112.926572,24.764287,14.325,3,201104,106
112.939409,24.764287,13.75,3,201104,107
112.952246,24.764287,14.275,3,201104,108
112.965083,24.764287,14.925,3,201104,109
112.97792,24.764287,15.85,3,201104,110
112.836713,24.772757,18.7,3,201104,111
112.84955,24.772757,18.25,3,201104,112
112.862387,24.772757,17.6,3,201104,113
112.875224,24.772757,16.900000000000002,3,201104,114
112.888061,24.772757,16.725,3,201104,115
112.900898,24.772757,16.25,3,201104,116
112.913735,24.772757,15.5,3,201104,117
112.926572,24.772757,14.85,3,201104,118
112.939409,24.772757,14.1,3,201104,119
112.952246,24.772757,14.05,3,201104,120
112.965083,24.772757,15.075,3,201104,121
112.97792,24.772757,15.75,3,201104,122
112.836713,24.781227,18.725,3,201104,123
112.84955,24.781227,18.075,3,201104,124
112.862387,24.781227,17.2,3,201104,125
112.875224,24.781227,16.150000000000002,3,201104,126
112.888061,24.781227,15.975,3,201104,127
112.900898,24.781227,15.85,3,201104,128
112.913735,24.781227,15.25,3,201104,129
112.926572,24.781227,14.75,3,201104,130
112.939409,24.781227,14.125,3,201104,131
112.952246,24.781227,13.75,3,201104,132
112.965083,24.781227,14.675,3,201104,133
112.97792,24.781227,15.775,3,201104,134
112.84955,24.789697,17.8,3,201104,135
112.862387,24.789697,17.025,3,201104,136
112.875224,24.789697,16.25,3,201104,137
112.888061,24.789697,15.825,3,201104,138
112.900898,24.789697,15.6,3,201104,139
112.913735,24.789697,14.874999999999998,3,201104,140
112.926572,24.789697,14.2,3,201104,141
112.939409,24.789697,13.75,3,201104,142
112.952246,24.789697,13.7,3,201104,143
112.965083,24.789697,14.575,3,201104,144
112.97792,24.789697,15.575,3,201104,145
112.84955,24.798167,17.625,3,201104,146
112.862387,24.798167,17.15,3,201104,147
112.875224,24.798167,17.075,3,201104,148
112.888061,24.798167,16.4,3,201104,149
112.900898,24.798167,15.724999999999998,3,201104,150
112.913735,24.798167,15.05,3,201104,151
112.926572,24.798167,14.35,3,201104,152
112.939409,24.798167,13.775,3,201104,153
112.952246,24.798167,13.55,3,201104,154
112.965083,24.798167,14.1,3,201104,155
112.97792,24.798167,14.75,3,201104,156
112.875224,24.806637,17.8,3,201104,157
112.888061,24.806637,17.2,3,201104,158
112.900898,24.806637,16.325,3,201104,159
112.913735,24.806637,15.375,3,201104,160
112.926572,24.806637,14.7,3,201104,161
112.939409,24.806637,14.15,3,201104,162
112.952246,24.806637,13.7,3,201104,163
112.965083,24.806637,13.95,3,201104,164
112.97792,24.806637,14.725,3,201104,165
112.875224,24.815107,17.950000000000003,3,201104,166
112.888061,24.815107,17.375,3,201104,167
112.900898,24.815107,16.375,3,201104,168
112.913735,24.815107,15.325,3,201104,169
112.926572,24.815107,14.500000000000002,3,201104,170
112.939409,24.815107,13.925,3,201104,171
112.952246,24.815107,13.7,3,201104,172
112.965083,24.815107,14.425,3,201104,173
112.875224,24.823577,17.650000000000002,3,201104,174
112.888061,24.823577,17.325,3,201104,175
112.900898,24.823577,16.15,3,201104,176
112.913735,24.823577,15.249999999999998,3,201104,177
112.926572,24.823577,14.275,3,201104,178
112.939409,24.823577,13.8,3,201104,179
112.952246,24.823577,13.7,3,201104,180
112.965083,24.823577,14.425,3,201104,181
112.888061,24.832047,17.35,3,201104,182
112.900898,24.832047,15.975,3,201104,183
112.913735,24.832047,15.5,3,201104,184
112.888061,24.840517,17.474999999999998,3,201104,185
112.888061,24.848987,17.474999999999998,3,201104,186
112.952246,24.688057,19.1,4,201105,1
112.965083,24.688057,19.700000000000003,4,201105,2
112.97792,24.688057,20.3,4,201105,3
112.862387,24.696527,20.5,4,201105,4
112.888061,24.696527,17.35,4,201105,5
112.939409,24.696527,18.2,4,201105,6
112.952246,24.696527,18.75,4,201105,7
112.965083,24.696527,19.700000000000003,4,201105,8
112.97792,24.696527,20.3,4,201105,9
112.990757,24.696527,20.5,4,201105,10
113.003594,24.696527,20.5,4,201105,11
113.016431,24.696527,20.5,4,201105,12
112.84955,24.704997,20.95,4,201105,13
112.862387,24.704997,20.65,4,201105,14
112.875224,24.704997,19.0,4,201105,15
112.888061,24.704997,17.775,4,201105,16
112.900898,24.704997,16.1,4,201105,17
112.913735,24.704997,16.700000000000003,4,201105,18
112.926572,24.704997,17.625,4,201105,19
112.939409,24.704997,18.025,4,201105,20
112.952246,24.704997,18.700000000000003,4,201105,21
112.965083,24.704997,19.5,4,201105,22
112.97792,24.704997,20.1,4,201105,23
112.990757,24.704997,20.35,4,201105,24
113.003594,24.704997,20.5,4,201105,25
113.016431,24.704997,20.5,4,201105,26
112.84955,24.713467,20.55,4,201105,27
112.862387,24.713467,19.75,4,201105,28
112.875224,24.713467,17.75,4,201105,29
112.888061,24.713467,16.924999999999997,4,201105,30
112.900898,24.713467,16.175,4,201105,31
112.913735,24.713467,16.8,4,201105,32
112.926572,24.713467,17.5,4,201105,33
112.939409,24.713467,17.975,4,201105,34
112.952246,24.713467,18.625,4,201105,35
112.965083,24.713467,19.425,4,201105,36
112.97792,24.713467,19.925000000000004,4,201105,37
112.990757,24.713467,20.15,4,201105,38
113.003594,24.713467,20.3,4,201105,39
112.84955,24.721937,19.875,4,201105,40
112.862387,24.721937,19.075,4,201105,41
112.875224,24.721937,17.325000000000003,4,201105,42
112.888061,24.721937,16.5,4,201105,43
112.900898,24.721937,16.35,4,201105,44
112.913735,24.721937,16.925,4,201105,45
112.926572,24.721937,17.225,4,201105,46
112.939409,24.721937,17.6,4,201105,47
112.952246,24.721937,18.425,4,201105,48
112.965083,24.721937,19.075,4,201105,49
112.97792,24.721937,19.775,4,201105,50
112.990757,24.721937,19.925,4,201105,51
113.003594,24.721937,20.2,4,201105,52
112.862387,24.730407,19.1,4,201105,53
112.875224,24.730407,17.6,4,201105,54
112.888061,24.730407,17.15,4,201105,55
112.900898,24.730407,16.949999999999996,4,201105,56
112.913735,24.730407,17.5,4,201105,57
112.926572,24.730407,17.075000000000003,4,201105,58
112.939409,24.730407,17.7,4,201105,59
112.952246,24.730407,18.375,4,201105,60
112.965083,24.730407,19.15,4,201105,61
112.97792,24.730407,19.6,4,201105,62
112.990757,24.730407,19.925,4,201105,63
113.003594,24.730407,20.25,4,201105,64
112.84955,24.738877,20.35,4,201105,65
112.862387,24.738877,19.575,4,201105,66
112.875224,24.738877,18.5,4,201105,67
112.888061,24.738877,18.25,4,201105,68
112.900898,24.738877,18.375,4,201105,69
112.913735,24.738877,18.1,4,201105,70
112.926572,24.738877,17.425,4,201105,71
112.939409,24.738877,17.5,4,201105,72
112.952246,24.738877,18.3,4,201105,73
112.965083,24.738877,19.1,4,201105,74
112.97792,24.738877,19.75,4,201105,75
112.990757,24.738877,20.1,4,201105,76
113.003594,24.738877,20.25,4,201105,77
112.84955,24.747347,20.950000000000003,4,201105,78
112.862387,24.747347,20.3,4,201105,79
112.875224,24.747347,19.775,4,201105,80
112.888061,24.747347,19.225,4,201105,81
112.900898,24.747347,18.875,4,201105,82
112.913735,24.747347,18.2,4,201105,83
112.926572,24.747347,17.7,4,201105,84
112.939409,24.747347,17.425,4,201105,85
112.952246,24.747347,18.15,4,201105,86
112.965083,24.747347,19.05,4,201105,87
112.97792,24.747347,19.825,4,201105,88
112.84955,24.755817,21.775,4,201105,89
112.862387,24.755817,21.275,4,201105,90
112.875224,24.755817,20.65,4,201105,91
112.888061,24.755817,19.75,4,201105,92
112.900898,24.755817,18.875,4,201105,93
112.913735,24.755817,18.075,4,201105,94
112.926572,24.755817,17.35,4,201105,95
112.939409,24.755817,17.05,4,201105,96
112.952246,24.755817,18.05,4,201105,97
112.965083,24.755817,18.775,4,201105,98
112.97792,24.755817,19.6,4,201105,99
112.84955,24.764287,22.175,4,201105,100
112.862387,24.764287,21.625,4,201105,101
112.875224,24.764287,20.875,4,201105,102
112.888061,24.764287,20.175,4,201105,103
112.900898,24.764287,19.25,4,201105,104
112.913735,24.764287,18.425,4,201105,105
112.926572,24.764287,17.525000000000002,4,201105,106
112.939409,24.764287,16.9,4,201105,107
112.952246,24.764287,17.45,4,201105,108
112.965083,24.764287,18.175,4,201105,109
112.97792,24.764287,19.200000000000003,4,201105,110
112.836713,24.772757,22.475,4,201105,111
112.84955,24.772757,21.975,4,201105,112
112.862387,24.772757,21.200000000000003,4,201105,113
112.875224,24.772757,20.375,4,201105,114
112.888061,24.772757,20.175,4,201105,115
112.900898,24.772757,19.625,4,201105,116
112.913735,24.772757,18.800000000000004,4,201105,117
112.926572,24.772757,18.025,4,201105,118
112.939409,24.772757,17.2,4,201105,119
112.952246,24.772757,17.200000000000003,4,201105,120
112.965083,24.772757,18.3,4,201105,121
112.97792,24.772757,19.05,4,201105,122
112.836713,24.781227,22.4,4,201105,123
112.84955,24.781227,21.7,4,201105,124
112.862387,24.781227,20.725,4,201105,125
112.875224,24.781227,19.55,4,201105,126
112.888061,24.781227,19.375,4,201105,127
112.900898,24.781227,19.2,4,201105,128
112.913735,24.781227,18.5,4,201105,129
112.926572,24.781227,17.925,4,201105,130
112.939409,24.781227,17.25,4,201105,131
112.952246,24.781227,16.9,4,201105,132
112.965083,24.781227,17.875,4,201105,133
112.97792,24.781227,19.025,4,201105,134
112.84955,24.789697,21.325,4,201105,135
112.862387,24.789697,20.5,4,201105,136
112.875224,24.789697,19.65,4,201105,137
112.888061,24.789697,19.175,4,201105,138
112.900898,24.789697,18.9,4,201105,139
112.913735,24.789697,18.075000000000003,4,201105,140
112.926572,24.789697,17.325000000000003,4,201105,141
112.939409,24.789697,16.825,4,201105,142
112.952246,24.789697,16.775,4,201105,143
112.965083,24.789697,17.6,4,201105,144
112.97792,24.789697,18.75,4,201105,145
112.84955,24.798167,21.125,4,201105,146
112.862387,24.798167,20.65,4,201105,147
112.875224,24.798167,20.475,4,201105,148
112.888061,24.798167,19.725,4,201105,149
112.900898,24.798167,18.975,4,201105,150
112.913735,24.798167,18.225,4,201105,151
112.926572,24.798167,17.425,4,201105,152
112.939409,24.798167,16.8,4,201105,153
112.952246,24.798167,16.549999999999997,4,201105,154
112.965083,24.798167,17.1,4,201105,155
112.97792,24.798167,17.8,4,201105,156
112.875224,24.806637,21.25,4,201105,157
112.888061,24.806637,20.575,4,201105,158
112.900898,24.806637,19.55,4,201105,159
112.913735,24.806637,18.525,4,201105,160
112.926572,24.806637,17.75,4,201105,161
112.939409,24.806637,17.150000000000002,4,201105,162
112.952246,24.806637,16.700000000000003,4,201105,163
112.965083,24.806637,16.924999999999997,4,201105,164
112.97792,24.806637,17.775,4,201105,165
112.875224,24.815107,21.375,4,201105,166
112.888061,24.815107,20.7,4,201105,167
112.900898,24.815107,19.575000000000003,4,201105,168
112.913735,24.815107,18.45,4,201105,169
112.926572,24.815107,17.575,4,201105,170
112.939409,24.815107,16.950000000000003,4,201105,171
112.952246,24.815107,16.65,4,201105,172
112.965083,24.815107,17.45,4,201105,173
112.875224,24.823577,21.025,4,201105,174
112.888061,24.823577,20.65,4,201105,175
112.900898,24.823577,19.35,4,201105,176
112.913735,24.823577,18.375,4,201105,177
112.926572,24.823577,17.325,4,201105,178
112.939409,24.823577,16.775,4,201105,179
112.952246,24.823577,16.65,4,201105,180
112.965083,24.823577,17.424999999999997,4,201105,181
112.888061,24.832047,20.7,4,201105,182
112.900898,24.832047,19.175,4,201105,183
112.913735,24.832047,18.65,4,201105,184
112.888061,24.840517,20.85,4,201105,185
112.888061,24.848987,20.85,4,201105,186
112.952246,24.688057,22.700000000000003,5,201106,1
112.965083,24.688057,23.3,5,201106,2
112.97792,24.688057,23.9,5,201106,3
112.862387,24.696527,23.975,5,201106,4
112.888061,24.696527,20.925,5,201106,5
112.939409,24.696527,21.75,5,201106,6
112.952246,24.696527,22.35,5,201106,7
112.965083,24.696527,23.3,5,201106,8
112.97792,24.696527,23.9,5,201106,9
112.990757,24.696527,24.075,5,201106,10
113.003594,24.696527,24.075,5,201106,11
113.016431,24.696527,24.1,5,201106,12
112.84955,24.704997,24.4,5,201106,13
112.862387,24.704997,24.075,5,201106,14
112.875224,24.704997,22.525,5,201106,15
112.888061,24.704997,21.35,5,201106,16
112.900898,24.704997,19.6,5,201106,17
112.913735,24.704997,20.25,5,201106,18
112.926572,24.704997,21.15,5,201106,19
112.939409,24.704997,21.6,5,201106,20
112.952246,24.704997,22.3,5,201106,21
112.965083,24.704997,23.1,5,201106,22
112.97792,24.704997,23.7,5,201106,23
112.990757,24.704997,23.9,5,201106,24
113.003594,24.704997,24.075,5,201106,25
113.016431,24.704997,24.1,5,201106,26
112.84955,24.713467,24.0,5,201106,27
112.862387,24.713467,23.15,5,201106,28
112.875224,24.713467,21.15,5,201106,29
112.888061,24.713467,20.425,5,201106,30
112.900898,24.713467,19.675,5,201106,31
112.913735,24.713467,20.375,5,201106,32
112.926572,24.713467,21.075,5,201106,33
112.939409,24.713467,21.525,5,201106,34
112.952246,24.713467,22.225,5,201106,35
112.965083,24.713467,23.025,5,201106,36
112.97792,24.713467,23.5,5,201106,37
112.990757,24.713467,23.65,5,201106,38
113.003594,24.713467,23.85,5,201106,39
112.84955,24.721937,23.325,5,201106,40
112.862387,24.721937,22.5,5,201106,41
112.875224,24.721937,20.75,5,201106,42
112.888061,24.721937,19.975,5,201106,43
112.900898,24.721937,19.9,5,201106,44
112.913735,24.721937,20.525,5,201106,45
112.926572,24.721937,20.825,5,201106,46
112.939409,24.721937,21.15,5,201106,47
112.952246,24.721937,22.0,5,201106,48
112.965083,24.721937,22.675,5,201106,49
112.97792,24.721937,23.35,5,201106,50
112.990757,24.721937,23.450000000000003,5,201106,51
113.003594,24.721937,23.75,5,201106,52
112.862387,24.730407,22.575,5,201106,53
112.875224,24.730407,21.05,5,201106,54
112.888061,24.730407,20.625,5,201106,55
112.900898,24.730407,20.450000000000003,5,201106,56
112.913735,24.730407,21.025,5,201106,57
112.926572,24.730407,20.675,5,201106,58
112.939409,24.730407,21.275,5,201106,59
112.952246,24.730407,21.95,5,201106,60
112.965083,24.730407,22.75,5,201106,61
112.97792,24.730407,23.200000000000003,5,201106,62
112.990757,24.730407,23.5,5,201106,63
113.003594,24.730407,23.825000000000003,5,201106,64
112.84955,24.738877,23.825,5,201106,65
112.862387,24.738877,23.075,5,201106,66
112.875224,24.738877,22.0,5,201106,67
112.888061,24.738877,21.75,5,201106,68
112.900898,24.738877,21.875,5,201106,69
112.913735,24.738877,21.625,5,201106,70
112.926572,24.738877,21.0,5,201106,71
112.939409,24.738877,21.05,5,201106,72
112.952246,24.738877,21.875,5,201106,73
112.965083,24.738877,22.7,5,201106,74
112.97792,24.738877,23.35,5,201106,75
112.990757,24.738877,23.7,5,201106,76
113.003594,24.738877,23.85,5,201106,77
112.84955,24.747347,24.425,5,201106,78
112.862387,24.747347,23.8,5,201106,79
112.875224,24.747347,23.3,5,201106,80
112.888061,24.747347,22.75,5,201106,81
112.900898,24.747347,22.4,5,201106,82
112.913735,24.747347,21.700000000000003,5,201106,83
112.926572,24.747347,21.2,5,201106,84
112.939409,24.747347,20.95,5,201106,85
112.952246,24.747347,21.675,5,201106,86
112.965083,24.747347,22.625,5,201106,87
112.97792,24.747347,23.4,5,201106,88
112.84955,24.755817,25.25,5,201106,89
112.862387,24.755817,24.775,5,201106,90
112.875224,24.755817,24.15,5,201106,91
112.888061,24.755817,23.25,5,201106,92
112.900898,24.755817,22.4,5,201106,93
112.913735,24.755817,21.575,5,201106,94
112.926572,24.755817,20.9,5,201106,95
112.939409,24.755817,20.625,5,201106,96
112.952246,24.755817,21.6,5,201106,97
112.965083,24.755817,22.35,5,201106,98
112.97792,24.755817,23.175,5,201106,99
112.84955,24.764287,25.675,5,201106,100
112.862387,24.764287,25.1,5,201106,101
112.875224,24.764287,24.375,5,201106,102
112.888061,24.764287,23.700000000000003,5,201106,103
112.900898,24.764287,22.825,5,201106,104
112.913735,24.764287,22.0,5,201106,105
112.926572,24.764287,21.075,5,201106,106
112.939409,24.764287,20.425,5,201106,107
112.952246,24.764287,21.025,5,201106,108
112.965083,24.764287,21.700000000000003,5,201106,109
112.97792,24.764287,22.8,5,201106,110
112.836713,24.772757,26.0,5,201106,111
112.84955,24.772757,25.475,5,201106,112
112.862387,24.772757,24.7,5,201106,113
112.875224,24.772757,23.9,5,201106,114
112.888061,24.772757,23.725,5,201106,115
112.900898,24.772757,23.225,5,201106,116
112.913735,24.772757,22.4,5,201106,117
112.926572,24.772757,21.625,5,201106,118
112.939409,24.772757,20.775,5,201106,119
112.952246,24.772757,20.75,5,201106,120
112.965083,24.772757,21.825,5,201106,121
112.97792,24.772757,22.625,5,201106,122
112.836713,24.781227,25.975,5,201106,123
112.84955,24.781227,25.225,5,201106,124
112.862387,24.781227,24.225,5,201106,125
112.875224,24.781227,23.05,5,201106,126
112.888061,24.781227,22.925,5,201106,127
112.900898,24.781227,22.8,5,201106,128
112.913735,24.781227,22.1,5,201106,129
112.926572,24.781227,21.525,5,201106,130
112.939409,24.781227,20.8,5,201106,131
112.952246,24.781227,20.45,5,201106,132
112.965083,24.781227,21.45,5,201106,133
112.97792,24.781227,22.625,5,201106,134
112.84955,24.789697,24.875,5,201106,135
112.862387,24.789697,24.05,5,201106,136
112.875224,24.789697,23.200000000000003,5,201106,137
112.888061,24.789697,22.75,5,201106,138
112.900898,24.789697,22.525,5,201106,139
112.913735,24.789697,21.675,5,201106,140
112.926572,24.789697,20.925,5,201106,141
112.939409,24.789697,20.4,5,201106,142
112.952246,24.789697,20.35,5,201106,143
112.965083,24.789697,21.2,5,201106,144
112.97792,24.789697,22.35,5,201106,145
112.84955,24.798167,24.675,5,201106,146
112.862387,24.798167,24.175,5,201106,147
112.875224,24.798167,24.125,5,201106,148
112.888061,24.798167,23.375,5,201106,149
112.900898,24.798167,22.625,5,201106,150
112.913735,24.798167,21.85,5,201106,151
112.926572,24.798167,21.075,5,201106,152
112.939409,24.798167,20.4,5,201106,153
112.952246,24.798167,20.15,5,201106,154
112.965083,24.798167,20.725,5,201106,155
112.97792,24.798167,21.425000000000004,5,201106,156
112.875224,24.806637,24.950000000000003,5,201106,157
112.888061,24.806637,24.25,5,201106,158
112.900898,24.806637,23.25,5,201106,159
112.913735,24.806637,22.200000000000003,5,201106,160
112.926572,24.806637,21.425,5,201106,161
112.939409,24.806637,20.775,5,201106,162
112.952246,24.806637,20.3,5,201106,163
112.965083,24.806637,20.575000000000003,5,201106,164
112.97792,24.806637,21.4,5,201106,165
112.875224,24.815107,25.1,5,201106,166
112.888061,24.815107,24.4,5,201106,167
112.900898,24.815107,23.275,5,201106,168
112.913735,24.815107,22.125,5,201106,169
112.926572,24.815107,21.25,5,201106,170
112.939409,24.815107,20.55,5,201106,171
112.952246,24.815107,20.3,5,201106,172
112.965083,24.815107,21.075,5,201106,173
112.875224,24.823577,24.75,5,201106,174
112.888061,24.823577,24.375,5,201106,175
112.900898,24.823577,23.05,5,201106,176
112.913735,24.823577,22.05,5,201106,177
112.926572,24.823577,20.975,5,201106,178
112.939409,24.823577,20.4,5,201106,179
112.952246,24.823577,20.3,5,201106,180
112.965083,24.823577,21.075000000000003,5,201106,181
112.888061,24.832047,24.45,5,201106,182
112.900898,24.832047,22.875,5,201106,183
112.913735,24.832047,22.325000000000003,5,201106,184
112.888061,24.840517,24.625,5,201106,185
112.888061,24.848987,24.625,5,201106,186
112.952246,24.688057,23.6,6,201107,1
112.965083,24.688057,24.200000000000003,6,201107,2
112.97792,24.688057,24.8,6,201107,3
112.862387,24.696527,24.875,6,201107,4
112.888061,24.696527,21.8,6,201107,5
112.939409,24.696527,22.625,6,201107,6
112.952246,24.696527,23.25,6,201107,7
112.965083,24.696527,24.200000000000003,6,201107,8
112.97792,24.696527,24.8,6,201107,9
112.990757,24.696527,24.95,6,201107,10
113.003594,24.696527,24.925,6,201107,11
113.016431,24.696527,24.975,6,201107,12
112.84955,24.704997,25.3,6,201107,13
112.862387,24.704997,24.975,6,201107,14
112.875224,24.704997,23.425,6,201107,15
112.888061,24.704997,22.225,6,201107,16
112.900898,24.704997,20.5,6,201107,17
112.913735,24.704997,21.1,6,201107,18
112.926572,24.704997,22.025,6,201107,19
112.939409,24.704997,22.45,6,201107,20
112.952246,24.704997,23.175,6,201107,21
112.965083,24.704997,23.925,6,201107,22
112.97792,24.704997,24.55,6,201107,23
112.990757,24.704997,24.775,6,201107,24
113.003594,24.704997,24.925,6,201107,25
113.016431,24.704997,24.975,6,201107,26
112.84955,24.713467,24.9,6,201107,27
112.862387,24.713467,24.025,6,201107,28
112.875224,24.713467,22.05,6,201107,29
112.888061,24.713467,21.325,6,201107,30
112.900898,24.713467,20.55,6,201107,31
112.913735,24.713467,21.2,6,201107,32
112.926572,24.713467,21.9,6,201107,33
112.939409,24.713467,22.4,6,201107,34
112.952246,24.713467,23.1,6,201107,35
112.965083,24.713467,23.875,6,201107,36
112.97792,24.713467,24.35,6,201107,37
112.990757,24.713467,24.55,6,201107,38
113.003594,24.713467,24.725,6,201107,39
112.84955,24.721937,24.2,6,201107,40
112.862387,24.721937,23.35,6,201107,41
112.875224,24.721937,21.625,6,201107,42
112.888061,24.721937,20.825,6,201107,43
112.900898,24.721937,20.725,6,201107,44
112.913735,24.721937,21.325,6,201107,45
112.926572,24.721937,21.625,6,201107,46
112.939409,24.721937,22.0,6,201107,47
112.952246,24.721937,22.9,6,201107,48
112.965083,24.721937,23.525,6,201107,49
112.97792,24.721937,24.2,6,201107,50
112.990757,24.721937,24.3,6,201107,51
113.003594,24.721937,24.575000000000003,6,201107,52
112.862387,24.730407,23.4,6,201107,53
112.875224,24.730407,21.9,6,201107,54
112.888061,24.730407,21.475,6,201107,55
112.900898,24.730407,21.3,6,201107,56
112.913735,24.730407,21.85,6,201107,57
112.926572,24.730407,21.475,6,201107,58
112.939409,24.730407,22.1,6,201107,59
112.952246,24.730407,22.8,6,201107,60
112.965083,24.730407,23.625,6,201107,61
112.97792,24.730407,24.025,6,201107,62
112.990757,24.730407,24.35,6,201107,63
113.003594,24.730407,24.65,6,201107,64
112.84955,24.738877,24.65,6,201107,65
112.862387,24.738877,23.9,6,201107,66
112.875224,24.738877,22.85,6,201107,67
112.888061,24.738877,22.625,6,201107,68
112.900898,24.738877,22.75,6,201107,69
112.913735,24.738877,22.475,6,201107,70
112.926572,24.738877,21.8,6,201107,71
112.939409,24.738877,21.9,6,201107,72
112.952246,24.738877,22.700000000000003,6,201107,73
112.965083,24.738877,23.575,6,201107,74
112.97792,24.738877,24.225,6,201107,75
112.990757,24.738877,24.575000000000003,6,201107,76
113.003594,24.738877,24.725,6,201107,77
112.84955,24.747347,25.275,6,201107,78
112.862387,24.747347,24.65,6,201107,79
112.875224,24.747347,24.175000000000004,6,201107,80
112.888061,24.747347,23.65,6,201107,81
112.900898,24.747347,23.25,6,201107,82
112.913735,24.747347,22.55,6,201107,83
112.926572,24.747347,22.025,6,201107,84
112.939409,24.747347,21.8,6,201107,85
112.952246,24.747347,22.55,6,201107,86
112.965083,24.747347,23.525,6,201107,87
112.97792,24.747347,24.3,6,201107,88
112.84955,24.755817,26.125000000000004,6,201107,89
112.862387,24.755817,25.675,6,201107,90
112.875224,24.755817,25.05,6,201107,91
112.888061,24.755817,24.175,6,201107,92
112.900898,24.755817,23.275,6,201107,93
112.913735,24.755817,22.45,6,201107,94
112.926572,24.755817,21.75,6,201107,95
112.939409,24.755817,21.450000000000003,6,201107,96
112.952246,24.755817,22.475,6,201107,97
112.965083,24.755817,23.25,6,201107,98
112.97792,24.755817,24.075000000000003,6,201107,99
112.84955,24.764287,26.55,6,201107,100
112.862387,24.764287,26.025,6,201107,101
112.875224,24.764287,25.275,6,201107,102
112.888061,24.764287,24.625,6,201107,103
112.900898,24.764287,23.75,6,201107,104
112.913735,24.764287,22.875,6,201107,105
112.926572,24.764287,21.975,6,201107,106
112.939409,24.764287,21.3,6,201107,107
112.952246,24.764287,21.875,6,201107,108
112.965083,24.764287,22.6,6,201107,109
112.97792,24.764287,23.7,6,201107,110
112.836713,24.772757,26.85,6,201107,111
112.84955,24.772757,26.325,6,201107,112
112.862387,24.772757,25.575,6,201107,113
112.875224,24.772757,24.8,6,201107,114
112.888061,24.772757,24.675,6,201107,115
112.900898,24.772757,24.15,6,201107,116
112.913735,24.772757,23.275,6,201107,117
112.926572,24.772757,22.5,6,201107,118
112.939409,24.772757,21.625,6,201107,119
112.952246,24.772757,21.6,6,201107,120
112.965083,24.772757,22.75,6,201107,121
112.97792,24.772757,23.55,6,201107,122
112.836713,24.781227,26.85,6,201107,123
112.84955,24.781227,26.05,6,201107,124
112.862387,24.781227,25.075000000000003,6,201107,125
112.875224,24.781227,23.950000000000003,6,201107,126
112.888061,24.781227,23.85,6,201107,127
112.900898,24.781227,23.725,6,201107,128
112.913735,24.781227,23.0,6,201107,129
112.926572,24.781227,22.4,6,201107,130
112.939409,24.781227,21.675,6,201107,131
112.952246,24.781227,21.3,6,201107,132
112.965083,24.781227,22.325000000000003,6,201107,133
112.97792,24.781227,23.55,6,201107,134
112.84955,24.789697,25.725,6,201107,135
112.862387,24.789697,24.9,6,201107,136
112.875224,24.789697,24.1,6,201107,137
112.888061,24.789697,23.675,6,201107,138
112.900898,24.789697,23.425,6,201107,139
112.913735,24.789697,22.575000000000003,6,201107,140
112.926572,24.789697,21.775,6,201107,141
112.939409,24.789697,21.25,6,201107,142
112.952246,24.789697,21.2,6,201107,143
112.965083,24.789697,22.1,6,201107,144
112.97792,24.789697,23.3,6,201107,145
112.84955,24.798167,25.5,6,201107,146
112.862387,24.798167,25.025,6,201107,147
112.875224,24.798167,25.025,6,201107,148
112.888061,24.798167,24.3,6,201107,149
112.900898,24.798167,23.525,6,201107,150
112.913735,24.798167,22.75,6,201107,151
112.926572,24.798167,21.95,6,201107,152
112.939409,24.798167,21.275,6,201107,153
112.952246,24.798167,20.95,6,201107,154
112.965083,24.798167,21.575000000000003,6,201107,155
112.97792,24.798167,22.35,6,201107,156
112.875224,24.806637,25.875,6,201107,157
112.888061,24.806637,25.175,6,201107,158
112.900898,24.806637,24.175,6,201107,159
112.913735,24.806637,23.1,6,201107,160
112.926572,24.806637,22.325,6,201107,161
112.939409,24.806637,21.65,6,201107,162
112.952246,24.806637,21.125,6,201107,163
112.965083,24.806637,21.425,6,201107,164
112.97792,24.806637,22.325,6,201107,165
112.875224,24.815107,26.05,6,201107,166
112.888061,24.815107,25.375,6,201107,167
112.900898,24.815107,24.2,6,201107,168
112.913735,24.815107,23.05,6,201107,169
112.926572,24.815107,22.15,6,201107,170
112.939409,24.815107,21.425,6,201107,171
112.952246,24.815107,21.125,6,201107,172
112.965083,24.815107,21.975,6,201107,173
112.875224,24.823577,25.725,6,201107,174
112.888061,24.823577,25.325,6,201107,175
112.900898,24.823577,23.975,6,201107,176
112.913735,24.823577,22.975,6,201107,177
112.926572,24.823577,21.875,6,201107,178
112.939409,24.823577,21.25,6,201107,179
112.952246,24.823577,21.125,6,201107,180
112.965083,24.823577,21.950000000000003,6,201107,181
112.888061,24.832047,25.375000000000004,6,201107,182
112.900898,24.832047,23.800000000000004,6,201107,183
112.913735,24.832047,23.275,6,201107,184
112.888061,24.840517,25.525,6,201107,185
112.888061,24.848987,25.525,6,201107,186
112.952246,24.688057,23.6,7,201108,1
112.965083,24.688057,24.200000000000003,7,201108,2
112.97792,24.688057,24.8,7,201108,3
112.862387,24.696527,24.85,7,201108,4
112.888061,24.696527,21.75,7,201108,5
112.939409,24.696527,22.65,7,201108,6
112.952246,24.696527,23.25,7,201108,7
112.965083,24.696527,24.200000000000003,7,201108,8
112.97792,24.696527,24.8,7,201108,9
112.990757,24.696527,24.975,7,201108,10
113.003594,24.696527,24.975,7,201108,11
113.016431,24.696527,25.0,7,201108,12
112.84955,24.704997,25.225,7,201108,13
112.862387,24.704997,24.95,7,201108,14
112.875224,24.704997,23.4,7,201108,15
112.888061,24.704997,22.175,7,201108,16
112.900898,24.704997,20.5,7,201108,17
112.913735,24.704997,21.1,7,201108,18
112.926572,24.704997,22.025,7,201108,19
112.939409,24.704997,22.475,7,201108,20
112.952246,24.704997,23.175,7,201108,21
112.965083,24.704997,23.925,7,201108,22
112.97792,24.704997,24.55,7,201108,23
112.990757,24.704997,24.775,7,201108,24
113.003594,24.704997,24.975,7,201108,25
113.016431,24.704997,25.0,7,201108,26
112.84955,24.713467,24.825000000000003,7,201108,27
112.862387,24.713467,24.0,7,201108,28
112.875224,24.713467,22.000000000000004,7,201108,29
112.888061,24.713467,21.3,7,201108,30
112.900898,24.713467,20.55,7,201108,31
112.913735,24.713467,21.2,7,201108,32
112.926572,24.713467,21.9,7,201108,33
112.939409,24.713467,22.4,7,201108,34
112.952246,24.713467,23.1,7,201108,35
112.965083,24.713467,23.85,7,201108,36
112.97792,24.713467,24.325000000000003,7,201108,37
112.990757,24.713467,24.55,7,201108,38
113.003594,24.713467,24.725,7,201108,39
112.84955,24.721937,24.15,7,201108,40
112.862387,24.721937,23.325000000000003,7,201108,41
112.875224,24.721937,21.575,7,201108,42
112.888061,24.721937,20.825,7,201108,43
112.900898,24.721937,20.725,7,201108,44
112.913735,24.721937,21.3,7,201108,45
112.926572,24.721937,21.625,7,201108,46
112.939409,24.721937,22.0,7,201108,47
112.952246,24.721937,22.9,7,201108,48
112.965083,24.721937,23.525,7,201108,49
112.97792,24.721937,24.175,7,201108,50
112.990757,24.721937,24.325,7,201108,51
113.003594,24.721937,24.625,7,201108,52
112.862387,24.730407,23.4,7,201108,53
112.875224,24.730407,21.85,7,201108,54
112.888061,24.730407,21.425,7,201108,55
112.900898,24.730407,21.25,7,201108,56
112.913735,24.730407,21.8,7,201108,57
112.926572,24.730407,21.475,7,201108,58
112.939409,24.730407,22.075000000000003,7,201108,59
112.952246,24.730407,22.8,7,201108,60
112.965083,24.730407,23.625,7,201108,61
112.97792,24.730407,24.025,7,201108,62
112.990757,24.730407,24.35,7,201108,63
113.003594,24.730407,24.7,7,201108,64
112.84955,24.738877,24.65,7,201108,65
112.862387,24.738877,23.875,7,201108,66
112.875224,24.738877,22.8,7,201108,67
112.888061,24.738877,22.55,7,201108,68
112.900898,24.738877,22.675000000000004,7,201108,69
112.913735,24.738877,22.4,7,201108,70
112.926572,24.738877,21.8,7,201108,71
112.939409,24.738877,21.875,7,201108,72
112.952246,24.738877,22.700000000000003,7,201108,73
112.965083,24.738877,23.575,7,201108,74
112.97792,24.738877,24.225,7,201108,75
112.990757,24.738877,24.575000000000003,7,201108,76
113.003594,24.738877,24.725,7,201108,77
112.84955,24.747347,25.275,7,201108,78
112.862387,24.747347,24.625,7,201108,79
112.875224,24.747347,24.125,7,201108,80
112.888061,24.747347,23.575000000000003,7,201108,81
112.900898,24.747347,23.2,7,201108,82
112.913735,24.747347,22.5,7,201108,83
112.926572,24.747347,22.0,7,201108,84
112.939409,24.747347,21.75,7,201108,85
112.952246,24.747347,22.55,7,201108,86
112.965083,24.747347,23.475,7,201108,87
112.97792,24.747347,24.275,7,201108,88
112.84955,24.755817,26.125000000000004,7,201108,89
112.862387,24.755817,25.625000000000004,7,201108,90
112.875224,24.755817,25.025,7,201108,91
112.888061,24.755817,24.125,7,201108,92
112.900898,24.755817,23.2,7,201108,93
112.913735,24.755817,22.375,7,201108,94
112.926572,24.755817,21.7,7,201108,95
112.939409,24.755817,21.425,7,201108,96
112.952246,24.755817,22.450000000000003,7,201108,97
112.965083,24.755817,23.175,7,201108,98
112.97792,24.755817,24.025,7,201108,99
112.84955,24.764287,26.575000000000003,7,201108,100
112.862387,24.764287,26.0,7,201108,101
112.875224,24.764287,25.275,7,201108,102
112.888061,24.764287,24.6,7,201108,103
112.900898,24.764287,23.65,7,201108,104
112.913735,24.764287,22.8,7,201108,105
112.926572,24.764287,21.9,7,201108,106
112.939409,24.764287,21.275,7,201108,107
112.952246,24.764287,21.85,7,201108,108
112.965083,24.764287,22.575,7,201108,109
112.97792,24.764287,23.65,7,201108,110
112.836713,24.772757,26.9,7,201108,111
112.84955,24.772757,26.35,7,201108,112
112.862387,24.772757,25.55,7,201108,113
112.875224,24.772757,24.8,7,201108,114
112.888061,24.772757,24.625,7,201108,115
112.900898,24.772757,24.05,7,201108,116
112.913735,24.772757,23.200000000000003,7,201108,117
112.926572,24.772757,22.425,7,201108,118
112.939409,24.772757,21.6,7,201108,119
112.952246,24.772757,21.6,7,201108,120
112.965083,24.772757,22.725,7,201108,121
112.97792,24.772757,23.5,7,201108,122
112.836713,24.781227,26.875,7,201108,123
112.84955,24.781227,26.125,7,201108,124
112.862387,24.781227,25.075,7,201108,125
112.875224,24.781227,23.950000000000003,7,201108,126
112.888061,24.781227,23.8,7,201108,127
112.900898,24.781227,23.625,7,201108,128
112.913735,24.781227,22.9,7,201108,129
112.926572,24.781227,22.325000000000003,7,201108,130
112.939409,24.781227,21.65,7,201108,131
112.952246,24.781227,21.275,7,201108,132
112.965083,24.781227,22.325000000000003,7,201108,133
112.97792,24.781227,23.55,7,201108,134
112.84955,24.789697,25.75,7,201108,135
112.862387,24.789697,24.875,7,201108,136
112.875224,24.789697,24.05,7,201108,137
112.888061,24.789697,23.575,7,201108,138
112.900898,24.789697,23.325,7,201108,139
112.913735,24.789697,22.475,7,201108,140
112.926572,24.789697,21.725,7,201108,141
112.939409,24.789697,21.225,7,201108,142
112.952246,24.789697,21.15,7,201108,143
112.965083,24.789697,22.05,7,201108,144
112.97792,24.789697,23.25,7,201108,145
112.84955,24.798167,25.55,7,201108,146
112.862387,24.798167,25.025,7,201108,147
112.875224,24.798167,24.975,7,201108,148
112.888061,24.798167,24.2,7,201108,149
112.900898,24.798167,23.425,7,201108,150
112.913735,24.798167,22.65,7,201108,151
112.926572,24.798167,21.875,7,201108,152
112.939409,24.798167,21.225,7,201108,153
112.952246,24.798167,20.95,7,201108,154
112.965083,24.798167,21.550000000000004,7,201108,155
112.97792,24.798167,22.275,7,201108,156
112.875224,24.806637,25.825,7,201108,157
112.888061,24.806637,25.1,7,201108,158
112.900898,24.806637,24.075000000000003,7,201108,159
112.913735,24.806637,23.0,7,201108,160
112.926572,24.806637,22.225,7,201108,161
112.939409,24.806637,21.575,7,201108,162
112.952246,24.806637,21.1,7,201108,163
112.965083,24.806637,21.375,7,201108,164
112.97792,24.806637,22.25,7,201108,165
112.875224,24.815107,26.0,7,201108,166
112.888061,24.815107,25.275,7,201108,167
112.900898,24.815107,24.1,7,201108,168
112.913735,24.815107,22.950000000000003,7,201108,169
112.926572,24.815107,22.05,7,201108,170
112.939409,24.815107,21.35,7,201108,171
112.952246,24.815107,21.1,7,201108,172
112.965083,24.815107,21.875,7,201108,173
112.875224,24.823577,25.65,7,201108,174
112.888061,24.823577,25.225,7,201108,175
112.900898,24.823577,23.875,7,201108,176
112.913735,24.823577,22.9,7,201108,177
112.926572,24.823577,21.775,7,201108,178
112.939409,24.823577,21.2,7,201108,179
112.952246,24.823577,21.1,7,201108,180
112.965083,24.823577,21.875,7,201108,181
112.888061,24.832047,25.325,7,201108,182
112.900898,24.832047,23.700000000000003,7,201108,183
112.913735,24.832047,23.200000000000003,7,201108,184
112.888061,24.840517,25.5,7,201108,185
112.888061,24.848987,25.5,7,201108,186
112.952246,24.688057,20.9,8,201109,1
112.965083,24.688057,21.525,8,201109,2
112.97792,24.688057,22.15,8,201109,3
112.862387,24.696527,22.175,8,201109,4
112.888061,24.696527,19.1,8,201109,5
112.939409,24.696527,19.925,8,201109,6
112.952246,24.696527,20.55,8,201109,7
112.965083,24.696527,21.5,8,201109,8
112.97792,24.696527,22.15,8,201109,9
112.990757,24.696527,22.3,8,201109,10
113.003594,24.696527,22.35,8,201109,11
113.016431,24.696527,22.4,8,201109,12
112.84955,24.704997,22.625,8,201109,13
112.862387,24.704997,22.3,8,201109,14
112.875224,24.704997,20.7,8,201109,15
112.888061,24.704997,19.525,8,201109,16
112.900898,24.704997,17.799999999999997,8,201109,17
112.913735,24.704997,18.4,8,201109,18
112.926572,24.704997,19.325000000000003,8,201109,19
112.939409,24.704997,19.75,8,201109,20
112.952246,24.704997,20.475,8,201109,21
112.965083,24.704997,21.225,8,201109,22
112.97792,24.704997,21.875,8,201109,23
112.990757,24.704997,22.15,8,201109,24
113.003594,24.704997,22.35,8,201109,25
113.016431,24.704997,22.4,8,201109,26
112.84955,24.713467,22.225,8,201109,27
112.862387,24.713467,21.35,8,201109,28
112.875224,24.713467,19.3,8,201109,29
112.888061,24.713467,18.625,8,201109,30
112.900898,24.713467,17.825000000000003,8,201109,31
112.913735,24.713467,18.475,8,201109,32
112.926572,24.713467,19.200000000000003,8,201109,33
112.939409,24.713467,19.675,8,201109,34
112.952246,24.713467,20.375,8,201109,35
112.965083,24.713467,21.15,8,201109,36
112.97792,24.713467,21.65,8,201109,37
112.990757,24.713467,21.9,8,201109,38
113.003594,24.713467,22.1,8,201109,39
112.84955,24.721937,21.5,8,201109,40
112.862387,24.721937,20.65,8,201109,41
112.875224,24.721937,18.85,8,201109,42
112.888061,24.721937,18.1,8,201109,43
112.900898,24.721937,18.0,8,201109,44
112.913735,24.721937,18.6,8,201109,45
112.926572,24.721937,18.925,8,201109,46
112.939409,24.721937,19.275,8,201109,47
112.952246,24.721937,20.125,8,201109,48
112.965083,24.721937,20.775,8,201109,49
112.97792,24.721937,21.475,8,201109,50
112.990757,24.721937,21.65,8,201109,51
113.003594,24.721937,21.950000000000003,8,201109,52
112.862387,24.730407,20.7,8,201109,53
112.875224,24.730407,19.15,8,201109,54
112.888061,24.730407,18.725,8,201109,55
112.900898,24.730407,18.55,8,201109,56
112.913735,24.730407,19.1,8,201109,57
112.926572,24.730407,18.775,8,201109,58
112.939409,24.730407,19.35,8,201109,59
112.952246,24.730407,20.025,8,201109,60
112.965083,24.730407,20.875,8,201109,61
112.97792,24.730407,21.325000000000003,8,201109,62
112.990757,24.730407,21.675,8,201109,63
113.003594,24.730407,22.000000000000004,8,201109,64
112.84955,24.738877,21.975,8,201109,65
112.862387,24.738877,21.175,8,201109,66
112.875224,24.738877,20.1,8,201109,67
112.888061,24.738877,19.825000000000003,8,201109,68
112.900898,24.738877,19.925,8,201109,69
112.913735,24.738877,19.675,8,201109,70
112.926572,24.738877,19.1,8,201109,71
112.939409,24.738877,19.15,8,201109,72
112.952246,24.738877,19.950000000000003,8,201109,73
112.965083,24.738877,20.8,8,201109,74
112.97792,24.738877,21.475,8,201109,75
112.990757,24.738877,21.85,8,201109,76
113.003594,24.738877,22.0,8,201109,77
112.84955,24.747347,22.6,8,201109,78
112.862387,24.747347,21.925,8,201109,79
112.875224,24.747347,21.375,8,201109,80
112.888061,24.747347,20.8,8,201109,81
112.900898,24.747347,20.425,8,201109,82
112.913735,24.747347,19.75,8,201109,83
112.926572,24.747347,19.275,8,201109,84
112.939409,24.747347,19.025,8,201109,85
112.952246,24.747347,19.775,8,201109,86
112.965083,24.747347,20.725,8,201109,87
112.97792,24.747347,21.525,8,201109,88
112.84955,24.755817,23.475,8,201109,89
112.862387,24.755817,22.925,8,201109,90
112.875224,24.755817,22.25,8,201109,91
112.888061,24.755817,21.325,8,201109,92
112.900898,24.755817,20.475,8,201109,93
112.913735,24.755817,19.625,8,201109,94
112.926572,24.755817,18.975,8,201109,95
112.939409,24.755817,18.7,8,201109,96
112.952246,24.755817,19.700000000000003,8,201109,97
112.965083,24.755817,20.45,8,201109,98
112.97792,24.755817,21.3,8,201109,99
112.84955,24.764287,23.925,8,201109,100
112.862387,24.764287,23.3,8,201109,101
112.875224,24.764287,22.5,8,201109,102
112.888061,24.764287,21.8,8,201109,103
112.900898,24.764287,20.9,8,201109,104
112.913735,24.764287,20.05,8,201109,105
112.926572,24.764287,19.175,8,201109,106
112.939409,24.764287,18.525,8,201109,107
112.952246,24.764287,19.15,8,201109,108
112.965083,24.764287,19.85,8,201109,109
112.97792,24.764287,20.925,8,201109,110
112.836713,24.772757,24.3,8,201109,111
112.84955,24.772757,23.775,8,201109,112
112.862387,24.772757,22.925,8,201109,113
112.875224,24.772757,22.075000000000003,8,201109,114
112.888061,24.772757,21.875,8,201109,115
112.900898,24.772757,21.3,8,201109,116
112.913735,24.772757,20.425,8,201109,117
112.926572,24.772757,19.7,8,201109,118
112.939409,24.772757,18.85,8,201109,119
112.952246,24.772757,18.875,8,201109,120
112.965083,24.772757,19.975,8,201109,121
112.97792,24.772757,20.8,8,201109,122
112.836713,24.781227,24.3,8,201109,123
112.84955,24.781227,23.55,8,201109,124
112.862387,24.781227,22.475,8,201109,125
112.875224,24.781227,21.25,8,201109,126
112.888061,24.781227,21.075000000000003,8,201109,127
112.900898,24.781227,20.875,8,201109,128
112.913735,24.781227,20.175,8,201109,129
112.926572,24.781227,19.6,8,201109,130
112.939409,24.781227,18.875,8,201109,131
112.952246,24.781227,18.525,8,201109,132
112.965083,24.781227,19.55,8,201109,133
112.97792,24.781227,20.775,8,201109,134
112.84955,24.789697,23.225,8,201109,135
112.862387,24.789697,22.275,8,201109,136
112.875224,24.789697,21.375,8,201109,137
112.888061,24.789697,20.875,8,201109,138
112.900898,24.789697,20.55,8,201109,139
112.913735,24.789697,19.7,8,201109,140
112.926572,24.789697,18.95,8,201109,141
112.939409,24.789697,18.450000000000003,8,201109,142
112.952246,24.789697,18.4,8,201109,143
112.965083,24.789697,19.3,8,201109,144
112.97792,24.789697,20.475,8,201109,145
112.84955,24.798167,23.0,8,201109,146
112.862387,24.798167,22.425,8,201109,147
112.875224,24.798167,22.275,8,201109,148
112.888061,24.798167,21.475,8,201109,149
112.900898,24.798167,20.65,8,201109,150
112.913735,24.798167,19.9,8,201109,151
112.926572,24.798167,19.1,8,201109,152
112.939409,24.798167,18.450000000000003,8,201109,153
112.952246,24.798167,18.15,8,201109,154
112.965083,24.798167,18.775,8,201109,155
112.97792,24.798167,19.5,8,201109,156
112.875224,24.806637,23.075,8,201109,157
112.888061,24.806637,22.325,8,201109,158
112.900898,24.806637,21.275,8,201109,159
112.913735,24.806637,20.200000000000003,8,201109,160
112.926572,24.806637,19.425,8,201109,161
112.939409,24.806637,18.8,8,201109,162
112.952246,24.806637,18.325000000000003,8,201109,163
112.965083,24.806637,18.575000000000003,8,201109,164
112.97792,24.806637,19.475,8,201109,165
112.875224,24.815107,23.225,8,201109,166
112.888061,24.815107,22.475,8,201109,167
112.900898,24.815107,21.3,8,201109,168
112.913735,24.815107,20.15,8,201109,169
112.926572,24.815107,19.25,8,201109,170
112.939409,24.815107,18.55,8,201109,171
112.952246,24.815107,18.325000000000003,8,201109,172
112.965083,24.815107,19.125,8,201109,173
112.875224,24.823577,22.875,8,201109,174
112.888061,24.823577,22.450000000000003,8,201109,175
112.900898,24.823577,21.075000000000003,8,201109,176
112.913735,24.823577,20.075,8,201109,177
112.926572,24.823577,18.975,8,201109,178
112.939409,24.823577,18.4,8,201109,179
112.952246,24.823577,18.325000000000003,8,201109,180
112.965083,24.823577,19.1,8,201109,181
112.888061,24.832047,22.525,8,201109,182
112.900898,24.832047,20.9,8,201109,183
112.913735,24.832047,20.375,8,201109,184
112.888061,24.840517,22.7,8,201109,185
112.888061,24.848987,22.7,8,201109,186
112.952246,24.688057,16.700000000000003,9,201110,1
112.965083,24.688057,17.275,9,201110,2
112.97792,24.688057,17.9,9,201110,3
112.862387,24.696527,18.0,9,201110,4
112.888061,24.696527,15.05,9,201110,5
112.939409,24.696527,15.8,9,201110,6
112.952246,24.696527,16.349999999999998,9,201110,7
112.965083,24.696527,17.275,9,201110,8
112.97792,24.696527,17.9,9,201110,9
112.990757,24.696527,18.025,9,201110,10
113.003594,24.696527,18.0,9,201110,11
113.016431,24.696527,18.025,9,201110,12
112.84955,24.704997,18.375,9,201110,13
112.862387,24.704997,18.125,9,201110,14
112.875224,24.704997,16.6,9,201110,15
112.888061,24.704997,15.45,9,201110,16
112.900898,24.704997,13.75,9,201110,17
112.913735,24.704997,14.35,9,201110,18
112.926572,24.704997,15.25,9,201110,19
112.939409,24.704997,15.65,9,201110,20
112.952246,24.704997,16.3,9,201110,21
112.965083,24.704997,17.025,9,201110,22
112.97792,24.704997,17.65,9,201110,23
112.990757,24.704997,17.85,9,201110,24
113.003594,24.704997,18.0,9,201110,25
113.016431,24.704997,18.025,9,201110,26
112.84955,24.713467,17.975,9,201110,27
112.862387,24.713467,17.2,9,201110,28
112.875224,24.713467,15.225,9,201110,29
112.888061,24.713467,14.525,9,201110,30
112.900898,24.713467,13.775,9,201110,31
112.913735,24.713467,14.425,9,201110,32
112.926572,24.713467,15.125,9,201110,33
112.939409,24.713467,15.575,9,201110,34
112.952246,24.713467,16.225,9,201110,35
112.965083,24.713467,16.95,9,201110,36
112.97792,24.713467,17.425000000000004,9,201110,37
112.990757,24.713467,17.625,9,201110,38
113.003594,24.713467,17.775000000000002,9,201110,39
112.84955,24.721937,17.275000000000002,9,201110,40
112.862387,24.721937,16.5,9,201110,41
112.875224,24.721937,14.775,9,201110,42
112.888061,24.721937,14.0,9,201110,43
112.900898,24.721937,13.95,9,201110,44
112.913735,24.721937,14.525,9,201110,45
112.926572,24.721937,14.825,9,201110,46
112.939409,24.721937,15.175,9,201110,47
112.952246,24.721937,16.0,9,201110,48
112.965083,24.721937,16.6,9,201110,49
112.97792,24.721937,17.275000000000002,9,201110,50
112.990757,24.721937,17.400000000000002,9,201110,51
113.003594,24.721937,17.65,9,201110,52
112.862387,24.730407,16.525000000000002,9,201110,53
112.875224,24.730407,15.025,9,201110,54
112.888061,24.730407,14.599999999999998,9,201110,55
112.900898,24.730407,14.45,9,201110,56
112.913735,24.730407,15.0,9,201110,57
112.926572,24.730407,14.675,9,201110,58
112.939409,24.730407,15.25,9,201110,59
112.952246,24.730407,15.9,9,201110,60
112.965083,24.730407,16.65,9,201110,61
112.97792,24.730407,17.1,9,201110,62
112.990757,24.730407,17.425,9,201110,63
113.003594,24.730407,17.699999999999996,9,201110,64
112.84955,24.738877,17.725,9,201110,65
112.862387,24.738877,16.975,9,201110,66
112.875224,24.738877,15.925,9,201110,67
112.888061,24.738877,15.675,9,201110,68
112.900898,24.738877,15.8,9,201110,69
112.913735,24.738877,15.575,9,201110,70
112.926572,24.738877,14.999999999999998,9,201110,71
112.939409,24.738877,15.05,9,201110,72
112.952246,24.738877,15.8,9,201110,73
112.965083,24.738877,16.6,9,201110,74
112.97792,24.738877,17.225,9,201110,75
112.990757,24.738877,17.55,9,201110,76
113.003594,24.738877,17.7,9,201110,77
112.84955,24.747347,18.275,9,201110,78
112.862387,24.747347,17.65,9,201110,79
112.875224,24.747347,17.125,9,201110,80
112.888061,24.747347,16.6,9,201110,81
112.900898,24.747347,16.275000000000002,9,201110,82
112.913735,24.747347,15.65,9,201110,83
112.926572,24.747347,15.2,9,201110,84
112.939409,24.747347,15.025,9,201110,85
112.952246,24.747347,15.7,9,201110,86
112.965083,24.747347,16.625,9,201110,87
112.97792,24.747347,17.325,9,201110,88
112.84955,24.755817,19.025,9,201110,89
112.862387,24.755817,18.575000000000003,9,201110,90
112.875224,24.755817,17.950000000000003,9,201110,91
112.888061,24.755817,17.125,9,201110,92
112.900898,24.755817,16.299999999999997,9,201110,93
112.913735,24.755817,15.525,9,201110,94
112.926572,24.755817,14.875,9,201110,95
112.939409,24.755817,14.675,9,201110,96
112.952246,24.755817,15.65,9,201110,97
112.965083,24.755817,16.325,9,201110,98
112.97792,24.755817,17.125,9,201110,99
112.84955,24.764287,19.375,9,201110,100
112.862387,24.764287,18.875,9,201110,101
112.875224,24.764287,18.2,9,201110,102
112.888061,24.764287,17.55,9,201110,103
112.900898,24.764287,16.725,9,201110,104
112.913735,24.764287,15.925,9,201110,105
112.926572,24.764287,15.075,9,201110,106
112.939409,24.764287,14.5,9,201110,107
112.952246,24.764287,15.05,9,201110,108
112.965083,24.764287,15.7,9,201110,109
112.97792,24.764287,16.700000000000003,9,201110,110
112.836713,24.772757,19.675,9,201110,111
112.84955,24.772757,19.225,9,201110,112
112.862387,24.772757,18.55,9,201110,113
112.875224,24.772757,17.8,9,201110,114
112.888061,24.772757,17.6,9,201110,115
112.900898,24.772757,17.075,9,201110,116
112.913735,24.772757,16.275,9,201110,117
112.926572,24.772757,15.575,9,201110,118
112.939409,24.772757,14.8,9,201110,119
112.952246,24.772757,14.775,9,201110,120
112.965083,24.772757,15.825,9,201110,121
112.97792,24.772757,16.549999999999997,9,201110,122
112.836713,24.781227,19.675,9,201110,123
112.84955,24.781227,19.0,9,201110,124
112.862387,24.781227,18.1,9,201110,125
112.875224,24.781227,17.049999999999997,9,201110,126
112.888061,24.781227,16.825,9,201110,127
112.900898,24.781227,16.675,9,201110,128
112.913735,24.781227,16.025,9,201110,129
112.926572,24.781227,15.475,9,201110,130
112.939409,24.781227,14.85,9,201110,131
112.952246,24.781227,14.45,9,201110,132
112.965083,24.781227,15.45,9,201110,133
112.97792,24.781227,16.575,9,201110,134
112.84955,24.789697,18.7,9,201110,135
112.862387,24.789697,17.924999999999997,9,201110,136
112.875224,24.789697,17.125,9,201110,137
112.888061,24.789697,16.65,9,201110,138
112.900898,24.789697,16.4,9,201110,139
112.913735,24.789697,15.6,9,201110,140
112.926572,24.789697,14.875,9,201110,141
112.939409,24.789697,14.425,9,201110,142
112.952246,24.789697,14.35,9,201110,143
112.965083,24.789697,15.175,9,201110,144
112.97792,24.789697,16.299999999999997,9,201110,145
112.84955,24.798167,18.525,9,201110,146
112.862387,24.798167,18.05,9,201110,147
112.875224,24.798167,17.925,9,201110,148
112.888061,24.798167,17.225,9,201110,149
112.900898,24.798167,16.5,9,201110,150
112.913735,24.798167,15.75,9,201110,151
112.926572,24.798167,15.000000000000002,9,201110,152
112.939409,24.798167,14.4,9,201110,153
112.952246,24.798167,14.15,9,201110,154
112.965083,24.798167,14.725,9,201110,155
112.97792,24.798167,15.4,9,201110,156
112.875224,24.806637,18.65,9,201110,157
112.888061,24.806637,18.05,9,201110,158
112.900898,24.806637,17.075,9,201110,159
112.913735,24.806637,16.05,9,201110,160
112.926572,24.806637,15.325,9,201110,161
112.939409,24.806637,14.75,9,201110,162
112.952246,24.806637,14.3,9,201110,163
112.965083,24.806637,14.55,9,201110,164
112.97792,24.806637,15.375,9,201110,165
112.875224,24.815107,18.8,9,201110,166
112.888061,24.815107,18.175,9,201110,167
112.900898,24.815107,17.1,9,201110,168
112.913735,24.815107,16.0,9,201110,169
112.926572,24.815107,15.175,9,201110,170
112.939409,24.815107,14.55,9,201110,171
112.952246,24.815107,14.3,9,201110,172
112.965083,24.815107,15.075,9,201110,173
112.875224,24.823577,18.5,9,201110,174
112.888061,24.823577,18.15,9,201110,175
112.900898,24.823577,16.875,9,201110,176
112.913735,24.823577,15.95,9,201110,177
112.926572,24.823577,14.925,9,201110,178
112.939409,24.823577,14.4,9,201110,179
112.952246,24.823577,14.3,9,201110,180
112.965083,24.823577,15.075,9,201110,181
112.888061,24.832047,18.2,9,201110,182
112.900898,24.832047,16.725,9,201110,183
112.913735,24.832047,16.225,9,201110,184
112.888061,24.840517,18.35,9,201110,185
112.888061,24.848987,18.35,9,201110,186
112.952246,24.688057,14.1,10,201111,1
112.965083,24.688057,14.575,10,201111,2
112.97792,24.688057,15.025,10,201111,3
112.862387,24.696527,15.225,10,201111,4
112.888061,24.696527,12.65,10,201111,5
112.939409,24.696527,13.35,10,201111,6
112.952246,24.696527,13.825,10,201111,7
112.965083,24.696527,14.55,10,201111,8
112.97792,24.696527,15.025,10,201111,9
112.990757,24.696527,15.1,10,201111,10
113.003594,24.696527,15.05,10,201111,11
113.016431,24.696527,15.05,10,201111,12
112.84955,24.704997,15.5,10,201111,13
112.862387,24.704997,15.3,10,201111,14
112.875224,24.704997,14.025,10,201111,15
112.888061,24.704997,13.025,10,201111,16
112.900898,24.704997,11.5,10,201111,17
112.913735,24.704997,12.025,10,201111,18
112.926572,24.704997,12.85,10,201111,19
112.939409,24.704997,13.225,10,201111,20
112.952246,24.704997,13.775,10,201111,21
112.965083,24.704997,14.375,10,201111,22
112.97792,24.704997,14.825,10,201111,23
112.990757,24.704997,14.975,10,201111,24
113.003594,24.704997,15.05,10,201111,25
113.016431,24.704997,15.05,10,201111,26
112.84955,24.713467,15.150000000000002,10,201111,27
112.862387,24.713467,14.5,10,201111,28
112.875224,24.713467,12.75,10,201111,29
112.888061,24.713467,12.175,10,201111,30
112.900898,24.713467,11.525,10,201111,31
112.913735,24.713467,12.1,10,201111,32
112.926572,24.713467,12.725,10,201111,33
112.939409,24.713467,13.1,10,201111,34
112.952246,24.713467,13.7,10,201111,35
112.965083,24.713467,14.3,10,201111,36
112.97792,24.713467,14.65,10,201111,37
112.990757,24.713467,14.75,10,201111,38
113.003594,24.713467,14.875,10,201111,39
112.84955,24.721937,14.575,10,201111,40
112.862387,24.721937,13.9,10,201111,41
112.875224,24.721937,12.35,10,201111,42
112.888061,24.721937,11.7,10,201111,43
112.900898,24.721937,11.65,10,201111,44
112.913735,24.721937,12.2,10,201111,45
112.926572,24.721937,12.475,10,201111,46
112.939409,24.721937,12.775,10,201111,47
112.952246,24.721937,13.5,10,201111,48
112.965083,24.721937,13.975,10,201111,49
112.97792,24.721937,14.5,10,201111,50
112.990757,24.721937,14.55,10,201111,51
113.003594,24.721937,14.75,10,201111,52
112.862387,24.730407,13.925,10,201111,53
112.875224,24.730407,12.6,10,201111,54
112.888061,24.730407,12.275,10,201111,55
112.900898,24.730407,12.15,10,201111,56
112.913735,24.730407,12.675,10,201111,57
112.926572,24.730407,12.375,10,201111,58
112.939409,24.730407,12.875,10,201111,59
112.952246,24.730407,13.45,10,201111,60
112.965083,24.730407,14.05,10,201111,61
112.97792,24.730407,14.35,10,201111,62
112.990757,24.730407,14.55,10,201111,63
113.003594,24.730407,14.8,10,201111,64
112.84955,24.738877,14.9,10,201111,65
112.862387,24.738877,14.3,10,201111,66
112.875224,24.738877,13.375,10,201111,67
112.888061,24.738877,13.25,10,201111,68
112.900898,24.738877,13.4,10,201111,69
112.913735,24.738877,13.175,10,201111,70
112.926572,24.738877,12.65,10,201111,71
112.939409,24.738877,12.65,10,201111,72
112.952246,24.738877,13.35,10,201111,73
112.965083,24.738877,14.025,10,201111,74
112.97792,24.738877,14.5,10,201111,75
112.990757,24.738877,14.724999999999998,10,201111,76
113.003594,24.738877,14.825,10,201111,77
112.84955,24.747347,15.35,10,201111,78
112.862387,24.747347,14.875,10,201111,79
112.875224,24.747347,14.475,10,201111,80
112.888061,24.747347,14.1,10,201111,81
112.900898,24.747347,13.825,10,201111,82
112.913735,24.747347,13.225,10,201111,83
112.926572,24.747347,12.825,10,201111,84
112.939409,24.747347,12.6,10,201111,85
112.952246,24.747347,13.2,10,201111,86
112.965083,24.747347,13.975,10,201111,87
112.97792,24.747347,14.575,10,201111,88
112.84955,24.755817,15.975,10,201111,89
112.862387,24.755817,15.625,10,201111,90
112.875224,24.755817,15.175,10,201111,91
112.888061,24.755817,14.525,10,201111,92
112.900898,24.755817,13.825,10,201111,93
112.913735,24.755817,13.125,10,201111,94
112.926572,24.755817,12.55,10,201111,95
112.939409,24.755817,12.3,10,201111,96
112.952246,24.755817,13.15,10,201111,97
112.965083,24.755817,13.75,10,201111,98
112.97792,24.755817,14.4,10,201111,99
112.84955,24.764287,16.275,10,201111,100
112.862387,24.764287,15.875,10,201111,101
112.875224,24.764287,15.35,10,201111,102
112.888061,24.764287,14.875,10,201111,103
112.900898,24.764287,14.150000000000002,10,201111,104
112.913735,24.764287,13.475,10,201111,105
112.926572,24.764287,12.7,10,201111,106
112.939409,24.764287,12.125,10,201111,107
112.952246,24.764287,12.650000000000002,10,201111,108
112.965083,24.764287,13.25,10,201111,109
112.97792,24.764287,14.099999999999998,10,201111,110
112.836713,24.772757,16.5,10,201111,111
112.84955,24.772757,16.125,10,201111,112
112.862387,24.772757,15.55,10,201111,113
112.875224,24.772757,14.975,10,201111,114
112.888061,24.772757,14.9,10,201111,115
112.900898,24.772757,14.45,10,201111,116
112.913735,24.772757,13.8,10,201111,117
112.926572,24.772757,13.175,10,201111,118
112.939409,24.772757,12.425,10,201111,119
112.952246,24.772757,12.425,10,201111,120
112.965083,24.772757,13.35,10,201111,121
112.97792,24.772757,13.975,10,201111,122
112.836713,24.781227,16.475,10,201111,123
112.84955,24.781227,15.925,10,201111,124
112.862387,24.781227,15.175,10,201111,125
112.875224,24.781227,14.275,10,201111,126
112.888061,24.781227,14.2,10,201111,127
112.900898,24.781227,14.1,10,201111,128
112.913735,24.781227,13.55,10,201111,129
112.926572,24.781227,13.075,10,201111,130
112.939409,24.781227,12.474999999999998,10,201111,131
112.952246,24.781227,12.15,10,201111,132
112.965083,24.781227,13.0,10,201111,133
112.97792,24.781227,13.975,10,201111,134
112.84955,24.789697,15.65,10,201111,135
112.862387,24.789697,15.0,10,201111,136
112.875224,24.789697,14.375,10,201111,137
112.888061,24.789697,14.05,10,201111,138
112.900898,24.789697,13.85,10,201111,139
112.913735,24.789697,13.15,10,201111,140
112.926572,24.789697,12.5,10,201111,141
112.939409,24.789697,12.1,10,201111,142
112.952246,24.789697,12.05,10,201111,143
112.965083,24.789697,12.775,10,201111,144
112.97792,24.789697,13.725,10,201111,145
112.84955,24.798167,15.5,10,201111,146
112.862387,24.798167,15.099999999999998,10,201111,147
112.875224,24.798167,15.075,10,201111,148
112.888061,24.798167,14.525,10,201111,149
112.900898,24.798167,13.925,10,201111,150
112.913735,24.798167,13.275,10,201111,151
112.926572,24.798167,12.6,10,201111,152
112.939409,24.798167,12.1,10,201111,153
112.952246,24.798167,11.825,10,201111,154
112.965083,24.798167,12.325,10,201111,155
112.97792,24.798167,12.925,10,201111,156
112.875224,24.806637,15.7,10,201111,157
112.888061,24.806637,15.2,10,201111,158
112.900898,24.806637,14.425,10,201111,159
112.913735,24.806637,13.55,10,201111,160
112.926572,24.806637,12.9,10,201111,161
112.939409,24.806637,12.425,10,201111,162
112.952246,24.806637,11.975,10,201111,163
112.965083,24.806637,12.175,10,201111,164
112.97792,24.806637,12.9,10,201111,165
112.875224,24.815107,15.85,10,201111,166
112.888061,24.815107,15.325,10,201111,167
112.900898,24.815107,14.45,10,201111,168
112.913735,24.815107,13.525,10,201111,169
112.926572,24.815107,12.75,10,201111,170
112.939409,24.815107,12.249999999999998,10,201111,171
112.952246,24.815107,12.025,10,201111,172
112.965083,24.815107,12.675,10,201111,173
112.875224,24.823577,15.625,10,201111,174
112.888061,24.823577,15.35,10,201111,175
112.900898,24.823577,14.275,10,201111,176
112.913735,24.823577,13.5,10,201111,177
112.926572,24.823577,12.55,10,201111,178
112.939409,24.823577,12.15,10,201111,179
112.952246,24.823577,12.025,10,201111,180
112.965083,24.823577,12.675,10,201111,181
112.888061,24.832047,15.400000000000002,10,201111,182
112.900898,24.832047,14.15,10,201111,183
112.913735,24.832047,13.750000000000002,10,201111,184
112.888061,24.840517,15.525,10,201111,185
112.888061,24.848987,15.525,10,201111,186
112.952246,24.688057,6.925,11,201112,1
112.965083,24.688057,7.35,11,201112,2
112.97792,24.688057,7.775,11,201112,3
112.862387,24.696527,7.95,11,201112,4
112.888061,24.696527,5.7,11,201112,5
112.939409,24.696527,6.275,11,201112,6
112.952246,24.696527,6.675,11,201112,7
112.965083,24.696527,7.324999999999999,11,201112,8
112.97792,24.696527,7.774999999999999,11,201112,9
112.990757,24.696527,7.824999999999999,11,201112,10
113.003594,24.696527,7.75,11,201112,11
113.016431,24.696527,7.75,11,201112,12
112.84955,24.704997,8.225,11,201112,13
112.862387,24.704997,8.025,11,201112,14
112.875224,24.704997,6.875,11,201112,15
112.888061,24.704997,6.0,11,201112,16
112.900898,24.704997,4.675,11,201112,17
112.913735,24.704997,5.15,11,201112,18
112.926572,24.704997,5.799999999999999,11,201112,19
112.939409,24.704997,6.15,11,201112,20
112.952246,24.704997,6.625,11,201112,21
112.965083,24.704997,7.125,11,201112,22
112.97792,24.704997,7.575,11,201112,23
112.990757,24.704997,7.699999999999999,11,201112,24
113.003594,24.704997,7.75,11,201112,25
113.016431,24.704997,7.75,11,201112,26
112.84955,24.713467,7.949999999999999,11,201112,27
112.862387,24.713467,7.375,11,201112,28
112.875224,24.713467,5.825,11,201112,29
112.888061,24.713467,5.25,11,201112,30
112.900898,24.713467,4.699999999999999,11,201112,31
112.913735,24.713467,5.2,11,201112,32
112.926572,24.713467,5.7,11,201112,33
112.939409,24.713467,6.074999999999999,11,201112,34
112.952246,24.713467,6.575,11,201112,35
112.965083,24.713467,7.075,11,201112,36
112.97792,24.713467,7.399999999999999,11,201112,37
112.990757,24.713467,7.525,11,201112,38
113.003594,24.713467,7.6,11,201112,39
112.84955,24.721937,7.45,11,201112,40
112.862387,24.721937,6.875,11,201112,41
112.875224,24.721937,5.55,11,201112,42
112.888061,24.721937,4.925,11,201112,43
112.900898,24.721937,4.875,11,201112,44
112.913735,24.721937,5.35,11,201112,45
112.926572,24.721937,5.500000000000001,11,201112,46
112.939409,24.721937,5.75,11,201112,47
112.952246,24.721937,6.4,11,201112,48
112.965083,24.721937,6.824999999999999,11,201112,49
112.97792,24.721937,7.25,11,201112,50
112.990757,24.721937,7.3,11,201112,51
113.003594,24.721937,7.475,11,201112,52
112.862387,24.730407,6.9,11,201112,53
112.875224,24.730407,5.775,11,201112,54
112.888061,24.730407,5.425000000000001,11,201112,55
112.900898,24.730407,5.324999999999999,11,201112,56
112.913735,24.730407,5.725,11,201112,57
112.926572,24.730407,5.449999999999999,11,201112,58
112.939409,24.730407,5.925000000000001,11,201112,59
112.952246,24.730407,6.375,11,201112,60
112.965083,24.730407,6.949999999999999,11,201112,61
112.97792,24.730407,7.175,11,201112,62
112.990757,24.730407,7.35,11,201112,63
113.003594,24.730407,7.475,11,201112,64
112.84955,24.738877,7.75,11,201112,65
112.862387,24.738877,7.225,11,201112,66
112.875224,24.738877,6.45,11,201112,67
112.888061,24.738877,6.25,11,201112,68
112.900898,24.738877,6.3500000000000005,11,201112,69
112.913735,24.738877,6.2,11,201112,70
112.926572,24.738877,5.725,11,201112,71
112.939409,24.738877,5.775,11,201112,72
112.952246,24.738877,6.3500000000000005,11,201112,73
112.965083,24.738877,6.925000000000001,11,201112,74
112.97792,24.738877,7.325,11,201112,75
112.990757,24.738877,7.5,11,201112,76
113.003594,24.738877,7.55,11,201112,77
112.84955,24.747347,8.15,11,201112,78
112.862387,24.747347,7.699999999999999,11,201112,79
112.875224,24.747347,7.35,11,201112,80
112.888061,24.747347,6.975,11,201112,81
112.900898,24.747347,6.7,11,201112,82
112.913735,24.747347,6.249999999999999,11,201112,83
112.926572,24.747347,5.875,11,201112,84
112.939409,24.747347,5.725,11,201112,85
112.952246,24.747347,6.225,11,201112,86
112.965083,24.747347,6.875,11,201112,87
112.97792,24.747347,7.35,11,201112,88
112.84955,24.755817,8.7,11,201112,89
112.862387,24.755817,8.375,11,201112,90
112.875224,24.755817,7.925,11,201112,91
112.888061,24.755817,7.324999999999999,11,201112,92
112.900898,24.755817,6.699999999999999,11,201112,93
112.913735,24.755817,6.15,11,201112,94
112.926572,24.755817,5.6000000000000005,11,201112,95
112.939409,24.755817,5.425000000000001,11,201112,96
112.952246,24.755817,6.175000000000001,11,201112,97
112.965083,24.755817,6.65,11,201112,98
112.97792,24.755817,7.2,11,201112,99
112.84955,24.764287,8.9,11,201112,100
112.862387,24.764287,8.55,11,201112,101
112.875224,24.764287,8.025,11,201112,102
112.888061,24.764287,7.575,11,201112,103
112.900898,24.764287,6.949999999999999,11,201112,104
112.913735,24.764287,6.375,11,201112,105
112.926572,24.764287,5.699999999999999,11,201112,106
112.939409,24.764287,5.25,11,201112,107
112.952246,24.764287,5.7250000000000005,11,201112,108
112.965083,24.764287,6.225,11,201112,109
112.97792,24.764287,6.925,11,201112,110
112.836713,24.772757,9.125,11,201112,111
112.84955,24.772757,8.774999999999999,11,201112,112
112.862387,24.772757,8.25,11,201112,113
112.875224,24.772757,7.675,11,201112,114
112.888061,24.772757,7.575,11,201112,115
112.900898,24.772757,7.225,11,201112,116
112.913735,24.772757,6.625,11,201112,117
112.926572,24.772757,6.1,11,201112,118
112.939409,24.772757,5.5,11,201112,119
112.952246,24.772757,5.499999999999999,11,201112,120
112.965083,24.772757,6.300000000000001,11,201112,121
112.97792,24.772757,6.8,11,201112,122
112.836713,24.781227,9.125,11,201112,123
112.84955,24.781227,8.6,11,201112,124
112.862387,24.781227,7.9,11,201112,125
112.875224,24.781227,7.1,11,201112,126
112.888061,24.781227,7.0,11,201112,127
112.900898,24.781227,6.875,11,201112,128
112.913735,24.781227,6.4,11,201112,129
112.926572,24.781227,6.0,11,201112,130
112.939409,24.781227,5.5,11,201112,131
112.952246,24.781227,5.2250000000000005,11,201112,132
112.965083,24.781227,5.950000000000001,11,201112,133
112.97792,24.781227,6.775,11,201112,134
112.84955,24.789697,8.375,11,201112,135
112.862387,24.789697,7.749999999999999,11,201112,136
112.875224,24.789697,7.175000000000001,11,201112,137
112.888061,24.789697,6.875,11,201112,138
112.900898,24.789697,6.675,11,201112,139
112.913735,24.789697,6.074999999999999,11,201112,140
112.926572,24.789697,5.525,11,201112,141
112.939409,24.789697,5.175,11,201112,142
112.952246,24.789697,5.125,11,201112,143
112.965083,24.789697,5.75,11,201112,144
112.97792,24.789697,6.575,11,201112,145
112.84955,24.798167,8.225,11,201112,146
112.862387,24.798167,7.85,11,201112,147
112.875224,24.798167,7.75,11,201112,148
112.888061,24.798167,7.25,11,201112,149
112.900898,24.798167,6.699999999999999,11,201112,150
112.913735,24.798167,6.175,11,201112,151
112.926572,24.798167,5.625,11,201112,152
112.939409,24.798167,5.175000000000001,11,201112,153
112.952246,24.798167,4.925,11,201112,154
112.965083,24.798167,5.35,11,201112,155
112.97792,24.798167,5.9,11,201112,156
112.875224,24.806637,8.274999999999999,11,201112,157
112.888061,24.806637,7.825,11,201112,158
112.900898,24.806637,7.125,11,201112,159
112.913735,24.806637,6.375,11,201112,160
112.926572,24.806637,5.8500000000000005,11,201112,161
112.939409,24.806637,5.425,11,201112,162
112.952246,24.806637,5.025,11,201112,163
112.965083,24.806637,5.25,11,201112,164
112.97792,24.806637,5.875,11,201112,165
112.875224,24.815107,8.375,11,201112,166
112.888061,24.815107,7.899999999999999,11,201112,167
112.900898,24.815107,7.125,11,201112,168
112.913735,24.815107,6.325,11,201112,169
112.926572,24.815107,5.7,11,201112,170
112.939409,24.815107,5.225,11,201112,171
112.952246,24.815107,5.025,11,201112,172
112.965083,24.815107,5.625,11,201112,173
112.875224,24.823577,8.15,11,201112,174
112.888061,24.823577,7.9,11,201112,175
112.900898,24.823577,6.95,11,201112,176
112.913735,24.823577,6.275,11,201112,177
112.926572,24.823577,5.5,11,201112,178
112.939409,24.823577,5.1,11,201112,179
112.952246,24.823577,5.025,11,201112,180
112.965083,24.823577,5.625,11,201112,181
112.888061,24.832047,7.925000000000001,11,201112,182
112.900898,24.832047,6.824999999999999,11,201112,183
112.913735,24.832047,6.475,11,201112,184
112.888061,24.840517,8.024999999999999,11,201112,185
112.888061,24.848987,8.024999999999999,11,201112,186
