经度,纬度,温度,时间步长,月份
112.952246,24.688057,5.275,0,200401
112.965083,24.688057,5.7,0,200401
112.97792,24.688057,6.125,0,200401
112.862387,24.696527,6.3,0,200401
112.888061,24.696527,3.975,0,200401
112.939409,24.696527,4.575000000000001,0,200401
112.952246,24.696527,5.025,0,200401
112.965083,24.696527,5.675,0,200401
112.97792,24.696527,6.125,0,200401
112.990757,24.696527,6.175000000000001,0,200401
113.003594,24.696527,6.15,0,200401
113.016431,24.696527,6.125,0,200401
112.84955,24.704997,6.575,0,200401
112.862387,24.704997,6.375,0,200401
112.875224,24.704997,5.225,0,200401
112.888061,24.704997,4.325,0,200401
112.900898,24.704997,2.9,0,200401
112.913735,24.704997,3.425,0,200401
112.926572,24.704997,4.1,0,200401
112.939409,24.704997,4.45,0,200401
112.952246,24.704997,4.95,0,200401
112.965083,24.704997,5.475,0,200401
112.97792,24.704997,5.925,0,200401
112.990757,24.704997,6.05,0,200401
113.003594,24.704997,6.15,0,200401
113.016431,24.704997,6.124999999999999,0,200401
112.84955,24.713467,6.275,0,200401
112.862387,24.713467,5.65,0,200401
112.875224,24.713467,4.125,0,200401
112.888061,24.713467,3.575,0,200401
112.900898,24.713467,2.95,0,200401
112.913735,24.713467,3.475,0,200401
112.926572,24.713467,4.0,0,200401
112.939409,24.713467,4.375,0,200401
112.952246,24.713467,4.875,0,200401
112.965083,24.713467,5.449999999999999,0,200401
112.97792,24.713467,5.75,0,200401
112.990757,24.713467,5.8500000000000005,0,200401
113.003594,24.713467,5.975,0,200401
112.84955,24.721937,5.75,0,200401
112.862387,24.721937,5.125,0,200401
112.875224,24.721937,3.775,0,200401
112.888061,24.721937,3.15,0,200401
112.900898,24.721937,3.075,0,200401
112.913735,24.721937,3.55,0,200401
112.926572,24.721937,3.8,0,200401
112.939409,24.721937,4.05,0,200401
112.952246,24.721937,4.699999999999999,0,200401
112.965083,24.721937,5.15,0,200401
112.97792,24.721937,5.6,0,200401
112.990757,24.721937,5.674999999999999,0,200401
113.003594,24.721937,5.85,0,200401
112.862387,24.730407,5.15,0,200401
112.875224,24.730407,3.975,0,200401
112.888061,24.730407,3.625,0,200401
112.900898,24.730407,3.475,0,200401
112.913735,24.730407,3.925,0,200401
112.926572,24.730407,3.675,0,200401
112.939409,24.730407,4.125,0,200401
112.952246,24.730407,4.625,0,200401
112.965083,24.730407,5.175,0,200401
112.97792,24.730407,5.45,0,200401
112.990757,24.730407,5.675000000000001,0,200401
113.003594,24.730407,5.875,0,200401
112.84955,24.738877,6.050000000000001,0,200401
112.862387,24.738877,5.5,0,200401
112.875224,24.738877,4.675,0,200401
112.888061,24.738877,4.475,0,200401
112.900898,24.738877,4.574999999999999,0,200401
112.913735,24.738877,4.4,0,200401
112.926572,24.738877,3.9,0,200401
112.939409,24.738877,3.95,0,200401
112.952246,24.738877,4.55,0,200401
112.965083,24.738877,5.15,0,200401
112.97792,24.738877,5.574999999999999,0,200401
112.990757,24.738877,5.775,0,200401
113.003594,24.738877,5.875000000000001,0,200401
112.84955,24.747347,6.475,0,200401
112.862387,24.747347,6.0,0,200401
112.875224,24.747347,5.625,0,200401
112.888061,24.747347,5.2250000000000005,0,200401
112.900898,24.747347,4.975,0,200401
112.913735,24.747347,4.475,0,200401
112.926572,24.747347,4.05,0,200401
112.939409,24.747347,3.875,0,200401
112.952246,24.747347,4.425,0,200401
112.965083,24.747347,5.1,0,200401
112.97792,24.747347,5.65,0,200401
112.84955,24.755817,7.075,0,200401
112.862387,24.755817,6.699999999999999,0,200401
112.875224,24.755817,6.275,0,200401
112.888061,24.755817,5.625,0,200401
112.900898,24.755817,4.975,0,200401
112.913735,24.755817,4.375,0,200401
112.926572,24.755817,3.825,0,200401
112.939409,24.755817,3.625,0,200401
112.952246,24.755817,4.375,0,200401
112.965083,24.755817,4.875,0,200401
112.97792,24.755817,5.5,0,200401
112.84955,24.764287,7.375,0,200401
112.862387,24.764287,6.949999999999999,0,200401
112.875224,24.764287,6.425,0,200401
112.888061,24.764287,5.925,0,200401
112.900898,24.764287,5.3,0,200401
112.913735,24.764287,4.7,0,200401
112.926572,24.764287,3.975,0,200401
112.939409,24.764287,3.5,0,200401
112.952246,24.764287,3.95,0,200401
112.965083,24.764287,4.425,0,200401
112.97792,24.764287,5.2,0,200401
112.836713,24.772757,7.6,0,200401
112.84955,24.772757,7.274999999999999,0,200401
112.862387,24.772757,6.7,0,200401
112.875224,24.772757,6.125,0,200401
112.888061,24.772757,5.975,0,200401
112.900898,24.772757,5.550000000000001,0,200401
112.913735,24.772757,4.95,0,200401
112.926572,24.772757,4.375,0,200401
112.939409,24.772757,3.75,0,200401
112.952246,24.772757,3.75,0,200401
112.965083,24.772757,4.575,0,200401
112.97792,24.772757,5.075,0,200401
112.836713,24.781227,7.575,0,200401
112.84955,24.781227,7.1,0,200401
112.862387,24.781227,6.35,0,200401
112.875224,24.781227,5.5,0,200401
112.888061,24.781227,5.35,0,200401
112.900898,24.781227,5.25,0,200401
112.913735,24.781227,4.75,0,200401
112.926572,24.781227,4.300000000000001,0,200401
112.939409,24.781227,3.775,0,200401
112.952246,24.781227,3.45,0,200401
112.965083,24.781227,4.225,0,200401
112.97792,24.781227,5.050000000000001,0,200401
112.84955,24.789697,6.825,0,200401
112.862387,24.789697,6.175,0,200401
112.875224,24.789697,5.550000000000001,0,200401
112.888061,24.789697,5.2,0,200401
112.900898,24.789697,5.0,0,200401
112.913735,24.789697,4.375,0,200401
112.926572,24.789697,3.8,0,200401
112.939409,24.789697,3.4,0,200401
112.952246,24.789697,3.325,0,200401
112.965083,24.789697,4.0,0,200401
112.97792,24.789697,4.875,0,200401
112.84955,24.798167,6.65,0,200401
112.862387,24.798167,6.25,0,200401
112.875224,24.798167,6.175,0,200401
112.888061,24.798167,5.625,0,200401
112.900898,24.798167,5.05,0,200401
112.913735,24.798167,4.475,0,200401
112.926572,24.798167,3.9,0,200401
112.939409,24.798167,3.375,0,200401
112.952246,24.798167,3.125,0,200401
112.965083,24.798167,3.625,0,200401
112.97792,24.798167,4.15,0,200401
112.875224,24.806637,6.725,0,200401
112.888061,24.806637,6.225,0,200401
112.900898,24.806637,5.5,0,200401
112.913735,24.806637,4.699999999999999,0,200401
112.926572,24.806637,4.15,0,200401
112.939409,24.806637,3.65,0,200401
112.952246,24.806637,3.275,0,200401
112.965083,24.806637,3.475,0,200401
112.97792,24.806637,4.125,0,200401
112.875224,24.815107,6.825,0,200401
112.888061,24.815107,6.324999999999999,0,200401
112.900898,24.815107,5.5,0,200401
112.913735,24.815107,4.65,0,200401
112.926572,24.815107,4.0,0,200401
112.939409,24.815107,3.475,0,200401
112.952246,24.815107,3.275,0,200401
112.965083,24.815107,3.9,0,200401
112.875224,24.823577,6.575,0,200401
112.888061,24.823577,6.3,0,200401
112.900898,24.823577,5.325,0,200401
112.913735,24.823577,4.6000000000000005,0,200401
112.926572,24.823577,3.8,0,200401
112.939409,24.823577,3.35,0,200401
112.952246,24.823577,3.275,0,200401
112.965083,24.823577,3.875,0,200401
112.888061,24.832047,6.325,0,200401
112.900898,24.832047,5.175,0,200401
112.913735,24.832047,4.8,0,200401
112.888061,24.840517,6.425,0,200401
112.888061,24.848987,6.425,0,200401
112.952246,24.688057,8.125,1,200402
112.965083,24.688057,8.575,1,200402
112.97792,24.688057,9.05,1,200402
112.862387,24.696527,9.175,1,200402
112.888061,24.696527,6.75,1,200402
112.939409,24.696527,7.399999999999999,1,200402
112.952246,24.696527,7.85,1,200402
112.965083,24.696527,8.575,1,200402
112.97792,24.696527,9.05,1,200402
112.990757,24.696527,9.1,1,200402
113.003594,24.696527,9.05,1,200402
113.016431,24.696527,9.075,1,200402
112.84955,24.704997,9.425,1,200402
112.862387,24.704997,9.25,1,200402
112.875224,24.704997,8.049999999999999,1,200402
112.888061,24.704997,7.1,1,200402
112.900898,24.704997,5.7,1,200402
112.913735,24.704997,6.2,1,200402
112.926572,24.704997,6.9,1,200402
112.939409,24.704997,7.25,1,200402
112.952246,24.704997,7.800000000000001,1,200402
112.965083,24.704997,8.375,1,200402
112.97792,24.704997,8.85,1,200402
112.990757,24.704997,8.975,1,200402
113.003594,24.704997,9.05,1,200402
113.016431,24.704997,9.075,1,200402
112.84955,24.713467,9.1,1,200402
112.862387,24.713467,8.5,1,200402
112.875224,24.713467,6.925,1,200402
112.888061,24.713467,6.35,1,200402
112.900898,24.713467,5.699999999999999,1,200402
112.913735,24.713467,6.25,1,200402
112.926572,24.713467,6.800000000000001,1,200402
112.939409,24.713467,7.200000000000001,1,200402
112.952246,24.713467,7.75,1,200402
112.965083,24.713467,8.35,1,200402
112.97792,24.713467,8.674999999999999,1,200402
112.990757,24.713467,8.775,1,200402
113.003594,24.713467,8.9,1,200402
112.84955,24.721937,8.575,1,200402
112.862387,24.721937,7.949999999999999,1,200402
112.875224,24.721937,6.575,1,200402
112.888061,24.721937,5.925,1,200402
112.900898,24.721937,5.824999999999999,1,200402
112.913735,24.721937,6.3500000000000005,1,200402
112.926572,24.721937,6.6,1,200402
112.939409,24.721937,6.875,1,200402
112.952246,24.721937,7.574999999999999,1,200402
112.965083,24.721937,8.05,1,200402
112.97792,24.721937,8.55,1,200402
112.990757,24.721937,8.575,1,200402
113.003594,24.721937,8.8,1,200402
112.862387,24.730407,8.024999999999999,1,200402
112.875224,24.730407,6.800000000000001,1,200402
112.888061,24.730407,6.45,1,200402
112.900898,24.730407,6.300000000000001,1,200402
112.913735,24.730407,6.775,1,200402
112.926572,24.730407,6.5,1,200402
112.939409,24.730407,6.949999999999999,1,200402
112.952246,24.730407,7.475,1,200402
112.965083,24.730407,8.1,1,200402
112.97792,24.730407,8.4,1,200402
112.990757,24.730407,8.6,1,200402
113.003594,24.730407,8.825000000000001,1,200402
112.84955,24.738877,8.95,1,200402
112.862387,24.738877,8.375,1,200402
112.875224,24.738877,7.55,1,200402
112.888061,24.738877,7.35,1,200402
112.900898,24.738877,7.449999999999999,1,200402
112.913735,24.738877,7.275,1,200402
112.926572,24.738877,6.75,1,200402
112.939409,24.738877,6.75,1,200402
112.952246,24.738877,7.4,1,200402
112.965083,24.738877,8.05,1,200402
112.97792,24.738877,8.5,1,200402
112.990757,24.738877,8.725,1,200402
113.003594,24.738877,8.825,1,200402
112.84955,24.747347,9.375,1,200402
112.862387,24.747347,8.9,1,200402
112.875224,24.747347,8.549999999999999,1,200402
112.888061,24.747347,8.149999999999999,1,200402
112.900898,24.747347,7.875,1,200402
112.913735,24.747347,7.35,1,200402
112.926572,24.747347,6.924999999999999,1,200402
112.939409,24.747347,6.699999999999999,1,200402
112.952246,24.747347,7.275,1,200402
112.965083,24.747347,7.975,1,200402
112.97792,24.747347,8.55,1,200402
112.84955,24.755817,9.975,1,200402
112.862387,24.755817,9.65,1,200402
112.875224,24.755817,9.2,1,200402
112.888061,24.755817,8.575000000000001,1,200402
112.900898,24.755817,7.9,1,200402
112.913735,24.755817,7.25,1,200402
112.926572,24.755817,6.699999999999999,1,200402
112.939409,24.755817,6.425000000000001,1,200402
112.952246,24.755817,7.225,1,200402
112.965083,24.755817,7.774999999999999,1,200402
112.97792,24.755817,8.4,1,200402
112.84955,24.764287,10.275,1,200402
112.862387,24.764287,9.9,1,200402
112.875224,24.764287,9.375,1,200402
112.888061,24.764287,8.925,1,200402
112.900898,24.764287,8.25,1,200402
112.913735,24.764287,7.575,1,200402
112.926572,24.764287,6.875,1,200402
112.939409,24.764287,6.299999999999999,1,200402
112.952246,24.764287,6.775,1,200402
112.965083,24.764287,7.274999999999999,1,200402
112.97792,24.764287,8.1,1,200402
112.836713,24.772757,10.5,1,200402
112.84955,24.772757,10.125,1,200402
112.862387,24.772757,9.575,1,200402
112.875224,24.772757,9.025,1,200402
112.888061,24.772757,8.95,1,200402
112.900898,24.772757,8.55,1,200402
112.913735,24.772757,7.875000000000001,1,200402
112.926572,24.772757,7.3,1,200402
112.939409,24.772757,6.575,1,200402
112.952246,24.772757,6.55,1,200402
112.965083,24.772757,7.375,1,200402
112.97792,24.772757,7.949999999999999,1,200402
112.836713,24.781227,10.45,1,200402
112.84955,24.781227,9.925,1,200402
112.862387,24.781227,9.2,1,200402
112.875224,24.781227,8.4,1,200402
112.888061,24.781227,8.325,1,200402
112.900898,24.781227,8.200000000000001,1,200402
112.913735,24.781227,7.649999999999999,1,200402
112.926572,24.781227,7.199999999999999,1,200402
112.939409,24.781227,6.6,1,200402
112.952246,24.781227,6.275,1,200402
112.965083,24.781227,7.050000000000001,1,200402
112.97792,24.781227,7.949999999999999,1,200402
112.84955,24.789697,9.65,1,200402
112.862387,24.789697,9.025,1,200402
112.875224,24.789697,8.45,1,200402
112.888061,24.789697,8.15,1,200402
112.900898,24.789697,7.95,1,200402
112.913735,24.789697,7.3,1,200402
112.926572,24.789697,6.675,1,200402
112.939409,24.789697,6.25,1,200402
112.952246,24.789697,6.2,1,200402
112.965083,24.789697,6.875,1,200402
112.97792,24.789697,7.774999999999999,1,200402
112.84955,24.798167,9.5,1,200402
112.862387,24.798167,9.125,1,200402
112.875224,24.798167,9.075,1,200402
112.888061,24.798167,8.575,1,200402
112.900898,24.798167,8.025,1,200402
112.913735,24.798167,7.45,1,200402
112.926572,24.798167,6.775,1,200402
112.939409,24.798167,6.25,1,200402
112.952246,24.798167,5.9750000000000005,1,200402
112.965083,24.798167,6.449999999999999,1,200402
112.97792,24.798167,7.050000000000001,1,200402
112.875224,24.806637,9.65,1,200402
112.888061,24.806637,9.2,1,200402
112.900898,24.806637,8.5,1,200402
112.913735,24.806637,7.699999999999999,1,200402
112.926572,24.806637,7.05,1,200402
112.939409,24.806637,6.55,1,200402
112.952246,24.806637,6.1000000000000005,1,200402
112.965083,24.806637,6.325,1,200402
112.97792,24.806637,7.025,1,200402
112.875224,24.815107,9.75,1,200402
112.888061,24.815107,9.275,1,200402
112.900898,24.815107,8.5,1,200402
112.913735,24.815107,7.625,1,200402
112.926572,24.815107,6.9,1,200402
112.939409,24.815107,6.35,1,200402
112.952246,24.815107,6.074999999999999,1,200402
112.965083,24.815107,6.75,1,200402
112.875224,24.823577,9.5,1,200402
112.888061,24.823577,9.225,1,200402
112.900898,24.823577,8.275,1,200402
112.913735,24.823577,7.524999999999999,1,200402
112.926572,24.823577,6.699999999999999,1,200402
112.939409,24.823577,6.2,1,200402
112.952246,24.823577,6.075,1,200402
112.965083,24.823577,6.725,1,200402
112.888061,24.832047,9.275,1,200402
112.900898,24.832047,8.125,1,200402
112.913735,24.832047,7.725,1,200402
112.888061,24.840517,9.4,1,200402
112.888061,24.848987,9.4,1,200402
112.952246,24.688057,10.625,2,200403
112.965083,24.688057,11.075,2,200403
112.97792,24.688057,11.575,2,200403
112.862387,24.696527,11.975,2,200403
112.888061,24.696527,9.325,2,200403
112.939409,24.696527,9.9,2,200403
112.952246,24.696527,10.35,2,200403
112.965083,24.696527,11.125,2,200403
112.97792,24.696527,11.575,2,200403
112.990757,24.696527,11.725,2,200403
113.003594,24.696527,11.7,2,200403
113.016431,24.696527,11.725,2,200403
112.84955,24.704997,12.35,2,200403
112.862387,24.704997,12.1,2,200403
112.875224,24.704997,10.725,2,200403
112.888061,24.704997,9.7,2,200403
112.900898,24.704997,8.2,2,200403
112.913735,24.704997,8.7,2,200403
112.926572,24.704997,9.425,2,200403
112.939409,24.704997,9.775,2,200403
112.952246,24.704997,10.35,2,200403
112.965083,24.704997,10.975,2,200403
112.97792,24.704997,11.425,2,200403
112.990757,24.704997,11.625,2,200403
113.003594,24.704997,11.7,2,200403
113.016431,24.704997,11.725,2,200403
112.84955,24.713467,12.025,2,200403
112.862387,24.713467,11.3,2,200403
112.875224,24.713467,9.525,2,200403
112.888061,24.713467,8.875,2,200403
112.900898,24.713467,8.225,2,200403
112.913735,24.713467,8.8,2,200403
112.926572,24.713467,9.375,2,200403
112.939409,24.713467,9.75,2,200403
112.952246,24.713467,10.275,2,200403
112.965083,24.713467,10.9,2,200403
112.97792,24.713467,11.275,2,200403
112.990757,24.713467,11.425,2,200403
113.003594,24.713467,11.575,2,200403
112.84955,24.721937,11.425,2,200403
112.862387,24.721937,10.7,2,200403
112.875224,24.721937,9.15,2,200403
112.888061,24.721937,8.45,2,200403
112.900898,24.721937,8.350000000000001,2,200403
112.913735,24.721937,8.875,2,200403
112.926572,24.721937,9.15,2,200403
112.939409,24.721937,9.425,2,200403
112.952246,24.721937,10.1,2,200403
112.965083,24.721937,10.625,2,200403
112.97792,24.721937,11.175,2,200403
112.990757,24.721937,11.25,2,200403
113.003594,24.721937,11.475,2,200403
112.862387,24.730407,10.725,2,200403
112.875224,24.730407,9.375,2,200403
112.888061,24.730407,9.0,2,200403
112.900898,24.730407,8.8,2,200403
112.913735,24.730407,9.3,2,200403
112.926572,24.730407,9.0,2,200403
112.939409,24.730407,9.525,2,200403
112.952246,24.730407,10.05,2,200403
112.965083,24.730407,10.7,2,200403
112.97792,24.730407,11.05,2,200403
112.990757,24.730407,11.25,2,200403
113.003594,24.730407,11.525,2,200403
112.84955,24.738877,11.825,2,200403
112.862387,24.738877,11.1,2,200403
112.875224,24.738877,10.15,2,200403
112.888061,24.738877,9.925,2,200403
112.900898,24.738877,10.025,2,200403
112.913735,24.738877,9.8,2,200403
112.926572,24.738877,9.275,2,200403
112.939409,24.738877,9.35,2,200403
112.952246,24.738877,10.0,2,200403
112.965083,24.738877,10.65,2,200403
112.97792,24.738877,11.15,2,200403
112.990757,24.738877,11.4,2,200403
113.003594,24.738877,11.525,2,200403
112.84955,24.747347,12.3,2,200403
112.862387,24.747347,11.7,2,200403
112.875224,24.747347,11.25,2,200403
112.888061,24.747347,10.775000000000002,2,200403
112.900898,24.747347,10.45,2,200403
112.913735,24.747347,9.85,2,200403
112.926572,24.747347,9.45,2,200403
112.939409,24.747347,9.275,2,200403
112.952246,24.747347,9.875,2,200403
112.965083,24.747347,10.575,2,200403
112.97792,24.747347,11.175,2,200403
112.84955,24.755817,12.95,2,200403
112.862387,24.755817,12.5,2,200403
112.875224,24.755817,11.975,2,200403
112.888061,24.755817,11.2,2,200403
112.900898,24.755817,10.475,2,200403
112.913735,24.755817,9.75,2,200403
112.926572,24.755817,9.225,2,200403
112.939409,24.755817,9.0,2,200403
112.952246,24.755817,9.825,2,200403
112.965083,24.755817,10.375,2,200403
112.97792,24.755817,11.0,2,200403
112.84955,24.764287,13.275,2,200403
112.862387,24.764287,12.8,2,200403
112.875224,24.764287,12.175,2,200403
112.888061,24.764287,11.575,2,200403
112.900898,24.764287,10.825,2,200403
112.913735,24.764287,10.1,2,200403
112.926572,24.764287,9.4,2,200403
112.939409,24.764287,8.85,2,200403
112.952246,24.764287,9.35,2,200403
112.965083,24.764287,9.875,2,200403
112.97792,24.764287,10.7,2,200403
112.836713,24.772757,13.525,2,200403
112.84955,24.772757,13.15,2,200403
112.862387,24.772757,12.525,2,200403
112.875224,24.772757,11.825,2,200403
112.888061,24.772757,11.6,2,200403
112.900898,24.772757,11.125,2,200403
112.913735,24.772757,10.45,2,200403
112.926572,24.772757,9.85,2,200403
112.939409,24.772757,9.125,2,200403
112.952246,24.772757,9.125,2,200403
112.965083,24.772757,10.0,2,200403
112.97792,24.772757,10.6,2,200403
112.836713,24.781227,13.475,2,200403
112.84955,24.781227,12.875,2,200403
112.862387,24.781227,12.075,2,200403
112.875224,24.781227,11.1,2,200403
112.888061,24.781227,10.9,2,200403
112.900898,24.781227,10.75,2,200403
112.913735,24.781227,10.2,2,200403
112.926572,24.781227,9.7,2,200403
112.939409,24.781227,9.125,2,200403
112.952246,24.781227,8.85,2,200403
112.965083,24.781227,9.65,2,200403
112.97792,24.781227,10.625,2,200403
112.84955,24.789697,12.575,2,200403
112.862387,24.789697,11.9,2,200403
112.875224,24.789697,11.15,2,200403
112.888061,24.789697,10.7,2,200403
112.900898,24.789697,10.45,2,200403
112.913735,24.789697,9.775,2,200403
112.926572,24.789697,9.125,2,200403
112.939409,24.789697,8.725,2,200403
112.952246,24.789697,8.725000000000001,2,200403
112.965083,24.789697,9.45,2,200403
112.97792,24.789697,10.4,2,200403
112.84955,24.798167,12.400000000000002,2,200403
112.862387,24.798167,12.0,2,200403
112.875224,24.798167,11.85,2,200403
112.888061,24.798167,11.2,2,200403
112.900898,24.798167,10.525,2,200403
112.913735,24.798167,9.875,2,200403
112.926572,24.798167,9.2,2,200403
112.939409,24.798167,8.7,2,200403
112.952246,24.798167,8.45,2,200403
112.965083,24.798167,8.95,2,200403
112.97792,24.798167,9.55,2,200403
112.875224,24.806637,12.45,2,200403
112.888061,24.806637,11.875,2,200403
112.900898,24.806637,11.05,2,200403
112.913735,24.806637,10.175,2,200403
112.926572,24.806637,9.525,2,200403
112.939409,24.806637,9.025,2,200403
112.952246,24.806637,8.600000000000001,2,200403
112.965083,24.806637,8.825,2,200403
112.97792,24.806637,9.525,2,200403
112.875224,24.815107,12.55,2,200403
112.888061,24.815107,12.000000000000002,2,200403
112.900898,24.815107,11.075,2,200403
112.913735,24.815107,10.125,2,200403
112.926572,24.815107,9.35,2,200403
112.939409,24.815107,8.825,2,200403
112.952246,24.815107,8.575,2,200403
112.965083,24.815107,9.25,2,200403
112.875224,24.823577,12.25,2,200403
112.888061,24.823577,11.95,2,200403
112.900898,24.823577,10.875,2,200403
112.913735,24.823577,10.075,2,200403
112.926572,24.823577,9.125,2,200403
112.939409,24.823577,8.675,2,200403
112.952246,24.823577,8.575,2,200403
112.965083,24.823577,9.225,2,200403
112.888061,24.832047,11.975,2,200403
112.900898,24.832047,10.725,2,200403
112.913735,24.832047,10.3,2,200403
112.888061,24.840517,12.1,2,200403
112.888061,24.848987,12.1,2,200403
112.952246,24.688057,16.5,3,200404
112.965083,24.688057,17.0,3,200404
112.97792,24.688057,17.525,3,200404
112.862387,24.696527,17.675,3,200404
112.888061,24.696527,14.9,3,200404
112.939409,24.696527,15.7,3,200404
112.952246,24.696527,16.2,3,200404
112.965083,24.696527,16.975,3,200404
112.97792,24.696527,17.525,3,200404
112.990757,24.696527,17.625,3,200404
113.003594,24.696527,17.625,3,200404
113.016431,24.696527,17.674999999999997,3,200404
112.84955,24.704997,18.025,3,200404
112.862387,24.704997,17.775,3,200404
112.875224,24.704997,16.375,3,200404
112.888061,24.704997,15.3,3,200404
112.900898,24.704997,13.7,3,200404
112.913735,24.704997,14.3,3,200404
112.926572,24.704997,15.125,3,200404
112.939409,24.704997,15.525,3,200404
112.952246,24.704997,16.15,3,200404
112.965083,24.704997,16.775,3,200404
112.97792,24.704997,17.3,3,200404
112.990757,24.704997,17.475,3,200404
113.003594,24.704997,17.625,3,200404
113.016431,24.704997,17.675,3,200404
112.84955,24.713467,17.675,3,200404
112.862387,24.713467,16.925,3,200404
112.875224,24.713467,15.075,3,200404
112.888061,24.713467,14.425,3,200404
112.900898,24.713467,13.775,3,200404
112.913735,24.713467,14.4,3,200404
112.926572,24.713467,15.025,3,200404
112.939409,24.713467,15.499999999999998,3,200404
112.952246,24.713467,16.075000000000003,3,200404
112.965083,24.713467,16.725,3,200404
112.97792,24.713467,17.125,3,200404
112.990757,24.713467,17.275,3,200404
113.003594,24.713467,17.425,3,200404
112.84955,24.721937,17.05,3,200404
112.862387,24.721937,16.299999999999997,3,200404
112.875224,24.721937,14.675,3,200404
112.888061,24.721937,13.975,3,200404
112.900898,24.721937,13.95,3,200404
112.913735,24.721937,14.5,3,200404
112.926572,24.721937,14.8,3,200404
112.939409,24.721937,15.124999999999998,3,200404
112.952246,24.721937,15.85,3,200404
112.965083,24.721937,16.425,3,200404
112.97792,24.721937,17.0,3,200404
112.990757,24.721937,17.075000000000003,3,200404
113.003594,24.721937,17.325,3,200404
112.862387,24.730407,16.35,3,200404
112.875224,24.730407,14.95,3,200404
112.888061,24.730407,14.599999999999998,3,200404
112.900898,24.730407,14.45,3,200404
112.913735,24.730407,14.975,3,200404
112.926572,24.730407,14.675,3,200404
112.939409,24.730407,15.225,3,200404
112.952246,24.730407,15.775,3,200404
112.965083,24.730407,16.5,3,200404
112.97792,24.730407,16.85,3,200404
112.990757,24.730407,17.125,3,200404
113.003594,24.730407,17.4,3,200404
112.84955,24.738877,17.5,3,200404
112.862387,24.738877,16.825,3,200404
112.875224,24.738877,15.825,3,200404
112.888061,24.738877,15.625,3,200404
112.900898,24.738877,15.775,3,200404
112.913735,24.738877,15.525,3,200404
112.926572,24.738877,14.95,3,200404
112.939409,24.738877,15.0,3,200404
112.952246,24.738877,15.725,3,200404
112.965083,24.738877,16.45,3,200404
112.97792,24.738877,17.0,3,200404
112.990757,24.738877,17.3,3,200404
113.003594,24.738877,17.425,3,200404
112.84955,24.747347,18.025,3,200404
112.862387,24.747347,17.475,3,200404
112.875224,24.747347,17.0,3,200404
112.888061,24.747347,16.525,3,200404
112.900898,24.747347,16.224999999999998,3,200404
112.913735,24.747347,15.6,3,200404
112.926572,24.747347,15.125,3,200404
112.939409,24.747347,14.9,3,200404
112.952246,24.747347,15.599999999999998,3,200404
112.965083,24.747347,16.4,3,200404
112.97792,24.747347,17.075,3,200404
112.84955,24.755817,18.725,3,200404
112.862387,24.755817,18.325,3,200404
112.875224,24.755817,17.775,3,200404
112.888061,24.755817,16.974999999999998,3,200404
112.900898,24.755817,16.224999999999998,3,200404
112.913735,24.755817,15.475,3,200404
112.926572,24.755817,14.85,3,200404
112.939409,24.755817,14.6,3,200404
112.952246,24.755817,15.525,3,200404
112.965083,24.755817,16.15,3,200404
112.97792,24.755817,16.875,3,200404
112.84955,24.764287,19.1,3,200404
112.862387,24.764287,18.65,3,200404
112.875224,24.764287,18.0,3,200404
112.888061,24.764287,17.375,3,200404
112.900898,24.764287,16.6,3,200404
112.913735,24.764287,15.849999999999998,3,200404
112.926572,24.764287,15.025,3,200404
112.939409,24.764287,14.45,3,200404
112.952246,24.764287,14.975,3,200404
112.965083,24.764287,15.625,3,200404
112.97792,24.764287,16.55,3,200404
112.836713,24.772757,19.4,3,200404
112.84955,24.772757,18.950000000000003,3,200404
112.862387,24.772757,18.3,3,200404
112.875224,24.772757,17.599999999999998,3,200404
112.888061,24.772757,17.424999999999997,3,200404
112.900898,24.772757,16.949999999999996,3,200404
112.913735,24.772757,16.2,3,200404
112.926572,24.772757,15.55,3,200404
112.939409,24.772757,14.8,3,200404
112.952246,24.772757,14.75,3,200404
112.965083,24.772757,15.775,3,200404
112.97792,24.772757,16.45,3,200404
112.836713,24.781227,19.425,3,200404
112.84955,24.781227,18.775,3,200404
112.862387,24.781227,17.9,3,200404
112.875224,24.781227,16.85,3,200404
112.888061,24.781227,16.675,3,200404
112.900898,24.781227,16.55,3,200404
112.913735,24.781227,15.95,3,200404
112.926572,24.781227,15.45,3,200404
112.939409,24.781227,14.825,3,200404
112.952246,24.781227,14.45,3,200404
112.965083,24.781227,15.375,3,200404
112.97792,24.781227,16.45,3,200404
112.84955,24.789697,18.5,3,200404
112.862387,24.789697,17.725,3,200404
112.875224,24.789697,16.95,3,200404
112.888061,24.789697,16.525,3,200404
112.900898,24.789697,16.299999999999997,3,200404
112.913735,24.789697,15.55,3,200404
112.926572,24.789697,14.875,3,200404
112.939409,24.789697,14.425,3,200404
112.952246,24.789697,14.35,3,200404
112.965083,24.789697,15.175,3,200404
112.97792,24.789697,16.2,3,200404
112.84955,24.798167,18.325,3,200404
112.862387,24.798167,17.85,3,200404
112.875224,24.798167,17.75,3,200404
112.888061,24.798167,17.075000000000003,3,200404
112.900898,24.798167,16.375,3,200404
112.913735,24.798167,15.675,3,200404
112.926572,24.798167,14.975,3,200404
112.939409,24.798167,14.4,3,200404
112.952246,24.798167,14.15,3,200404
112.965083,24.798167,14.7,3,200404
112.97792,24.798167,15.35,3,200404
112.875224,24.806637,18.425,3,200404
112.888061,24.806637,17.825000000000003,3,200404
112.900898,24.806637,16.950000000000003,3,200404
112.913735,24.806637,15.975,3,200404
112.926572,24.806637,15.3,3,200404
112.939409,24.806637,14.75,3,200404
112.952246,24.806637,14.3,3,200404
112.965083,24.806637,14.55,3,200404
112.97792,24.806637,15.325,3,200404
112.875224,24.815107,18.55,3,200404
112.888061,24.815107,17.975,3,200404
112.900898,24.815107,16.975,3,200404
112.913735,24.815107,15.925,3,200404
112.926572,24.815107,15.1,3,200404
112.939409,24.815107,14.525,3,200404
112.952246,24.815107,14.3,3,200404
112.965083,24.815107,15.025,3,200404
112.875224,24.823577,18.25,3,200404
112.888061,24.823577,17.925,3,200404
112.900898,24.823577,16.75,3,200404
112.913735,24.823577,15.85,3,200404
112.926572,24.823577,14.875,3,200404
112.939409,24.823577,14.4,3,200404
112.952246,24.823577,14.3,3,200404
112.965083,24.823577,15.025,3,200404
112.888061,24.832047,17.95,3,200404
112.900898,24.832047,16.575,3,200404
112.913735,24.832047,16.1,3,200404
112.888061,24.840517,18.075,3,200404
112.888061,24.848987,18.075,3,200404
112.952246,24.688057,19.9,4,200405
112.965083,24.688057,20.5,4,200405
112.97792,24.688057,21.1,4,200405
112.862387,24.696527,21.25,4,200405
112.888061,24.696527,18.15,4,200405
112.939409,24.696527,19.0,4,200405
112.952246,24.696527,19.55,4,200405
112.965083,24.696527,20.5,4,200405
112.97792,24.696527,21.1,4,200405
112.990757,24.696527,21.3,4,200405
113.003594,24.696527,21.3,4,200405
113.016431,24.696527,21.3,4,200405
112.84955,24.704997,21.65,4,200405
112.862387,24.704997,21.375,4,200405
112.875224,24.704997,19.775,4,200405
112.888061,24.704997,18.575000000000003,4,200405
112.900898,24.704997,16.9,4,200405
112.913735,24.704997,17.5,4,200405
112.926572,24.704997,18.425,4,200405
112.939409,24.704997,18.825000000000003,4,200405
112.952246,24.704997,19.5,4,200405
112.965083,24.704997,20.3,4,200405
112.97792,24.704997,20.9,4,200405
112.990757,24.704997,21.15,4,200405
113.003594,24.704997,21.3,4,200405
113.016431,24.704997,21.3,4,200405
112.84955,24.713467,21.25,4,200405
112.862387,24.713467,20.45,4,200405
112.875224,24.713467,18.45,4,200405
112.888061,24.713467,17.7,4,200405
112.900898,24.713467,16.974999999999998,4,200405
112.913735,24.713467,17.6,4,200405
112.926572,24.713467,18.3,4,200405
112.939409,24.713467,18.775,4,200405
112.952246,24.713467,19.425,4,200405
112.965083,24.713467,20.225,4,200405
112.97792,24.713467,20.725,4,200405
112.990757,24.713467,20.95,4,200405
113.003594,24.713467,21.1,4,200405
112.84955,24.721937,20.575,4,200405
112.862387,24.721937,19.775,4,200405
112.875224,24.721937,18.025,4,200405
112.888061,24.721937,17.225,4,200405
112.900898,24.721937,17.15,4,200405
112.913735,24.721937,17.724999999999998,4,200405
112.926572,24.721937,18.025,4,200405
112.939409,24.721937,18.4,4,200405
112.952246,24.721937,19.225,4,200405
112.965083,24.721937,19.875,4,200405
112.97792,24.721937,20.575,4,200405
112.990757,24.721937,20.725,4,200405
113.003594,24.721937,21.0,4,200405
112.862387,24.730407,19.8,4,200405
112.875224,24.730407,18.3,4,200405
112.888061,24.730407,17.85,4,200405
112.900898,24.730407,17.7,4,200405
112.913735,24.730407,18.25,4,200405
112.926572,24.730407,17.875,4,200405
112.939409,24.730407,18.5,4,200405
112.952246,24.730407,19.175,4,200405
112.965083,24.730407,19.950000000000003,4,200405
112.97792,24.730407,20.4,4,200405
112.990757,24.730407,20.725,4,200405
113.003594,24.730407,21.05,4,200405
112.84955,24.738877,21.05,4,200405
112.862387,24.738877,20.275,4,200405
112.875224,24.738877,19.2,4,200405
112.888061,24.738877,18.950000000000003,4,200405
112.900898,24.738877,19.075,4,200405
112.913735,24.738877,18.825,4,200405
112.926572,24.738877,18.2,4,200405
112.939409,24.738877,18.3,4,200405
112.952246,24.738877,19.1,4,200405
112.965083,24.738877,19.9,4,200405
112.97792,24.738877,20.55,4,200405
112.990757,24.738877,20.9,4,200405
113.003594,24.738877,21.05,4,200405
112.84955,24.747347,21.65,4,200405
112.862387,24.747347,21.0,4,200405
112.875224,24.747347,20.475,4,200405
112.888061,24.747347,19.925,4,200405
112.900898,24.747347,19.575,4,200405
112.913735,24.747347,18.9,4,200405
112.926572,24.747347,18.425000000000004,4,200405
112.939409,24.747347,18.200000000000003,4,200405
112.952246,24.747347,18.95,4,200405
112.965083,24.747347,19.85,4,200405
112.97792,24.747347,20.625,4,200405
112.84955,24.755817,22.475,4,200405
112.862387,24.755817,21.975,4,200405
112.875224,24.755817,21.35,4,200405
112.888061,24.755817,20.45,4,200405
112.900898,24.755817,19.6,4,200405
112.913735,24.755817,18.8,4,200405
112.926572,24.755817,18.1,4,200405
112.939409,24.755817,17.85,4,200405
112.952246,24.755817,18.85,4,200405
112.965083,24.755817,19.575,4,200405
112.97792,24.755817,20.4,4,200405
112.84955,24.764287,22.875,4,200405
112.862387,24.764287,22.325,4,200405
112.875224,24.764287,21.6,4,200405
112.888061,24.764287,20.9,4,200405
112.900898,24.764287,20.025,4,200405
112.913735,24.764287,19.200000000000003,4,200405
112.926572,24.764287,18.3,4,200405
112.939409,24.764287,17.700000000000003,4,200405
112.952246,24.764287,18.25,4,200405
112.965083,24.764287,18.975,4,200405
112.97792,24.764287,20.0,4,200405
112.836713,24.772757,23.2,4,200405
112.84955,24.772757,22.700000000000003,4,200405
112.862387,24.772757,21.925,4,200405
112.875224,24.772757,21.15,4,200405
112.888061,24.772757,20.950000000000003,4,200405
112.900898,24.772757,20.425,4,200405
112.913735,24.772757,19.6,4,200405
112.926572,24.772757,18.825,4,200405
112.939409,24.772757,18.0,4,200405
112.952246,24.772757,18.0,4,200405
112.965083,24.772757,19.1,4,200405
112.97792,24.772757,19.85,4,200405
112.836713,24.781227,23.175,4,200405
112.84955,24.781227,22.475,4,200405
112.862387,24.781227,21.5,4,200405
112.875224,24.781227,20.35,4,200405
112.888061,24.781227,20.175,4,200405
112.900898,24.781227,20.0,4,200405
112.913735,24.781227,19.3,4,200405
112.926572,24.781227,18.725,4,200405
112.939409,24.781227,18.05,4,200405
112.952246,24.781227,17.700000000000003,4,200405
112.965083,24.781227,18.675,4,200405
112.97792,24.781227,19.825000000000003,4,200405
112.84955,24.789697,22.125,4,200405
112.862387,24.789697,21.3,4,200405
112.875224,24.789697,20.45,4,200405
112.888061,24.789697,19.975,4,200405
112.900898,24.789697,19.700000000000003,4,200405
112.913735,24.789697,18.875,4,200405
112.926572,24.789697,18.125,4,200405
112.939409,24.789697,17.625,4,200405
112.952246,24.789697,17.575,4,200405
112.965083,24.789697,18.4,4,200405
112.97792,24.789697,19.55,4,200405
112.84955,24.798167,21.925,4,200405
112.862387,24.798167,21.450000000000003,4,200405
112.875224,24.798167,21.275,4,200405
112.888061,24.798167,20.525,4,200405
112.900898,24.798167,19.775,4,200405
112.913735,24.798167,19.025,4,200405
112.926572,24.798167,18.225,4,200405
112.939409,24.798167,17.6,4,200405
112.952246,24.798167,17.35,4,200405
112.965083,24.798167,17.9,4,200405
112.97792,24.798167,18.6,4,200405
112.875224,24.806637,22.025,4,200405
112.888061,24.806637,21.35,4,200405
112.900898,24.806637,20.325,4,200405
112.913735,24.806637,19.325000000000003,4,200405
112.926572,24.806637,18.55,4,200405
112.939409,24.806637,17.950000000000003,4,200405
112.952246,24.806637,17.5,4,200405
112.965083,24.806637,17.725,4,200405
112.97792,24.806637,18.575,4,200405
112.875224,24.815107,22.125,4,200405
112.888061,24.815107,21.425,4,200405
112.900898,24.815107,20.325000000000003,4,200405
112.913735,24.815107,19.225,4,200405
112.926572,24.815107,18.35,4,200405
112.939409,24.815107,17.75,4,200405
112.952246,24.815107,17.450000000000003,4,200405
112.965083,24.815107,18.25,4,200405
112.875224,24.823577,21.725,4,200405
112.888061,24.823577,21.35,4,200405
112.900898,24.823577,20.05,4,200405
112.913735,24.823577,19.1,4,200405
112.926572,24.823577,18.1,4,200405
112.939409,24.823577,17.575,4,200405
112.952246,24.823577,17.45,4,200405
112.965083,24.823577,18.225,4,200405
112.888061,24.832047,21.4,4,200405
112.900898,24.832047,19.875,4,200405
112.913735,24.832047,19.35,4,200405
112.888061,24.840517,21.55,4,200405
112.888061,24.848987,21.55,4,200405
112.952246,24.688057,22.6,5,200406
112.965083,24.688057,23.200000000000003,5,200406
112.97792,24.688057,23.8,5,200406
112.862387,24.696527,23.875,5,200406
112.888061,24.696527,20.825000000000003,5,200406
112.939409,24.696527,21.65,5,200406
112.952246,24.696527,22.25,5,200406
112.965083,24.696527,23.200000000000003,5,200406
112.97792,24.696527,23.8,5,200406
112.990757,24.696527,23.975,5,200406
113.003594,24.696527,23.975,5,200406
113.016431,24.696527,24.0,5,200406
112.84955,24.704997,24.3,5,200406
112.862387,24.704997,23.975,5,200406
112.875224,24.704997,22.425,5,200406
112.888061,24.704997,21.25,5,200406
112.900898,24.704997,19.5,5,200406
112.913735,24.704997,20.15,5,200406
112.926572,24.704997,21.05,5,200406
112.939409,24.704997,21.500000000000004,5,200406
112.952246,24.704997,22.200000000000003,5,200406
112.965083,24.704997,23.0,5,200406
112.97792,24.704997,23.6,5,200406
112.990757,24.704997,23.8,5,200406
113.003594,24.704997,23.975,5,200406
113.016431,24.704997,24.0,5,200406
112.84955,24.713467,23.9,5,200406
112.862387,24.713467,23.05,5,200406
112.875224,24.713467,21.05,5,200406
112.888061,24.713467,20.325,5,200406
112.900898,24.713467,19.575,5,200406
112.913735,24.713467,20.275,5,200406
112.926572,24.713467,20.975,5,200406
112.939409,24.713467,21.425,5,200406
112.952246,24.713467,22.125,5,200406
112.965083,24.713467,22.925,5,200406
112.97792,24.713467,23.4,5,200406
112.990757,24.713467,23.55,5,200406
113.003594,24.713467,23.750000000000004,5,200406
112.84955,24.721937,23.225,5,200406
112.862387,24.721937,22.4,5,200406
112.875224,24.721937,20.65,5,200406
112.888061,24.721937,19.875,5,200406
112.900898,24.721937,19.8,5,200406
112.913735,24.721937,20.425,5,200406
112.926572,24.721937,20.725,5,200406
112.939409,24.721937,21.05,5,200406
112.952246,24.721937,21.9,5,200406
112.965083,24.721937,22.575000000000003,5,200406
112.97792,24.721937,23.25,5,200406
112.990757,24.721937,23.35,5,200406
113.003594,24.721937,23.65,5,200406
112.862387,24.730407,22.475,5,200406
112.875224,24.730407,20.95,5,200406
112.888061,24.730407,20.525,5,200406
112.900898,24.730407,20.35,5,200406
112.913735,24.730407,20.925,5,200406
112.926572,24.730407,20.575000000000003,5,200406
112.939409,24.730407,21.175,5,200406
112.952246,24.730407,21.85,5,200406
112.965083,24.730407,22.65,5,200406
112.97792,24.730407,23.1,5,200406
112.990757,24.730407,23.4,5,200406
113.003594,24.730407,23.725,5,200406
112.84955,24.738877,23.725,5,200406
112.862387,24.738877,22.975,5,200406
112.875224,24.738877,21.9,5,200406
112.888061,24.738877,21.65,5,200406
112.900898,24.738877,21.775,5,200406
112.913735,24.738877,21.525,5,200406
112.926572,24.738877,20.9,5,200406
112.939409,24.738877,20.950000000000003,5,200406
112.952246,24.738877,21.775,5,200406
112.965083,24.738877,22.6,5,200406
112.97792,24.738877,23.25,5,200406
112.990757,24.738877,23.6,5,200406
113.003594,24.738877,23.75,5,200406
112.84955,24.747347,24.325,5,200406
112.862387,24.747347,23.7,5,200406
112.875224,24.747347,23.200000000000003,5,200406
112.888061,24.747347,22.65,5,200406
112.900898,24.747347,22.3,5,200406
112.913735,24.747347,21.6,5,200406
112.926572,24.747347,21.1,5,200406
112.939409,24.747347,20.85,5,200406
112.952246,24.747347,21.575000000000003,5,200406
112.965083,24.747347,22.525,5,200406
112.97792,24.747347,23.3,5,200406
112.84955,24.755817,25.15,5,200406
112.862387,24.755817,24.675,5,200406
112.875224,24.755817,24.05,5,200406
112.888061,24.755817,23.15,5,200406
112.900898,24.755817,22.3,5,200406
112.913735,24.755817,21.475,5,200406
112.926572,24.755817,20.8,5,200406
112.939409,24.755817,20.525,5,200406
112.952246,24.755817,21.5,5,200406
112.965083,24.755817,22.25,5,200406
112.97792,24.755817,23.075000000000003,5,200406
112.84955,24.764287,25.55,5,200406
112.862387,24.764287,25.0,5,200406
112.875224,24.764287,24.275,5,200406
112.888061,24.764287,23.6,5,200406
112.900898,24.764287,22.725,5,200406
112.913735,24.764287,21.9,5,200406
112.926572,24.764287,20.975,5,200406
112.939409,24.764287,20.325000000000003,5,200406
112.952246,24.764287,20.925,5,200406
112.965083,24.764287,21.6,5,200406
112.97792,24.764287,22.7,5,200406
112.836713,24.772757,25.825,5,200406
112.84955,24.772757,25.325000000000003,5,200406
112.862387,24.772757,24.6,5,200406
112.875224,24.772757,23.8,5,200406
112.888061,24.772757,23.625,5,200406
112.900898,24.772757,23.125,5,200406
112.913735,24.772757,22.300000000000004,5,200406
112.926572,24.772757,21.525,5,200406
112.939409,24.772757,20.675,5,200406
112.952246,24.772757,20.65,5,200406
112.965083,24.772757,21.725,5,200406
112.97792,24.772757,22.525,5,200406
112.836713,24.781227,25.775,5,200406
112.84955,24.781227,25.025,5,200406
112.862387,24.781227,24.075,5,200406
112.875224,24.781227,22.925000000000004,5,200406
112.888061,24.781227,22.825000000000003,5,200406
112.900898,24.781227,22.7,5,200406
112.913735,24.781227,22.0,5,200406
112.926572,24.781227,21.425,5,200406
112.939409,24.781227,20.7,5,200406
112.952246,24.781227,20.35,5,200406
112.965083,24.781227,21.35,5,200406
112.97792,24.781227,22.525,5,200406
112.84955,24.789697,24.675,5,200406
112.862387,24.789697,23.875,5,200406
112.875224,24.789697,23.05,5,200406
112.888061,24.789697,22.65,5,200406
112.900898,24.789697,22.425,5,200406
112.913735,24.789697,21.575000000000003,5,200406
112.926572,24.789697,20.825000000000003,5,200406
112.939409,24.789697,20.3,5,200406
112.952246,24.789697,20.25,5,200406
112.965083,24.789697,21.1,5,200406
112.97792,24.789697,22.25,5,200406
112.84955,24.798167,24.475,5,200406
112.862387,24.798167,23.975,5,200406
112.875224,24.798167,23.925,5,200406
112.888061,24.798167,23.225,5,200406
112.900898,24.798167,22.525,5,200406
112.913735,24.798167,21.75,5,200406
112.926572,24.798167,20.975,5,200406
112.939409,24.798167,20.3,5,200406
112.952246,24.798167,20.05,5,200406
112.965083,24.798167,20.625,5,200406
112.97792,24.798167,21.325,5,200406
112.875224,24.806637,24.750000000000004,5,200406
112.888061,24.806637,24.075,5,200406
112.900898,24.806637,23.125,5,200406
112.913735,24.806637,22.1,5,200406
112.926572,24.806637,21.325,5,200406
112.939409,24.806637,20.675,5,200406
112.952246,24.806637,20.200000000000003,5,200406
112.965083,24.806637,20.475,5,200406
112.97792,24.806637,21.3,5,200406
112.875224,24.815107,24.9,5,200406
112.888061,24.815107,24.2,5,200406
112.900898,24.815107,23.125000000000004,5,200406
112.913735,24.815107,22.025,5,200406
112.926572,24.815107,21.15,5,200406
112.939409,24.815107,20.450000000000003,5,200406
112.952246,24.815107,20.2,5,200406
112.965083,24.815107,20.975,5,200406
112.875224,24.823577,24.55,5,200406
112.888061,24.823577,24.175,5,200406
112.900898,24.823577,22.85,5,200406
112.913735,24.823577,21.9,5,200406
112.926572,24.823577,20.875,5,200406
112.939409,24.823577,20.3,5,200406
112.952246,24.823577,20.200000000000003,5,200406
112.965083,24.823577,20.975,5,200406
112.888061,24.832047,24.25,5,200406
112.900898,24.832047,22.675,5,200406
112.913735,24.832047,22.15,5,200406
112.888061,24.840517,24.425,5,200406
112.888061,24.848987,24.425,5,200406
112.952246,24.688057,23.6,6,200407
112.965083,24.688057,24.200000000000003,6,200407
112.97792,24.688057,24.8,6,200407
112.862387,24.696527,24.875,6,200407
112.888061,24.696527,21.8,6,200407
112.939409,24.696527,22.625,6,200407
112.952246,24.696527,23.25,6,200407
112.965083,24.696527,24.200000000000003,6,200407
112.97792,24.696527,24.8,6,200407
112.990757,24.696527,24.95,6,200407
113.003594,24.696527,24.925,6,200407
113.016431,24.696527,24.975,6,200407
112.84955,24.704997,25.3,6,200407
112.862387,24.704997,24.975,6,200407
112.875224,24.704997,23.425,6,200407
112.888061,24.704997,22.225,6,200407
112.900898,24.704997,20.5,6,200407
112.913735,24.704997,21.1,6,200407
112.926572,24.704997,22.025,6,200407
112.939409,24.704997,22.45,6,200407
112.952246,24.704997,23.175,6,200407
112.965083,24.704997,23.925,6,200407
112.97792,24.704997,24.55,6,200407
112.990757,24.704997,24.775,6,200407
113.003594,24.704997,24.925,6,200407
113.016431,24.704997,24.975,6,200407
112.84955,24.713467,24.9,6,200407
112.862387,24.713467,24.025,6,200407
112.875224,24.713467,22.05,6,200407
112.888061,24.713467,21.325,6,200407
112.900898,24.713467,20.55,6,200407
112.913735,24.713467,21.2,6,200407
112.926572,24.713467,21.9,6,200407
112.939409,24.713467,22.4,6,200407
112.952246,24.713467,23.1,6,200407
112.965083,24.713467,23.875,6,200407
112.97792,24.713467,24.35,6,200407
112.990757,24.713467,24.55,6,200407
113.003594,24.713467,24.725,6,200407
112.84955,24.721937,24.2,6,200407
112.862387,24.721937,23.35,6,200407
112.875224,24.721937,21.625,6,200407
112.888061,24.721937,20.825,6,200407
112.900898,24.721937,20.725,6,200407
112.913735,24.721937,21.325,6,200407
112.926572,24.721937,21.625,6,200407
112.939409,24.721937,22.0,6,200407
112.952246,24.721937,22.9,6,200407
112.965083,24.721937,23.525,6,200407
112.97792,24.721937,24.2,6,200407
112.990757,24.721937,24.3,6,200407
113.003594,24.721937,24.575000000000003,6,200407
112.862387,24.730407,23.4,6,200407
112.875224,24.730407,21.9,6,200407
112.888061,24.730407,21.475,6,200407
112.900898,24.730407,21.3,6,200407
112.913735,24.730407,21.85,6,200407
112.926572,24.730407,21.475,6,200407
112.939409,24.730407,22.1,6,200407
112.952246,24.730407,22.8,6,200407
112.965083,24.730407,23.625,6,200407
112.97792,24.730407,24.025,6,200407
112.990757,24.730407,24.35,6,200407
113.003594,24.730407,24.65,6,200407
112.84955,24.738877,24.65,6,200407
112.862387,24.738877,23.9,6,200407
112.875224,24.738877,22.85,6,200407
112.888061,24.738877,22.625,6,200407
112.900898,24.738877,22.75,6,200407
112.913735,24.738877,22.475,6,200407
112.926572,24.738877,21.8,6,200407
112.939409,24.738877,21.9,6,200407
112.952246,24.738877,22.700000000000003,6,200407
112.965083,24.738877,23.575,6,200407
112.97792,24.738877,24.225,6,200407
112.990757,24.738877,24.575000000000003,6,200407
113.003594,24.738877,24.725,6,200407
112.84955,24.747347,25.275,6,200407
112.862387,24.747347,24.65,6,200407
112.875224,24.747347,24.175000000000004,6,200407
112.888061,24.747347,23.65,6,200407
112.900898,24.747347,23.25,6,200407
112.913735,24.747347,22.55,6,200407
112.926572,24.747347,22.025,6,200407
112.939409,24.747347,21.8,6,200407
112.952246,24.747347,22.55,6,200407
112.965083,24.747347,23.525,6,200407
112.97792,24.747347,24.3,6,200407
112.84955,24.755817,26.125000000000004,6,200407
112.862387,24.755817,25.675,6,200407
112.875224,24.755817,25.05,6,200407
112.888061,24.755817,24.175,6,200407
112.900898,24.755817,23.275,6,200407
112.913735,24.755817,22.45,6,200407
112.926572,24.755817,21.75,6,200407
112.939409,24.755817,21.450000000000003,6,200407
112.952246,24.755817,22.475,6,200407
112.965083,24.755817,23.25,6,200407
112.97792,24.755817,24.075000000000003,6,200407
112.84955,24.764287,26.55,6,200407
112.862387,24.764287,26.025,6,200407
112.875224,24.764287,25.275,6,200407
112.888061,24.764287,24.625,6,200407
112.900898,24.764287,23.75,6,200407
112.913735,24.764287,22.875,6,200407
112.926572,24.764287,21.975,6,200407
112.939409,24.764287,21.3,6,200407
112.952246,24.764287,21.875,6,200407
112.965083,24.764287,22.6,6,200407
112.97792,24.764287,23.7,6,200407
112.836713,24.772757,26.85,6,200407
112.84955,24.772757,26.325,6,200407
112.862387,24.772757,25.575,6,200407
112.875224,24.772757,24.8,6,200407
112.888061,24.772757,24.675,6,200407
112.900898,24.772757,24.15,6,200407
112.913735,24.772757,23.275,6,200407
112.926572,24.772757,22.5,6,200407
112.939409,24.772757,21.625,6,200407
112.952246,24.772757,21.6,6,200407
112.965083,24.772757,22.75,6,200407
112.97792,24.772757,23.55,6,200407
112.836713,24.781227,26.825,6,200407
112.84955,24.781227,26.025,6,200407
112.862387,24.781227,25.05,6,200407
112.875224,24.781227,23.925000000000004,6,200407
112.888061,24.781227,23.825,6,200407
112.900898,24.781227,23.7,6,200407
112.913735,24.781227,22.975,6,200407
112.926572,24.781227,22.375,6,200407
112.939409,24.781227,21.675,6,200407
112.952246,24.781227,21.3,6,200407
112.965083,24.781227,22.325000000000003,6,200407
112.97792,24.781227,23.55,6,200407
112.84955,24.789697,25.65,6,200407
112.862387,24.789697,24.825,6,200407
112.875224,24.789697,24.025,6,200407
112.888061,24.789697,23.6,6,200407
112.900898,24.789697,23.35,6,200407
112.913735,24.789697,22.5,6,200407
112.926572,24.789697,21.700000000000003,6,200407
112.939409,24.789697,21.200000000000003,6,200407
112.952246,24.789697,21.175,6,200407
112.965083,24.789697,22.075,6,200407
112.97792,24.789697,23.275,6,200407
112.84955,24.798167,25.4,6,200407
112.862387,24.798167,24.925,6,200407
112.875224,24.798167,24.925,6,200407
112.888061,24.798167,24.2,6,200407
112.900898,24.798167,23.425,6,200407
112.913735,24.798167,22.65,6,200407
112.926572,24.798167,21.85,6,200407
112.939409,24.798167,21.2,6,200407
112.952246,24.798167,20.85,6,200407
112.965083,24.798167,21.475,6,200407
112.97792,24.798167,22.25,6,200407
112.875224,24.806637,25.775,6,200407
112.888061,24.806637,25.075,6,200407
112.900898,24.806637,24.075000000000003,6,200407
112.913735,24.806637,23.0,6,200407
112.926572,24.806637,22.225,6,200407
112.939409,24.806637,21.55,6,200407
112.952246,24.806637,21.025,6,200407
112.965083,24.806637,21.325,6,200407
112.97792,24.806637,22.225,6,200407
112.875224,24.815107,25.950000000000003,6,200407
112.888061,24.815107,25.275,6,200407
112.900898,24.815107,24.1,6,200407
112.913735,24.815107,22.950000000000003,6,200407
112.926572,24.815107,22.05,6,200407
112.939409,24.815107,21.325,6,200407
112.952246,24.815107,21.025,6,200407
112.965083,24.815107,21.875,6,200407
112.875224,24.823577,25.625,6,200407
112.888061,24.823577,25.225,6,200407
112.900898,24.823577,23.875,6,200407
112.913735,24.823577,22.875,6,200407
112.926572,24.823577,21.775,6,200407
112.939409,24.823577,21.15,6,200407
112.952246,24.823577,21.025,6,200407
112.965083,24.823577,21.85,6,200407
112.888061,24.832047,25.275,6,200407
112.900898,24.832047,23.700000000000003,6,200407
112.913735,24.832047,23.175,6,200407
112.888061,24.840517,25.425,6,200407
112.888061,24.848987,25.425,6,200407
112.952246,24.688057,23.5,7,200408
112.965083,24.688057,24.1,7,200408
112.97792,24.688057,24.700000000000003,7,200408
112.862387,24.696527,24.75,7,200408
112.888061,24.696527,21.65,7,200408
112.939409,24.696527,22.55,7,200408
112.952246,24.696527,23.15,7,200408
112.965083,24.696527,24.1,7,200408
112.97792,24.696527,24.700000000000003,7,200408
112.990757,24.696527,24.875,7,200408
113.003594,24.696527,24.875,7,200408
113.016431,24.696527,24.9,7,200408
112.84955,24.704997,25.125,7,200408
112.862387,24.704997,24.85,7,200408
112.875224,24.704997,23.3,7,200408
112.888061,24.704997,22.075000000000003,7,200408
112.900898,24.704997,20.4,7,200408
112.913735,24.704997,21.0,7,200408
112.926572,24.704997,21.925,7,200408
112.939409,24.704997,22.375,7,200408
112.952246,24.704997,23.075000000000003,7,200408
112.965083,24.704997,23.825,7,200408
112.97792,24.704997,24.450000000000003,7,200408
112.990757,24.704997,24.675,7,200408
113.003594,24.704997,24.875,7,200408
113.016431,24.704997,24.9,7,200408
112.84955,24.713467,24.725,7,200408
112.862387,24.713467,23.9,7,200408
112.875224,24.713467,21.9,7,200408
112.888061,24.713467,21.2,7,200408
112.900898,24.713467,20.45,7,200408
112.913735,24.713467,21.1,7,200408
112.926572,24.713467,21.8,7,200408
112.939409,24.713467,22.3,7,200408
112.952246,24.713467,23.0,7,200408
112.965083,24.713467,23.75,7,200408
112.97792,24.713467,24.225,7,200408
112.990757,24.713467,24.450000000000003,7,200408
113.003594,24.713467,24.625,7,200408
112.84955,24.721937,24.05,7,200408
112.862387,24.721937,23.225,7,200408
112.875224,24.721937,21.475,7,200408
112.888061,24.721937,20.725,7,200408
112.900898,24.721937,20.625,7,200408
112.913735,24.721937,21.2,7,200408
112.926572,24.721937,21.525,7,200408
112.939409,24.721937,21.9,7,200408
112.952246,24.721937,22.8,7,200408
112.965083,24.721937,23.425,7,200408
112.97792,24.721937,24.075,7,200408
112.990757,24.721937,24.225,7,200408
113.003594,24.721937,24.525,7,200408
112.862387,24.730407,23.3,7,200408
112.875224,24.730407,21.75,7,200408
112.888061,24.730407,21.325,7,200408
112.900898,24.730407,21.15,7,200408
112.913735,24.730407,21.7,7,200408
112.926572,24.730407,21.375,7,200408
112.939409,24.730407,21.975,7,200408
112.952246,24.730407,22.7,7,200408
112.965083,24.730407,23.525,7,200408
112.97792,24.730407,23.925,7,200408
112.990757,24.730407,24.25,7,200408
113.003594,24.730407,24.6,7,200408
112.84955,24.738877,24.55,7,200408
112.862387,24.738877,23.775,7,200408
112.875224,24.738877,22.7,7,200408
112.888061,24.738877,22.450000000000003,7,200408
112.900898,24.738877,22.575,7,200408
112.913735,24.738877,22.3,7,200408
112.926572,24.738877,21.7,7,200408
112.939409,24.738877,21.775,7,200408
112.952246,24.738877,22.6,7,200408
112.965083,24.738877,23.475,7,200408
112.97792,24.738877,24.125,7,200408
112.990757,24.738877,24.475,7,200408
113.003594,24.738877,24.625,7,200408
112.84955,24.747347,25.175,7,200408
112.862387,24.747347,24.525,7,200408
112.875224,24.747347,24.025,7,200408
112.888061,24.747347,23.475,7,200408
112.900898,24.747347,23.1,7,200408
112.913735,24.747347,22.4,7,200408
112.926572,24.747347,21.9,7,200408
112.939409,24.747347,21.65,7,200408
112.952246,24.747347,22.45,7,200408
112.965083,24.747347,23.375,7,200408
112.97792,24.747347,24.175,7,200408
112.84955,24.755817,26.025,7,200408
112.862387,24.755817,25.525,7,200408
112.875224,24.755817,24.925,7,200408
112.888061,24.755817,24.025,7,200408
112.900898,24.755817,23.1,7,200408
112.913735,24.755817,22.275,7,200408
112.926572,24.755817,21.6,7,200408
112.939409,24.755817,21.325,7,200408
112.952246,24.755817,22.35,7,200408
112.965083,24.755817,23.075000000000003,7,200408
112.97792,24.755817,23.925,7,200408
112.84955,24.764287,26.475,7,200408
112.862387,24.764287,25.9,7,200408
112.875224,24.764287,25.175,7,200408
112.888061,24.764287,24.5,7,200408
112.900898,24.764287,23.55,7,200408
112.913735,24.764287,22.700000000000003,7,200408
112.926572,24.764287,21.8,7,200408
112.939409,24.764287,21.175,7,200408
112.952246,24.764287,21.75,7,200408
112.965083,24.764287,22.475,7,200408
112.97792,24.764287,23.55,7,200408
112.836713,24.772757,26.8,7,200408
112.84955,24.772757,26.25,7,200408
112.862387,24.772757,25.45,7,200408
112.875224,24.772757,24.7,7,200408
112.888061,24.772757,24.525,7,200408
112.900898,24.772757,23.950000000000003,7,200408
112.913735,24.772757,23.1,7,200408
112.926572,24.772757,22.325000000000003,7,200408
112.939409,24.772757,21.5,7,200408
112.952246,24.772757,21.5,7,200408
112.965083,24.772757,22.625,7,200408
112.97792,24.772757,23.4,7,200408
112.836713,24.781227,26.775,7,200408
112.84955,24.781227,26.025,7,200408
112.862387,24.781227,24.975,7,200408
112.875224,24.781227,23.85,7,200408
112.888061,24.781227,23.7,7,200408
112.900898,24.781227,23.525,7,200408
112.913735,24.781227,22.8,7,200408
112.926572,24.781227,22.225,7,200408
112.939409,24.781227,21.55,7,200408
112.952246,24.781227,21.175,7,200408
112.965083,24.781227,22.225,7,200408
112.97792,24.781227,23.45,7,200408
112.84955,24.789697,25.65,7,200408
112.862387,24.789697,24.775,7,200408
112.875224,24.789697,23.95,7,200408
112.888061,24.789697,23.475,7,200408
112.900898,24.789697,23.225,7,200408
112.913735,24.789697,22.375,7,200408
112.926572,24.789697,21.625,7,200408
112.939409,24.789697,21.125,7,200408
112.952246,24.789697,21.05,7,200408
112.965083,24.789697,21.950000000000003,7,200408
112.97792,24.789697,23.15,7,200408
112.84955,24.798167,25.450000000000003,7,200408
112.862387,24.798167,24.925,7,200408
112.875224,24.798167,24.875,7,200408
112.888061,24.798167,24.1,7,200408
112.900898,24.798167,23.325000000000003,7,200408
112.913735,24.798167,22.55,7,200408
112.926572,24.798167,21.775,7,200408
112.939409,24.798167,21.125,7,200408
112.952246,24.798167,20.85,7,200408
112.965083,24.798167,21.45,7,200408
112.97792,24.798167,22.175000000000004,7,200408
112.875224,24.806637,25.725,7,200408
112.888061,24.806637,25.0,7,200408
112.900898,24.806637,23.975,7,200408
112.913735,24.806637,22.9,7,200408
112.926572,24.806637,22.125,7,200408
112.939409,24.806637,21.475,7,200408
112.952246,24.806637,21.0,7,200408
112.965083,24.806637,21.275,7,200408
112.97792,24.806637,22.15,7,200408
112.875224,24.815107,25.9,7,200408
112.888061,24.815107,25.175,7,200408
112.900898,24.815107,24.0,7,200408
112.913735,24.815107,22.85,7,200408
112.926572,24.815107,21.950000000000003,7,200408
112.939409,24.815107,21.25,7,200408
112.952246,24.815107,21.0,7,200408
112.965083,24.815107,21.775,7,200408
112.875224,24.823577,25.55,7,200408
112.888061,24.823577,25.125000000000004,7,200408
112.900898,24.823577,23.775,7,200408
112.913735,24.823577,22.8,7,200408
112.926572,24.823577,21.675,7,200408
112.939409,24.823577,21.1,7,200408
112.952246,24.823577,21.0,7,200408
112.965083,24.823577,21.775,7,200408
112.888061,24.832047,25.225,7,200408
112.900898,24.832047,23.6,7,200408
112.913735,24.832047,23.1,7,200408
112.888061,24.840517,25.4,7,200408
112.888061,24.848987,25.4,7,200408
112.952246,24.688057,20.700000000000003,8,200409
112.965083,24.688057,21.325,8,200409
112.97792,24.688057,21.95,8,200409
112.862387,24.696527,21.975,8,200409
112.888061,24.696527,18.9,8,200409
112.939409,24.696527,19.725,8,200409
112.952246,24.696527,20.35,8,200409
112.965083,24.696527,21.3,8,200409
112.97792,24.696527,21.95,8,200409
112.990757,24.696527,22.1,8,200409
113.003594,24.696527,22.15,8,200409
113.016431,24.696527,22.200000000000003,8,200409
112.84955,24.704997,22.425,8,200409
112.862387,24.704997,22.1,8,200409
112.875224,24.704997,20.5,8,200409
112.888061,24.704997,19.325,8,200409
112.900898,24.704997,17.6,8,200409
112.913735,24.704997,18.200000000000003,8,200409
112.926572,24.704997,19.125,8,200409
112.939409,24.704997,19.55,8,200409
112.952246,24.704997,20.275,8,200409
112.965083,24.704997,21.025,8,200409
112.97792,24.704997,21.675,8,200409
112.990757,24.704997,21.95,8,200409
113.003594,24.704997,22.15,8,200409
113.016431,24.704997,22.2,8,200409
112.84955,24.713467,22.025,8,200409
112.862387,24.713467,21.15,8,200409
112.875224,24.713467,19.1,8,200409
112.888061,24.713467,18.425,8,200409
112.900898,24.713467,17.625,8,200409
112.913735,24.713467,18.275,8,200409
112.926572,24.713467,19.0,8,200409
112.939409,24.713467,19.475,8,200409
112.952246,24.713467,20.175,8,200409
112.965083,24.713467,20.95,8,200409
112.97792,24.713467,21.450000000000003,8,200409
112.990757,24.713467,21.700000000000003,8,200409
113.003594,24.713467,21.9,8,200409
112.84955,24.721937,21.3,8,200409
112.862387,24.721937,20.450000000000003,8,200409
112.875224,24.721937,18.65,8,200409
112.888061,24.721937,17.9,8,200409
112.900898,24.721937,17.8,8,200409
112.913735,24.721937,18.4,8,200409
112.926572,24.721937,18.725,8,200409
112.939409,24.721937,19.075,8,200409
112.952246,24.721937,19.925,8,200409
112.965083,24.721937,20.575,8,200409
112.97792,24.721937,21.275,8,200409
112.990757,24.721937,21.45,8,200409
113.003594,24.721937,21.75,8,200409
112.862387,24.730407,20.5,8,200409
112.875224,24.730407,18.95,8,200409
112.888061,24.730407,18.525,8,200409
112.900898,24.730407,18.35,8,200409
112.913735,24.730407,18.9,8,200409
112.926572,24.730407,18.575000000000003,8,200409
112.939409,24.730407,19.15,8,200409
112.952246,24.730407,19.825,8,200409
112.965083,24.730407,20.675,8,200409
112.97792,24.730407,21.125,8,200409
112.990757,24.730407,21.475,8,200409
113.003594,24.730407,21.8,8,200409
112.84955,24.738877,21.775,8,200409
112.862387,24.738877,20.975,8,200409
112.875224,24.738877,19.9,8,200409
112.888061,24.738877,19.625,8,200409
112.900898,24.738877,19.725,8,200409
112.913735,24.738877,19.475,8,200409
112.926572,24.738877,18.9,8,200409
112.939409,24.738877,18.950000000000003,8,200409
112.952246,24.738877,19.75,8,200409
112.965083,24.738877,20.6,8,200409
112.97792,24.738877,21.275,8,200409
112.990757,24.738877,21.65,8,200409
113.003594,24.738877,21.8,8,200409
112.84955,24.747347,22.4,8,200409
112.862387,24.747347,21.725,8,200409
112.875224,24.747347,21.175,8,200409
112.888061,24.747347,20.6,8,200409
112.900898,24.747347,20.225,8,200409
112.913735,24.747347,19.55,8,200409
112.926572,24.747347,19.075,8,200409
112.939409,24.747347,18.825,8,200409
112.952246,24.747347,19.575,8,200409
112.965083,24.747347,20.525,8,200409
112.97792,24.747347,21.325,8,200409
112.84955,24.755817,23.275,8,200409
112.862387,24.755817,22.725,8,200409
112.875224,24.755817,22.05,8,200409
112.888061,24.755817,21.125,8,200409
112.900898,24.755817,20.275,8,200409
112.913735,24.755817,19.425,8,200409
112.926572,24.755817,18.775,8,200409
112.939409,24.755817,18.5,8,200409
112.952246,24.755817,19.5,8,200409
112.965083,24.755817,20.25,8,200409
112.97792,24.755817,21.1,8,200409
112.84955,24.764287,23.725,8,200409
112.862387,24.764287,23.1,8,200409
112.875224,24.764287,22.3,8,200409
112.888061,24.764287,21.6,8,200409
112.900898,24.764287,20.7,8,200409
112.913735,24.764287,19.85,8,200409
112.926572,24.764287,18.975,8,200409
112.939409,24.764287,18.325000000000003,8,200409
112.952246,24.764287,18.95,8,200409
112.965083,24.764287,19.65,8,200409
112.97792,24.764287,20.725,8,200409
112.836713,24.772757,24.1,8,200409
112.84955,24.772757,23.575000000000003,8,200409
112.862387,24.772757,22.725,8,200409
112.875224,24.772757,21.875,8,200409
112.888061,24.772757,21.675,8,200409
112.900898,24.772757,21.1,8,200409
112.913735,24.772757,20.225,8,200409
112.926572,24.772757,19.5,8,200409
112.939409,24.772757,18.65,8,200409
112.952246,24.772757,18.675,8,200409
112.965083,24.772757,19.775,8,200409
112.97792,24.772757,20.6,8,200409
112.836713,24.781227,24.1,8,200409
112.84955,24.781227,23.35,8,200409
112.862387,24.781227,22.275,8,200409
112.875224,24.781227,21.05,8,200409
112.888061,24.781227,20.875,8,200409
112.900898,24.781227,20.675,8,200409
112.913735,24.781227,19.975,8,200409
112.926572,24.781227,19.4,8,200409
112.939409,24.781227,18.675,8,200409
112.952246,24.781227,18.325000000000003,8,200409
112.965083,24.781227,19.35,8,200409
112.97792,24.781227,20.575000000000003,8,200409
112.84955,24.789697,23.025,8,200409
112.862387,24.789697,22.075,8,200409
112.875224,24.789697,21.175,8,200409
112.888061,24.789697,20.675,8,200409
112.900898,24.789697,20.35,8,200409
112.913735,24.789697,19.5,8,200409
112.926572,24.789697,18.75,8,200409
112.939409,24.789697,18.25,8,200409
112.952246,24.789697,18.2,8,200409
112.965083,24.789697,19.1,8,200409
112.97792,24.789697,20.275,8,200409
112.84955,24.798167,22.8,8,200409
112.862387,24.798167,22.225,8,200409
112.875224,24.798167,22.075,8,200409
112.888061,24.798167,21.275,8,200409
112.900898,24.798167,20.450000000000003,8,200409
112.913735,24.798167,19.7,8,200409
112.926572,24.798167,18.9,8,200409
112.939409,24.798167,18.25,8,200409
112.952246,24.798167,17.95,8,200409
112.965083,24.798167,18.575000000000003,8,200409
112.97792,24.798167,19.3,8,200409
112.875224,24.806637,22.875,8,200409
112.888061,24.806637,22.125,8,200409
112.900898,24.806637,21.075,8,200409
112.913735,24.806637,20.0,8,200409
112.926572,24.806637,19.225,8,200409
112.939409,24.806637,18.6,8,200409
112.952246,24.806637,18.125,8,200409
112.965083,24.806637,18.375,8,200409
112.97792,24.806637,19.275,8,200409
112.875224,24.815107,23.025,8,200409
112.888061,24.815107,22.275,8,200409
112.900898,24.815107,21.1,8,200409
112.913735,24.815107,19.95,8,200409
112.926572,24.815107,19.05,8,200409
112.939409,24.815107,18.35,8,200409
112.952246,24.815107,18.125,8,200409
112.965083,24.815107,18.925,8,200409
112.875224,24.823577,22.675,8,200409
112.888061,24.823577,22.25,8,200409
112.900898,24.823577,20.875,8,200409
112.913735,24.823577,19.875,8,200409
112.926572,24.823577,18.775,8,200409
112.939409,24.823577,18.2,8,200409
112.952246,24.823577,18.125,8,200409
112.965083,24.823577,18.9,8,200409
112.888061,24.832047,22.325,8,200409
112.900898,24.832047,20.700000000000003,8,200409
112.913735,24.832047,20.175,8,200409
112.888061,24.840517,22.5,8,200409
112.888061,24.848987,22.5,8,200409
112.952246,24.688057,16.1,9,200410
112.965083,24.688057,16.675,9,200410
112.97792,24.688057,17.3,9,200410
112.862387,24.696527,17.4,9,200410
112.888061,24.696527,14.45,9,200410
112.939409,24.696527,15.2,9,200410
112.952246,24.696527,15.75,9,200410
112.965083,24.696527,16.675000000000004,9,200410
112.97792,24.696527,17.299999999999997,9,200410
112.990757,24.696527,17.425,9,200410
113.003594,24.696527,17.400000000000002,9,200410
113.016431,24.696527,17.425,9,200410
112.84955,24.704997,17.775,9,200410
112.862387,24.704997,17.525,9,200410
112.875224,24.704997,16.0,9,200410
112.888061,24.704997,14.85,9,200410
112.900898,24.704997,13.15,9,200410
112.913735,24.704997,13.75,9,200410
112.926572,24.704997,14.65,9,200410
112.939409,24.704997,15.05,9,200410
112.952246,24.704997,15.7,9,200410
112.965083,24.704997,16.425,9,200410
112.97792,24.704997,17.05,9,200410
112.990757,24.704997,17.25,9,200410
113.003594,24.704997,17.4,9,200410
113.016431,24.704997,17.425,9,200410
112.84955,24.713467,17.375,9,200410
112.862387,24.713467,16.6,9,200410
112.875224,24.713467,14.625,9,200410
112.888061,24.713467,13.925,9,200410
112.900898,24.713467,13.175,9,200410
112.913735,24.713467,13.825,9,200410
112.926572,24.713467,14.525,9,200410
112.939409,24.713467,14.975,9,200410
112.952246,24.713467,15.625,9,200410
112.965083,24.713467,16.35,9,200410
112.97792,24.713467,16.825000000000003,9,200410
112.990757,24.713467,17.025,9,200410
113.003594,24.713467,17.175,9,200410
112.84955,24.721937,16.675,9,200410
112.862387,24.721937,15.9,9,200410
112.875224,24.721937,14.175,9,200410
112.888061,24.721937,13.4,9,200410
112.900898,24.721937,13.35,9,200410
112.913735,24.721937,13.925,9,200410
112.926572,24.721937,14.225,9,200410
112.939409,24.721937,14.575,9,200410
112.952246,24.721937,15.4,9,200410
112.965083,24.721937,15.999999999999998,9,200410
112.97792,24.721937,16.675,9,200410
112.990757,24.721937,16.8,9,200410
113.003594,24.721937,17.05,9,200410
112.862387,24.730407,15.925,9,200410
112.875224,24.730407,14.425,9,200410
112.888061,24.730407,14.0,9,200410
112.900898,24.730407,13.85,9,200410
112.913735,24.730407,14.4,9,200410
112.926572,24.730407,14.075,9,200410
112.939409,24.730407,14.650000000000002,9,200410
112.952246,24.730407,15.3,9,200410
112.965083,24.730407,16.05,9,200410
112.97792,24.730407,16.5,9,200410
112.990757,24.730407,16.825,9,200410
113.003594,24.730407,17.1,9,200410
112.84955,24.738877,17.1,9,200410
112.862387,24.738877,16.375,9,200410
112.875224,24.738877,15.325,9,200410
112.888061,24.738877,15.075,9,200410
112.900898,24.738877,15.2,9,200410
112.913735,24.738877,14.975,9,200410
112.926572,24.738877,14.400000000000002,9,200410
112.939409,24.738877,14.45,9,200410
112.952246,24.738877,15.2,9,200410
112.965083,24.738877,16.0,9,200410
112.97792,24.738877,16.625,9,200410
112.990757,24.738877,16.95,9,200410
113.003594,24.738877,17.1,9,200410
112.84955,24.747347,17.65,9,200410
112.862387,24.747347,17.05,9,200410
112.875224,24.747347,16.525,9,200410
112.888061,24.747347,16.0,9,200410
112.900898,24.747347,15.675,9,200410
112.913735,24.747347,15.05,9,200410
112.926572,24.747347,14.575,9,200410
112.939409,24.747347,14.375,9,200410
112.952246,24.747347,15.05,9,200410
112.965083,24.747347,15.95,9,200410
112.97792,24.747347,16.675,9,200410
112.84955,24.755817,18.4,9,200410
112.862387,24.755817,17.975,9,200410
112.875224,24.755817,17.35,9,200410
112.888061,24.755817,16.525,9,200410
112.900898,24.755817,15.7,9,200410
112.913735,24.755817,14.925,9,200410
112.926572,24.755817,14.275,9,200410
112.939409,24.755817,14.05,9,200410
112.952246,24.755817,15.0,9,200410
112.965083,24.755817,15.7,9,200410
112.97792,24.755817,16.475,9,200410
112.84955,24.764287,18.775,9,200410
112.862387,24.764287,18.275,9,200410
112.875224,24.764287,17.6,9,200410
112.888061,24.764287,16.95,9,200410
112.900898,24.764287,16.125,9,200410
112.913735,24.764287,15.325,9,200410
112.926572,24.764287,14.475,9,200410
112.939409,24.764287,13.9,9,200410
112.952246,24.764287,14.45,9,200410
112.965083,24.764287,15.1,9,200410
112.97792,24.764287,16.1,9,200410
112.836713,24.772757,19.075000000000003,9,200410
112.84955,24.772757,18.625,9,200410
112.862387,24.772757,17.95,9,200410
112.875224,24.772757,17.2,9,200410
112.888061,24.772757,17.0,9,200410
112.900898,24.772757,16.475,9,200410
112.913735,24.772757,15.675,9,200410
112.926572,24.772757,14.975,9,200410
112.939409,24.772757,14.2,9,200410
112.952246,24.772757,14.175,9,200410
112.965083,24.772757,15.225,9,200410
112.97792,24.772757,15.95,9,200410
112.836713,24.781227,19.075,9,200410
112.84955,24.781227,18.4,9,200410
112.862387,24.781227,17.5,9,200410
112.875224,24.781227,16.450000000000003,9,200410
112.888061,24.781227,16.224999999999998,9,200410
112.900898,24.781227,16.075,9,200410
112.913735,24.781227,15.425,9,200410
112.926572,24.781227,14.875,9,200410
112.939409,24.781227,14.25,9,200410
112.952246,24.781227,13.85,9,200410
112.965083,24.781227,14.85,9,200410
112.97792,24.781227,15.975,9,200410
112.84955,24.789697,18.1,9,200410
112.862387,24.789697,17.325,9,200410
112.875224,24.789697,16.525,9,200410
112.888061,24.789697,16.049999999999997,9,200410
112.900898,24.789697,15.8,9,200410
112.913735,24.789697,15.0,9,200410
112.926572,24.789697,14.275,9,200410
112.939409,24.789697,13.825,9,200410
112.952246,24.789697,13.75,9,200410
112.965083,24.789697,14.575,9,200410
112.97792,24.789697,15.7,9,200410
112.84955,24.798167,17.924999999999997,9,200410
112.862387,24.798167,17.450000000000003,9,200410
112.875224,24.798167,17.325,9,200410
112.888061,24.798167,16.625,9,200410
112.900898,24.798167,15.9,9,200410
112.913735,24.798167,15.15,9,200410
112.926572,24.798167,14.4,9,200410
112.939409,24.798167,13.8,9,200410
112.952246,24.798167,13.55,9,200410
112.965083,24.798167,14.125,9,200410
112.97792,24.798167,14.8,9,200410
112.875224,24.806637,18.05,9,200410
112.888061,24.806637,17.45,9,200410
112.900898,24.806637,16.475,9,200410
112.913735,24.806637,15.45,9,200410
112.926572,24.806637,14.725,9,200410
112.939409,24.806637,14.15,9,200410
112.952246,24.806637,13.7,9,200410
112.965083,24.806637,13.95,9,200410
112.97792,24.806637,14.775,9,200410
112.875224,24.815107,18.2,9,200410
112.888061,24.815107,17.575,9,200410
112.900898,24.815107,16.5,9,200410
112.913735,24.815107,15.4,9,200410
112.926572,24.815107,14.575,9,200410
112.939409,24.815107,13.95,9,200410
112.952246,24.815107,13.7,9,200410
112.965083,24.815107,14.475,9,200410
112.875224,24.823577,17.9,9,200410
112.888061,24.823577,17.55,9,200410
112.900898,24.823577,16.275,9,200410
112.913735,24.823577,15.35,9,200410
112.926572,24.823577,14.325,9,200410
112.939409,24.823577,13.8,9,200410
112.952246,24.823577,13.7,9,200410
112.965083,24.823577,14.475,9,200410
112.888061,24.832047,17.6,9,200410
112.900898,24.832047,16.125,9,200410
112.913735,24.832047,15.625,9,200410
112.888061,24.840517,17.75,9,200410
112.888061,24.848987,17.75,9,200410
112.952246,24.688057,13.3,10,200411
112.965083,24.688057,13.775,10,200411
112.97792,24.688057,14.225,10,200411
112.862387,24.696527,14.325,10,200411
112.888061,24.696527,11.825,10,200411
112.939409,24.696527,12.55,10,200411
112.952246,24.696527,13.025,10,200411
112.965083,24.696527,13.75,10,200411
112.97792,24.696527,14.225,10,200411
112.990757,24.696527,14.3,10,200411
113.003594,24.696527,14.250000000000002,10,200411
113.016431,24.696527,14.25,10,200411
112.84955,24.704997,14.6,10,200411
112.862387,24.704997,14.4,10,200411
112.875224,24.704997,13.125,10,200411
112.888061,24.704997,12.175,10,200411
112.900898,24.704997,10.7,10,200411
112.913735,24.704997,11.225,10,200411
112.926572,24.704997,12.05,10,200411
112.939409,24.704997,12.425,10,200411
112.952246,24.704997,12.974999999999998,10,200411
112.965083,24.704997,13.575,10,200411
112.97792,24.704997,14.025,10,200411
112.990757,24.704997,14.175,10,200411
113.003594,24.704997,14.249999999999998,10,200411
113.016431,24.704997,14.25,10,200411
112.84955,24.713467,14.25,10,200411
112.862387,24.713467,13.6,10,200411
112.875224,24.713467,11.85,10,200411
112.888061,24.713467,11.3,10,200411
112.900898,24.713467,10.725,10,200411
112.913735,24.713467,11.3,10,200411
112.926572,24.713467,11.925,10,200411
112.939409,24.713467,12.3,10,200411
112.952246,24.713467,12.9,10,200411
112.965083,24.713467,13.500000000000002,10,200411
112.97792,24.713467,13.85,10,200411
112.990757,24.713467,13.95,10,200411
113.003594,24.713467,14.075,10,200411
112.84955,24.721937,13.675,10,200411
112.862387,24.721937,13.0,10,200411
112.875224,24.721937,11.45,10,200411
112.888061,24.721937,10.8,10,200411
112.900898,24.721937,10.825,10,200411
112.913735,24.721937,11.4,10,200411
112.926572,24.721937,11.675,10,200411
112.939409,24.721937,11.975,10,200411
112.952246,24.721937,12.7,10,200411
112.965083,24.721937,13.175,10,200411
112.97792,24.721937,13.7,10,200411
112.990757,24.721937,13.75,10,200411
113.003594,24.721937,13.95,10,200411
112.862387,24.730407,13.025,10,200411
112.875224,24.730407,11.7,10,200411
112.888061,24.730407,11.375,10,200411
112.900898,24.730407,11.3,10,200411
112.913735,24.730407,11.875,10,200411
112.926572,24.730407,11.575,10,200411
112.939409,24.730407,12.075,10,200411
112.952246,24.730407,12.650000000000002,10,200411
112.965083,24.730407,13.25,10,200411
112.97792,24.730407,13.55,10,200411
112.990757,24.730407,13.75,10,200411
113.003594,24.730407,14.0,10,200411
112.84955,24.738877,14.0,10,200411
112.862387,24.738877,13.4,10,200411
112.875224,24.738877,12.475,10,200411
112.888061,24.738877,12.35,10,200411
112.900898,24.738877,12.5,10,200411
112.913735,24.738877,12.35,10,200411
112.926572,24.738877,11.85,10,200411
112.939409,24.738877,11.85,10,200411
112.952246,24.738877,12.55,10,200411
112.965083,24.738877,13.225,10,200411
112.97792,24.738877,13.7,10,200411
112.990757,24.738877,13.925,10,200411
113.003594,24.738877,14.025,10,200411
112.84955,24.747347,14.45,10,200411
112.862387,24.747347,13.975,10,200411
112.875224,24.747347,13.575,10,200411
112.888061,24.747347,13.2,10,200411
112.900898,24.747347,12.925,10,200411
112.913735,24.747347,12.400000000000002,10,200411
112.926572,24.747347,12.025000000000002,10,200411
112.939409,24.747347,11.8,10,200411
112.952246,24.747347,12.4,10,200411
112.965083,24.747347,13.175,10,200411
112.97792,24.747347,13.775,10,200411
112.84955,24.755817,15.075,10,200411
112.862387,24.755817,14.725,10,200411
112.875224,24.755817,14.275,10,200411
112.888061,24.755817,13.625,10,200411
112.900898,24.755817,12.925,10,200411
112.913735,24.755817,12.3,10,200411
112.926572,24.755817,11.75,10,200411
112.939409,24.755817,11.5,10,200411
112.952246,24.755817,12.35,10,200411
112.965083,24.755817,12.95,10,200411
112.97792,24.755817,13.6,10,200411
112.84955,24.764287,15.375,10,200411
112.862387,24.764287,14.975,10,200411
112.875224,24.764287,14.45,10,200411
112.888061,24.764287,13.974999999999998,10,200411
112.900898,24.764287,13.25,10,200411
112.913735,24.764287,12.65,10,200411
112.926572,24.764287,11.9,10,200411
112.939409,24.764287,11.325,10,200411
112.952246,24.764287,11.85,10,200411
112.965083,24.764287,12.45,10,200411
112.97792,24.764287,13.3,10,200411
112.836713,24.772757,15.6,10,200411
112.84955,24.772757,15.225,10,200411
112.862387,24.772757,14.65,10,200411
112.875224,24.772757,14.075,10,200411
112.888061,24.772757,14.0,10,200411
112.900898,24.772757,13.55,10,200411
112.913735,24.772757,12.975,10,200411
112.926572,24.772757,12.375,10,200411
112.939409,24.772757,11.625,10,200411
112.952246,24.772757,11.625,10,200411
112.965083,24.772757,12.55,10,200411
112.97792,24.772757,13.175,10,200411
112.836713,24.781227,15.575,10,200411
112.84955,24.781227,15.025,10,200411
112.862387,24.781227,14.275,10,200411
112.875224,24.781227,13.375,10,200411
112.888061,24.781227,13.3,10,200411
112.900898,24.781227,13.2,10,200411
112.913735,24.781227,12.725,10,200411
112.926572,24.781227,12.275,10,200411
112.939409,24.781227,11.675,10,200411
112.952246,24.781227,11.35,10,200411
112.965083,24.781227,12.2,10,200411
112.97792,24.781227,13.175,10,200411
112.84955,24.789697,14.75,10,200411
112.862387,24.789697,14.1,10,200411
112.875224,24.789697,13.475,10,200411
112.888061,24.789697,13.15,10,200411
112.900898,24.789697,12.95,10,200411
112.913735,24.789697,12.325,10,200411
112.926572,24.789697,11.7,10,200411
112.939409,24.789697,11.3,10,200411
112.952246,24.789697,11.25,10,200411
112.965083,24.789697,11.975,10,200411
112.97792,24.789697,12.925,10,200411
112.84955,24.798167,14.6,10,200411
112.862387,24.798167,14.2,10,200411
112.875224,24.798167,14.175,10,200411
112.888061,24.798167,13.625,10,200411
112.900898,24.798167,13.025,10,200411
112.913735,24.798167,12.45,10,200411
112.926572,24.798167,11.8,10,200411
112.939409,24.798167,11.3,10,200411
112.952246,24.798167,11.025,10,200411
112.965083,24.798167,11.525,10,200411
112.97792,24.798167,12.125,10,200411
112.875224,24.806637,14.8,10,200411
112.888061,24.806637,14.3,10,200411
112.900898,24.806637,13.525,10,200411
112.913735,24.806637,12.725,10,200411
112.926572,24.806637,12.1,10,200411
112.939409,24.806637,11.625,10,200411
112.952246,24.806637,11.175,10,200411
112.965083,24.806637,11.375,10,200411
112.97792,24.806637,12.1,10,200411
112.875224,24.815107,14.925,10,200411
112.888061,24.815107,14.4,10,200411
112.900898,24.815107,13.525,10,200411
112.913735,24.815107,12.675,10,200411
112.926572,24.815107,11.925,10,200411
112.939409,24.815107,11.425,10,200411
112.952246,24.815107,11.175,10,200411
112.965083,24.815107,11.85,10,200411
112.875224,24.823577,14.650000000000002,10,200411
112.888061,24.823577,14.375,10,200411
112.900898,24.823577,13.3,10,200411
112.913735,24.823577,12.6,10,200411
112.926572,24.823577,11.7,10,200411
112.939409,24.823577,11.275,10,200411
112.952246,24.823577,11.175,10,200411
112.965083,24.823577,11.825,10,200411
112.888061,24.832047,14.400000000000002,10,200411
112.900898,24.832047,13.15,10,200411
112.913735,24.832047,12.8,10,200411
112.888061,24.840517,14.525,10,200411
112.888061,24.848987,14.525,10,200411
112.952246,24.688057,8.725,11,200412
112.965083,24.688057,9.15,11,200412
112.97792,24.688057,9.575,11,200412
112.862387,24.696527,9.85,11,200412
112.888061,24.696527,7.574999999999999,11,200412
112.939409,24.696527,8.075000000000001,11,200412
112.952246,24.696527,8.475,11,200412
112.965083,24.696527,9.125,11,200412
112.97792,24.696527,9.575,11,200412
112.990757,24.696527,9.625,11,200412
113.003594,24.696527,9.55,11,200412
113.016431,24.696527,9.55,11,200412
112.84955,24.704997,10.1,11,200412
112.862387,24.704997,9.925,11,200412
112.875224,24.704997,8.774999999999999,11,200412
112.888061,24.704997,7.899999999999999,11,200412
112.900898,24.704997,6.5,11,200412
112.913735,24.704997,6.9750000000000005,11,200412
112.926572,24.704997,7.6,11,200412
112.939409,24.704997,7.950000000000001,11,200412
112.952246,24.704997,8.425,11,200412
112.965083,24.704997,8.925,11,200412
112.97792,24.704997,9.375,11,200412
112.990757,24.704997,9.5,11,200412
113.003594,24.704997,9.55,11,200412
113.016431,24.704997,9.55,11,200412
112.84955,24.713467,9.8,11,200412
112.862387,24.713467,9.225,11,200412
112.875224,24.713467,7.699999999999999,11,200412
112.888061,24.713467,7.15,11,200412
112.900898,24.713467,6.574999999999999,11,200412
112.913735,24.713467,7.075000000000001,11,200412
112.926572,24.713467,7.5,11,200412
112.939409,24.713467,7.874999999999999,11,200412
112.952246,24.713467,8.375,11,200412
112.965083,24.713467,8.875,11,200412
112.97792,24.713467,9.2,11,200412
112.990757,24.713467,9.325,11,200412
113.003594,24.713467,9.4,11,200412
112.84955,24.721937,9.25,11,200412
112.862387,24.721937,8.675,11,200412
112.875224,24.721937,7.375,11,200412
112.888061,24.721937,6.75,11,200412
112.900898,24.721937,6.725,11,200412
112.913735,24.721937,7.199999999999999,11,200412
112.926572,24.721937,7.35,11,200412
112.939409,24.721937,7.6,11,200412
112.952246,24.721937,8.2,11,200412
112.965083,24.721937,8.625,11,200412
112.97792,24.721937,9.05,11,200412
112.990757,24.721937,9.1,11,200412
113.003594,24.721937,9.275,11,200412
112.862387,24.730407,8.7,11,200412
112.875224,24.730407,7.574999999999999,11,200412
112.888061,24.730407,7.225,11,200412
112.900898,24.730407,7.125,11,200412
112.913735,24.730407,7.549999999999999,11,200412
112.926572,24.730407,7.3,11,200412
112.939409,24.730407,7.75,11,200412
112.952246,24.730407,8.175,11,200412
112.965083,24.730407,8.75,11,200412
112.97792,24.730407,8.975000000000001,11,200412
112.990757,24.730407,9.15,11,200412
113.003594,24.730407,9.275,11,200412
112.84955,24.738877,9.55,11,200412
112.862387,24.738877,9.025,11,200412
112.875224,24.738877,8.25,11,200412
112.888061,24.738877,8.049999999999999,11,200412
112.900898,24.738877,8.15,11,200412
112.913735,24.738877,8.0,11,200412
112.926572,24.738877,7.525,11,200412
112.939409,24.738877,7.575,11,200412
112.952246,24.738877,8.149999999999999,11,200412
112.965083,24.738877,8.725000000000001,11,200412
112.97792,24.738877,9.125,11,200412
112.990757,24.738877,9.3,11,200412
113.003594,24.738877,9.35,11,200412
112.84955,24.747347,9.925,11,200412
112.862387,24.747347,9.475,11,200412
112.875224,24.747347,9.125,11,200412
112.888061,24.747347,8.75,11,200412
112.900898,24.747347,8.475,11,200412
112.913735,24.747347,8.05,11,200412
112.926572,24.747347,7.674999999999999,11,200412
112.939409,24.747347,7.525,11,200412
112.952246,24.747347,8.025,11,200412
112.965083,24.747347,8.675,11,200412
112.97792,24.747347,9.15,11,200412
112.84955,24.755817,10.45,11,200412
112.862387,24.755817,10.125,11,200412
112.875224,24.755817,9.675,11,200412
112.888061,24.755817,9.075,11,200412
112.900898,24.755817,8.475,11,200412
112.913735,24.755817,7.95,11,200412
112.926572,24.755817,7.4,11,200412
112.939409,24.755817,7.225,11,200412
112.952246,24.755817,7.975,11,200412
112.965083,24.755817,8.45,11,200412
112.97792,24.755817,9.0,11,200412
112.84955,24.764287,10.675,11,200412
112.862387,24.764287,10.325,11,200412
112.875224,24.764287,9.8,11,200412
112.888061,24.764287,9.35,11,200412
112.900898,24.764287,8.725000000000001,11,200412
112.913735,24.764287,8.175,11,200412
112.926572,24.764287,7.5,11,200412
112.939409,24.764287,7.050000000000001,11,200412
112.952246,24.764287,7.5,11,200412
112.965083,24.764287,7.950000000000001,11,200412
112.97792,24.764287,8.675,11,200412
112.836713,24.772757,10.925,11,200412
112.84955,24.772757,10.575,11,200412
112.862387,24.772757,10.05,11,200412
112.875224,24.772757,9.475,11,200412
112.888061,24.772757,9.375,11,200412
112.900898,24.772757,9.025,11,200412
112.913735,24.772757,8.425,11,200412
112.926572,24.772757,7.9,11,200412
112.939409,24.772757,7.3,11,200412
112.952246,24.772757,7.275,11,200412
112.965083,24.772757,8.075000000000001,11,200412
112.97792,24.772757,8.55,11,200412
112.836713,24.781227,10.925,11,200412
112.84955,24.781227,10.4,11,200412
112.862387,24.781227,9.7,11,200412
112.875224,24.781227,8.9,11,200412
112.888061,24.781227,8.8,11,200412
112.900898,24.781227,8.675,11,200412
112.913735,24.781227,8.200000000000001,11,200412
112.926572,24.781227,7.800000000000001,11,200412
112.939409,24.781227,7.3,11,200412
112.952246,24.781227,7.025,11,200412
112.965083,24.781227,7.749999999999999,11,200412
112.97792,24.781227,8.575,11,200412
112.84955,24.789697,10.175,11,200412
112.862387,24.789697,9.55,11,200412
112.875224,24.789697,8.975,11,200412
112.888061,24.789697,8.675,11,200412
112.900898,24.789697,8.475,11,200412
112.913735,24.789697,7.875,11,200412
112.926572,24.789697,7.324999999999999,11,200412
112.939409,24.789697,6.975,11,200412
112.952246,24.789697,6.925,11,200412
112.965083,24.789697,7.55,11,200412
112.97792,24.789697,8.375,11,200412
112.84955,24.798167,10.025,11,200412
112.862387,24.798167,9.65,11,200412
112.875224,24.798167,9.55,11,200412
112.888061,24.798167,9.05,11,200412
112.900898,24.798167,8.5,11,200412
112.913735,24.798167,7.975,11,200412
112.926572,24.798167,7.425000000000001,11,200412
112.939409,24.798167,6.975,11,200412
112.952246,24.798167,6.725,11,200412
112.965083,24.798167,7.15,11,200412
112.97792,24.798167,7.7,11,200412
112.875224,24.806637,10.075,11,200412
112.888061,24.806637,9.625,11,200412
112.900898,24.806637,8.925,11,200412
112.913735,24.806637,8.175,11,200412
112.926572,24.806637,7.65,11,200412
112.939409,24.806637,7.225,11,200412
112.952246,24.806637,6.825,11,200412
112.965083,24.806637,7.050000000000001,11,200412
112.97792,24.806637,7.675,11,200412
112.875224,24.815107,10.175,11,200412
112.888061,24.815107,9.7,11,200412
112.900898,24.815107,8.925,11,200412
112.913735,24.815107,8.125,11,200412
112.926572,24.815107,7.5,11,200412
112.939409,24.815107,7.025,11,200412
112.952246,24.815107,6.825,11,200412
112.965083,24.815107,7.425,11,200412
112.875224,24.823577,9.95,11,200412
112.888061,24.823577,9.7,11,200412
112.900898,24.823577,8.75,11,200412
112.913735,24.823577,8.075,11,200412
112.926572,24.823577,7.3,11,200412
112.939409,24.823577,6.9,11,200412
112.952246,24.823577,6.825,11,200412
112.965083,24.823577,7.425,11,200412
112.888061,24.832047,9.725,11,200412
112.900898,24.832047,8.625,11,200412
112.913735,24.832047,8.275,11,200412
112.888061,24.840517,9.825,11,200412
112.888061,24.848987,9.825,11,200412
